<?xml version="1.0" encoding="UTF-8"?>
<lst>
<num>6</num>
</lst>
<books>
<book>
<DATA_UP_STATUS>I</DATA_UP_STATUS>
<DATA_UP_TIME>2021-05-20 11:16:12.0</DATA_UP_TIME>
<DATA_UP_UUID>2</DATA_UP_UUID>
<DZ>五里界界兴路</DZ>
<LXFS>暂无</LXFS>
<MC>江夏区五里界农业服务中心</MC>
<RS>8</RS>
</book><book>
<DATA_UP_STATUS>I</DATA_UP_STATUS>
<DATA_UP_TIME>2021-05-20 11:16:12.0</DATA_UP_TIME>
<DATA_UP_UUID>62B1A6275CB940F49EDD58C20A46C3D9</DATA_UP_UUID>
<DZ>安山街兴安路248号</DZ>
<LXFS>137****6069</LXFS>
<MC>江夏区安山农业服务中心</MC>
<RS>10</RS>
</book><book>
<DATA_UP_STATUS>I</DATA_UP_STATUS>
<DATA_UP_TIME>2021-05-20 11:16:12.0</DATA_UP_TIME>
<DATA_UP_UUID>3</DATA_UP_UUID>
<DZ>郑店街纸金东路44号</DZ>
<LXFS>暂无</LXFS>
<MC>江夏区郑店农业服务中心</MC>
<RS>9</RS>
</book><book>
<DATA_UP_STATUS>I</DATA_UP_STATUS>
<DATA_UP_TIME>2021-05-20 11:16:12.0</DATA_UP_TIME>
<DATA_UP_UUID>FCA5211BAB6B4D78BE52EEA91C9B1AE8</DATA_UP_UUID>
<DZ>兴新街285号</DZ>
<LXFS>879****5</LXFS>
<MC>江夏区纸坊农业服务中心</MC>
<RS>13</RS>
</book><book>
<DATA_UP_STATUS>I</DATA_UP_STATUS>
<DATA_UP_TIME>2021-05-20 11:16:12.0</DATA_UP_TIME>
<DATA_UP_UUID>1</DATA_UP_UUID>
<DZ>江夏区湖泗街道福桥街99号</DZ>
<LXFS>暂无</LXFS>
<MC>江夏区湖泗农业服务中心</MC>
<RS>9</RS>
</book><book>
<DATA_UP_STATUS>I</DATA_UP_STATUS>
<DATA_UP_TIME>2021-05-20 11:16:12.0</DATA_UP_TIME>
<DATA_UP_UUID>D38BC1770C2C49DDBDC70CBEB72FA045</DATA_UP_UUID>
<DZ>乌龙泉街土地堂社区南街42号</DZ>
<LXFS>135****2086</LXFS>
<MC>江夏区乌龙泉农业服务中心</MC>
<RS>10</RS>
</book>
</books>