﻿data_up_status,data_up_time,data_up_uuid,dz,lxfs,mc,rs
I,2021-05-20 11:16:12.0,2,五里界界兴路,暂无,江夏区五里界农业服务中心,8
I,2021-05-20 11:16:12.0,62B1A6275CB940F49EDD58C20A46C3D9,安山街兴安路248号,137****6069,江夏区安山农业服务中心,10
I,2021-05-20 11:16:12.0,3,郑店街纸金东路44号,暂无,江夏区郑店农业服务中心,9
I,2021-05-20 11:16:12.0,FCA5211BAB6B4D78BE52EEA91C9B1AE8,兴新街285号,879****5,江夏区纸坊农业服务中心,13
I,2021-05-20 11:16:12.0,1,江夏区湖泗街道福桥街99号,暂无,江夏区湖泗农业服务中心,9
I,2021-05-20 11:16:12.0,D38BC1770C2C49DDBDC70CBEB72FA045,乌龙泉街土地堂社区南街42号,135****2086,江夏区乌龙泉农业服务中心,10
