<?xml version="1.0" encoding="UTF-8"?>
<lst>
<num>58</num>
</lst>
<books>
<book>
<AREA>新洲区</AREA>
<DATA_UP_STATUS>I</DATA_UP_STATUS>
<DATA_UP_TIME>2020-09-27</DATA_UP_TIME>
<DATA_UP_UUID>3</DATA_UP_UUID>
<ETL_TIME>2021-04-10 06:53:03.0</ETL_TIME>
<NAME>黄新安</NAME>
<NETWORK_NAME>武汉供销农资辛冲镇黄新安农资农家店</NETWORK_NAME>
<PHONE>13995571598</PHONE>
<SCOPE>所有农资</SCOPE>
<SERIAL_NUMBER>3</SERIAL_NUMBER>
<SITE>武汉市新洲区辛冲镇龙岗村</SITE>
</book><book>
<AREA>新洲区</AREA>
<DATA_UP_STATUS>I</DATA_UP_STATUS>
<DATA_UP_TIME>2020-09-27</DATA_UP_TIME>
<DATA_UP_UUID>8</DATA_UP_UUID>
<ETL_TIME>2021-04-10 06:53:03.0</ETL_TIME>
<NAME>罗民捷</NAME>
<NETWORK_NAME>武汉供销农资潘塘街罗民捷农资农家店</NETWORK_NAME>
<PHONE>13343587968</PHONE>
<SCOPE>所有农资</SCOPE>
<SERIAL_NUMBER>8</SERIAL_NUMBER>
<SITE>武汉市新洲区潘塘街广浮村</SITE>
</book><book>
<AREA>新洲区</AREA>
<DATA_UP_STATUS>U</DATA_UP_STATUS>
<DATA_UP_TIME>2021-01-22</DATA_UP_TIME>
<DATA_UP_UUID>9</DATA_UP_UUID>
<ETL_TIME>2021-04-10 06:53:03.0</ETL_TIME>
<NAME>余良才</NAME>
<NETWORK_NAME>武汉供销农资徐古镇余良才农资农家店</NETWORK_NAME>
<PHONE>18971523631</PHONE>
<SCOPE>所有农资</SCOPE>
<SERIAL_NUMBER>9</SERIAL_NUMBER>
<SITE>武汉市新洲区徐古镇沙河村</SITE>
</book><book>
<AREA>新洲区</AREA>
<DATA_UP_STATUS>U</DATA_UP_STATUS>
<DATA_UP_TIME>2020-11-20</DATA_UP_TIME>
<DATA_UP_UUID>18</DATA_UP_UUID>
<ETL_TIME>2021-04-10 06:53:03.0</ETL_TIME>
<NAME>张新育</NAME>
<NETWORK_NAME>武汉供销仓埠加盟店</NETWORK_NAME>
<PHONE>02789061613</PHONE>
<SCOPE>所有农资</SCOPE>
<SERIAL_NUMBER>18</SERIAL_NUMBER>
<SITE>武汉市新洲区仓埠</SITE>
</book><book>
<AREA>新洲</AREA>
<DATA_UP_STATUS>U</DATA_UP_STATUS>
<DATA_UP_TIME>2021-03-29</DATA_UP_TIME>
<DATA_UP_UUID>21</DATA_UP_UUID>
<ETL_TIME>2021-04-10 06:53:03.0</ETL_TIME>
<NAME>刘柚桔</NAME>
<NETWORK_NAME>武汉供销大屋基村农家店</NETWORK_NAME>
<PHONE>02789774139</PHONE>
<SCOPE>所有农资</SCOPE>
<SERIAL_NUMBER>21</SERIAL_NUMBER>
<SITE>武汉市新洲区大屋基村</SITE>
</book><book>
<AREA>江夏区</AREA>
<DATA_UP_STATUS>I</DATA_UP_STATUS>
<DATA_UP_TIME>2020-09-27</DATA_UP_TIME>
<DATA_UP_UUID>32</DATA_UP_UUID>
<ETL_TIME>2021-04-10 06:53:03.0</ETL_TIME>
<NAME>江  楠</NAME>
<NETWORK_NAME>江夏区蔬菜综合服务公司山坡经营部</NETWORK_NAME>
<PHONE>13018089626</PHONE>
<SCOPE>所有农资</SCOPE>
<SERIAL_NUMBER>32</SERIAL_NUMBER>
<SITE>武汉市江夏区山坡镇</SITE>
</book><book>
<AREA>江夏区</AREA>
<DATA_UP_STATUS>I</DATA_UP_STATUS>
<DATA_UP_TIME>2020-09-27</DATA_UP_TIME>
<DATA_UP_UUID>36</DATA_UP_UUID>
<ETL_TIME>2021-04-10 06:53:03.0</ETL_TIME>
<NAME>吴哲</NAME>
<NETWORK_NAME>武汉市江夏区湖泗乡张桥村</NETWORK_NAME>
<PHONE>13545044371</PHONE>
<SCOPE>所有农资</SCOPE>
<SERIAL_NUMBER>36</SERIAL_NUMBER>
<SITE>武汉市江夏区湖泗乡</SITE>
</book><book>
<AREA>江夏区</AREA>
<DATA_UP_STATUS>I</DATA_UP_STATUS>
<DATA_UP_TIME>2020-09-27</DATA_UP_TIME>
<DATA_UP_UUID>40</DATA_UP_UUID>
<ETL_TIME>2021-04-10 06:53:03.0</ETL_TIME>
<NAME>金壮士</NAME>
<NETWORK_NAME>武汉市江夏区郑店社区村级农家店</NETWORK_NAME>
<PHONE>13907134792</PHONE>
<SCOPE>所有农资</SCOPE>
<SERIAL_NUMBER>40</SERIAL_NUMBER>
<SITE>武汉市江夏区郑店街</SITE>
</book><book>
<AREA>蔡甸区</AREA>
<DATA_UP_STATUS>I</DATA_UP_STATUS>
<DATA_UP_TIME>2020-09-27</DATA_UP_TIME>
<DATA_UP_UUID>46</DATA_UP_UUID>
<ETL_TIME>2021-04-10 06:53:03.0</ETL_TIME>
<NAME>杨年生</NAME>
<NETWORK_NAME>武汉市蔡甸区农业生产资料公司武汉供销农资张湾刘集加盟店</NETWORK_NAME>
<PHONE>13797030773</PHONE>
<SCOPE>所有农资</SCOPE>
<SERIAL_NUMBER>46</SERIAL_NUMBER>
<SITE>武汉市蔡甸区农业生产资料公司武汉供销农资张湾刘集加盟店</SITE>
</book><book>
<AREA>东西湖</AREA>
<DATA_UP_STATUS>I</DATA_UP_STATUS>
<DATA_UP_TIME>2020-09-27</DATA_UP_TIME>
<DATA_UP_UUID>48</DATA_UP_UUID>
<ETL_TIME>2021-04-10 06:53:03.0</ETL_TIME>
<NAME>高  顺</NAME>
<NETWORK_NAME>武汉市东西湖区高顺农资</NETWORK_NAME>
<PHONE>18871175026</PHONE>
<SCOPE>所有农资</SCOPE>
<SERIAL_NUMBER>48</SERIAL_NUMBER>
<SITE>武汉市东西湖区新华菜场</SITE>
</book><book>
<AREA>东西湖区</AREA>
<DATA_UP_STATUS>I</DATA_UP_STATUS>
<DATA_UP_TIME>2020-09-27</DATA_UP_TIME>
<DATA_UP_UUID>51</DATA_UP_UUID>
<ETL_TIME>2021-04-10 06:53:03.0</ETL_TIME>
<NAME>程洛祥</NAME>
<NETWORK_NAME>武汉市东西湖区程浩农资</NETWORK_NAME>
<PHONE>18986190848</PHONE>
<SCOPE>所有农资</SCOPE>
<SERIAL_NUMBER>51</SERIAL_NUMBER>
<SITE>武汉市东西湖区辛安渡</SITE>
</book><book>
<AREA>蔡甸区</AREA>
<DATA_UP_STATUS>I</DATA_UP_STATUS>
<DATA_UP_TIME>2020-09-27</DATA_UP_TIME>
<DATA_UP_UUID>57</DATA_UP_UUID>
<ETL_TIME>2021-04-10 06:53:03.0</ETL_TIME>
<NAME>周厚冰</NAME>
<NETWORK_NAME>武汉市春惠江南农产品专业合作社</NETWORK_NAME>
<PHONE>15827165595</PHONE>
<SCOPE>所有农资</SCOPE>
<SERIAL_NUMBER>57</SERIAL_NUMBER>
<SITE>武汉市蔡甸区永安街曹家河村</SITE>
</book><book>
<AREA>东西湖区</AREA>
<DATA_UP_STATUS>U</DATA_UP_STATUS>
<DATA_UP_TIME>2020-12-28</DATA_UP_TIME>
<DATA_UP_UUID>1</DATA_UP_UUID>
<ETL_TIME>2021-04-10 06:53:03.0</ETL_TIME>
<NAME>林泓</NAME>
<NETWORK_NAME>武汉供销农资物流股份有限公司</NETWORK_NAME>
<PHONE>13871237851</PHONE>
<SCOPE>所有农资</SCOPE>
<SERIAL_NUMBER>1</SERIAL_NUMBER>
<SITE>武汉市东西湖区朝阳路117号</SITE>
</book><book>
<AREA>新洲区</AREA>
<DATA_UP_STATUS>I</DATA_UP_STATUS>
<DATA_UP_TIME>2020-09-27</DATA_UP_TIME>
<DATA_UP_UUID>7</DATA_UP_UUID>
<ETL_TIME>2021-04-10 06:53:03.0</ETL_TIME>
<NAME>蔡学东</NAME>
<NETWORK_NAME>武汉供销农资旧街街蔡学东农资农家店</NETWORK_NAME>
<PHONE>13349913826</PHONE>
<SCOPE>所有农资</SCOPE>
<SERIAL_NUMBER>7</SERIAL_NUMBER>
<SITE>武汉市新洲区旧街街万全村</SITE>
</book><book>
<AREA>新洲区</AREA>
<DATA_UP_STATUS>U</DATA_UP_STATUS>
<DATA_UP_TIME>2020-12-28</DATA_UP_TIME>
<DATA_UP_UUID>2</DATA_UP_UUID>
<ETL_TIME>2021-04-10 06:53:03.0</ETL_TIME>
<NAME>董学武</NAME>
<NETWORK_NAME>武汉市新洲区祥龙农业生产资料有限公司</NETWORK_NAME>
<PHONE>13871328296</PHONE>
<SCOPE>所有农资</SCOPE>
<SERIAL_NUMBER>2</SERIAL_NUMBER>
<SITE>武汉市新洲区新洲大道33号</SITE>
</book><book>
<AREA>新洲区</AREA>
<DATA_UP_STATUS>I</DATA_UP_STATUS>
<DATA_UP_TIME>2020-09-27</DATA_UP_TIME>
<DATA_UP_UUID>5</DATA_UP_UUID>
<ETL_TIME>2021-04-10 06:53:03.0</ETL_TIME>
<NAME>邓春姣</NAME>
<NETWORK_NAME>武汉供销农资三店街邓春姣农资农家店</NETWORK_NAME>
<PHONE>13329719149</PHONE>
<SCOPE>所有农资</SCOPE>
<SERIAL_NUMBER>5</SERIAL_NUMBER>
<SITE>武汉市新洲区三店街细方村</SITE>
</book><book>
<AREA>新洲区</AREA>
<DATA_UP_STATUS>I</DATA_UP_STATUS>
<DATA_UP_TIME>2020-09-27</DATA_UP_TIME>
<DATA_UP_UUID>20</DATA_UP_UUID>
<ETL_TIME>2021-04-10 06:53:03.0</ETL_TIME>
<NAME>张 谦</NAME>
<NETWORK_NAME>武汉得隆兴农业生产资料有限公司</NETWORK_NAME>
<PHONE>13971335868</PHONE>
<SCOPE>所有农资</SCOPE>
<SERIAL_NUMBER>20</SERIAL_NUMBER>
<SITE>武汉市新洲阳逻街沿江路39号</SITE>
</book><book>
<AREA>新洲</AREA>
<DATA_UP_STATUS>I</DATA_UP_STATUS>
<DATA_UP_TIME>2020-09-27</DATA_UP_TIME>
<DATA_UP_UUID>24</DATA_UP_UUID>
<ETL_TIME>2021-04-10 06:53:03.0</ETL_TIME>
<NAME>张 华</NAME>
<NETWORK_NAME>武汉供销铁甲农家店</NETWORK_NAME>
<PHONE>13307127255</PHONE>
<SCOPE>所有农资</SCOPE>
<SERIAL_NUMBER>24</SERIAL_NUMBER>
<SITE>武汉市新洲区刘集</SITE>
</book><book>
<AREA>蔡甸区</AREA>
<DATA_UP_STATUS>I</DATA_UP_STATUS>
<DATA_UP_TIME>2020-09-27</DATA_UP_TIME>
<DATA_UP_UUID>42</DATA_UP_UUID>
<ETL_TIME>2021-04-10 06:53:03.0</ETL_TIME>
<NAME>张业成</NAME>
<NETWORK_NAME>武汉合缘绿色生物股份有限公司</NETWORK_NAME>
<PHONE>15926251740</PHONE>
<SCOPE>所有农资</SCOPE>
<SERIAL_NUMBER>42</SERIAL_NUMBER>
<SITE>武汉市东湖新技术开发区光谷八路101号</SITE>
</book><book>
<AREA>蔡甸区</AREA>
<DATA_UP_STATUS>I</DATA_UP_STATUS>
<DATA_UP_TIME>2020-09-27</DATA_UP_TIME>
<DATA_UP_UUID>45</DATA_UP_UUID>
<ETL_TIME>2021-04-10 06:53:03.0</ETL_TIME>
<NAME>曾庆桥</NAME>
<NETWORK_NAME>武汉市蔡甸区农业生产资料公司武汉供销农资永安外垸加盟店</NETWORK_NAME>
<PHONE>13995651428</PHONE>
<SCOPE>所有农资</SCOPE>
<SERIAL_NUMBER>45</SERIAL_NUMBER>
<SITE>武汉市蔡甸区永安外垸十字河</SITE>
</book><book>
<AREA>东西湖区</AREA>
<DATA_UP_STATUS>I</DATA_UP_STATUS>
<DATA_UP_TIME>2020-09-27</DATA_UP_TIME>
<DATA_UP_UUID>50</DATA_UP_UUID>
<ETL_TIME>2021-04-10 06:53:03.0</ETL_TIME>
<NAME>刘文望</NAME>
<NETWORK_NAME>武汉市东西湖区东山供销农资</NETWORK_NAME>
<PHONE>15927129037</PHONE>
<SCOPE>所有农资</SCOPE>
<SERIAL_NUMBER>50</SERIAL_NUMBER>
<SITE>武汉市东西湖区东山农场</SITE>
</book><book>
<AREA>新洲区</AREA>
<DATA_UP_STATUS>U</DATA_UP_STATUS>
<DATA_UP_TIME>2021-01-22</DATA_UP_TIME>
<DATA_UP_UUID>14</DATA_UP_UUID>
<ETL_TIME>2021-04-10 06:53:03.0</ETL_TIME>
<NAME>车锦堂</NAME>
<NETWORK_NAME>武汉供销车家湾农家店</NETWORK_NAME>
<PHONE>18062113016</PHONE>
<SCOPE>所有农资</SCOPE>
<SERIAL_NUMBER>14</SERIAL_NUMBER>
<SITE>武汉市新洲区双柳</SITE>
</book><book>
<AREA>新洲区</AREA>
<DATA_UP_STATUS>U</DATA_UP_STATUS>
<DATA_UP_TIME>2020-11-20</DATA_UP_TIME>
<DATA_UP_UUID>17</DATA_UP_UUID>
<ETL_TIME>2021-04-10 06:53:03.0</ETL_TIME>
<NAME>谢宝祥</NAME>
<NETWORK_NAME>武汉供销凤凰加盟店</NETWORK_NAME>
<PHONE>13387579699</PHONE>
<SCOPE>所有农资</SCOPE>
<SERIAL_NUMBER>17</SERIAL_NUMBER>
<SITE>武汉市新洲区凤凰</SITE>
</book><book>
<AREA>新洲区</AREA>
<DATA_UP_STATUS>U</DATA_UP_STATUS>
<DATA_UP_TIME>2021-03-29</DATA_UP_TIME>
<DATA_UP_UUID>19</DATA_UP_UUID>
<ETL_TIME>2021-04-10 06:53:03.0</ETL_TIME>
<NAME>童春娇</NAME>
<NETWORK_NAME>武汉供销涨渡湖加盟店</NETWORK_NAME>
<PHONE>02789774035</PHONE>
<SCOPE>所有农资</SCOPE>
<SERIAL_NUMBER>19</SERIAL_NUMBER>
<SITE>武汉市新洲区大屋基村</SITE>
</book><book>
<AREA>新洲</AREA>
<DATA_UP_STATUS>I</DATA_UP_STATUS>
<DATA_UP_TIME>2020-10-23</DATA_UP_TIME>
<DATA_UP_UUID>23</DATA_UP_UUID>
<ETL_TIME>2021-04-10 06:53:03.0</ETL_TIME>
<NAME>罗有才</NAME>
<NETWORK_NAME>武汉供销罗湖区农家店</NETWORK_NAME>
<PHONE>02789139003</PHONE>
<SCOPE>所有农资</SCOPE>
<SERIAL_NUMBER>23</SERIAL_NUMBER>
<SITE>武汉市新洲区罗湖桥</SITE>
</book><book>
<AREA>江夏区</AREA>
<DATA_UP_STATUS>I</DATA_UP_STATUS>
<DATA_UP_TIME>2020-09-27</DATA_UP_TIME>
<DATA_UP_UUID>34</DATA_UP_UUID>
<ETL_TIME>2021-04-10 06:53:03.0</ETL_TIME>
<NAME>蔡正华</NAME>
<NETWORK_NAME>武汉市江夏区安山镇农业技术推广站</NETWORK_NAME>
<PHONE>13018022597</PHONE>
<SCOPE>所有农资</SCOPE>
<SERIAL_NUMBER>34</SERIAL_NUMBER>
<SITE>武汉市江夏区安山镇</SITE>
</book><book>
<AREA>江夏区</AREA>
<DATA_UP_STATUS>I</DATA_UP_STATUS>
<DATA_UP_TIME>2020-09-27</DATA_UP_TIME>
<DATA_UP_UUID>38</DATA_UP_UUID>
<ETL_TIME>2021-04-10 06:53:03.0</ETL_TIME>
<NAME>郑团结</NAME>
<NETWORK_NAME>武汉市江夏区乌龙泉街灵山村农资农家店</NETWORK_NAME>
<PHONE>13871048148</PHONE>
<SCOPE>所有农资</SCOPE>
<SERIAL_NUMBER>38</SERIAL_NUMBER>
<SITE>武汉市江夏区乌龙泉街</SITE>
</book><book>
<AREA>蔡甸区</AREA>
<DATA_UP_STATUS>I</DATA_UP_STATUS>
<DATA_UP_TIME>2020-09-27</DATA_UP_TIME>
<DATA_UP_UUID>44</DATA_UP_UUID>
<ETL_TIME>2021-04-10 06:53:03.0</ETL_TIME>
<NAME>王长名</NAME>
<NETWORK_NAME>蔡甸区农资公司武汉供销农资消泗长名农资加盟店</NETWORK_NAME>
<PHONE>15927215517</PHONE>
<SCOPE>所有农资</SCOPE>
<SERIAL_NUMBER>44</SERIAL_NUMBER>
<SITE>武汉市蔡甸区消泗乡消泗街道</SITE>
</book><book>
<AREA>东西湖区</AREA>
<DATA_UP_STATUS>I</DATA_UP_STATUS>
<DATA_UP_TIME>2020-09-27</DATA_UP_TIME>
<DATA_UP_UUID>58</DATA_UP_UUID>
<ETL_TIME>2021-04-10 06:53:03.0</ETL_TIME>
<NAME>武建平</NAME>
<NETWORK_NAME>武汉供销华农农资有限公司</NETWORK_NAME>
<PHONE>13907111708</PHONE>
<SCOPE>所有农资</SCOPE>
<SERIAL_NUMBER>58</SERIAL_NUMBER>
<SITE>武汉市东西湖区朝阳路117号</SITE>
</book><book>
<AREA>新洲区</AREA>
<DATA_UP_STATUS>I</DATA_UP_STATUS>
<DATA_UP_TIME>2020-09-27</DATA_UP_TIME>
<DATA_UP_UUID>4</DATA_UP_UUID>
<ETL_TIME>2021-04-10 06:53:03.0</ETL_TIME>
<NAME>吴六生</NAME>
<NETWORK_NAME>武汉供销农资邾城街吴六生农资农家店</NETWORK_NAME>
<PHONE>13006136703</PHONE>
<SCOPE>所有农资</SCOPE>
<SERIAL_NUMBER>4</SERIAL_NUMBER>
<SITE>武汉市新洲区邾城街硕岗村</SITE>
</book><book>
<AREA>新洲区</AREA>
<DATA_UP_STATUS>I</DATA_UP_STATUS>
<DATA_UP_TIME>2020-09-27</DATA_UP_TIME>
<DATA_UP_UUID>6</DATA_UP_UUID>
<ETL_TIME>2021-04-10 06:53:03.0</ETL_TIME>
<NAME>陈刚才</NAME>
<NETWORK_NAME>武汉供销农资凤凰镇陈刚才农资农家店</NETWORK_NAME>
<PHONE>15337243586</PHONE>
<SCOPE>所有农资</SCOPE>
<SERIAL_NUMBER>6</SERIAL_NUMBER>
<SITE>武汉市新洲区凤凰街四屋村</SITE>
</book><book>
<AREA>新洲区</AREA>
<DATA_UP_STATUS>I</DATA_UP_STATUS>
<DATA_UP_TIME>2020-12-28</DATA_UP_TIME>
<DATA_UP_UUID>13</DATA_UP_UUID>
<ETL_TIME>2021-04-10 06:53:03.0</ETL_TIME>
<NAME>周志强</NAME>
<NETWORK_NAME>武汉供销龙王咀加盟店</NETWORK_NAME>
<PHONE>02789703969</PHONE>
<SCOPE>所有农资</SCOPE>
<SERIAL_NUMBER>13</SERIAL_NUMBER>
<SITE>武汉市新洲区龙王咀</SITE>
</book><book>
<AREA>新洲区</AREA>
<DATA_UP_STATUS>I</DATA_UP_STATUS>
<DATA_UP_TIME>2020-09-27</DATA_UP_TIME>
<DATA_UP_UUID>15</DATA_UP_UUID>
<ETL_TIME>2021-04-10 06:53:03.0</ETL_TIME>
<NAME>姚冬喜</NAME>
<NETWORK_NAME>武汉供销潘塘加盟店</NETWORK_NAME>
<PHONE>15327114136</PHONE>
<SCOPE>所有农资</SCOPE>
<SERIAL_NUMBER>15</SERIAL_NUMBER>
<SITE>武汉市新洲潘塘</SITE>
</book><book>
<AREA>黄陂</AREA>
<DATA_UP_STATUS>I</DATA_UP_STATUS>
<DATA_UP_TIME>2020-09-27</DATA_UP_TIME>
<DATA_UP_UUID>27</DATA_UP_UUID>
<ETL_TIME>2021-04-10 06:53:03.0</ETL_TIME>
<NAME>鲁丛喜</NAME>
<NETWORK_NAME>武汉供销大咀农家店</NETWORK_NAME>
<PHONE>13971519993</PHONE>
<SCOPE>所有农资</SCOPE>
<SERIAL_NUMBER>27</SERIAL_NUMBER>
<SITE>武汉市黄陂大咀村</SITE>
</book><book>
<AREA>江夏区</AREA>
<DATA_UP_STATUS>I</DATA_UP_STATUS>
<DATA_UP_TIME>2020-09-27</DATA_UP_TIME>
<DATA_UP_UUID>28</DATA_UP_UUID>
<ETL_TIME>2021-04-10 06:53:03.0</ETL_TIME>
<NAME>余友林</NAME>
<NETWORK_NAME>武汉市江夏区金丰源农资连锁配送有限公司</NETWORK_NAME>
<PHONE>02787953871</PHONE>
<SCOPE>所有农资</SCOPE>
<SERIAL_NUMBER>28</SERIAL_NUMBER>
<SITE>武汉市江夏区纸坊街武昌大道生资里</SITE>
</book><book>
<AREA>江夏区</AREA>
<DATA_UP_STATUS>I</DATA_UP_STATUS>
<DATA_UP_TIME>2020-09-27</DATA_UP_TIME>
<DATA_UP_UUID>30</DATA_UP_UUID>
<ETL_TIME>2021-04-10 06:53:03.0</ETL_TIME>
<NAME>鲁述华</NAME>
<NETWORK_NAME>武汉市江夏区湖泗供销合作社</NETWORK_NAME>
<PHONE>15972055308</PHONE>
<SCOPE>所有农资</SCOPE>
<SERIAL_NUMBER>30</SERIAL_NUMBER>
<SITE>武汉市江夏区湖泗镇</SITE>
</book><book>
<AREA>江夏区</AREA>
<DATA_UP_STATUS>I</DATA_UP_STATUS>
<DATA_UP_TIME>2020-09-27</DATA_UP_TIME>
<DATA_UP_UUID>35</DATA_UP_UUID>
<ETL_TIME>2021-04-10 06:53:03.0</ETL_TIME>
<NAME>夏建国</NAME>
<NETWORK_NAME>武汉市江夏区舒安乡八秀村农资农家店</NETWORK_NAME>
<PHONE>18271947188</PHONE>
<SCOPE>所有农资</SCOPE>
<SERIAL_NUMBER>35</SERIAL_NUMBER>
<SITE>武汉市江夏区舒安镇</SITE>
</book><book>
<AREA>黄陂</AREA>
<DATA_UP_STATUS>I</DATA_UP_STATUS>
<DATA_UP_TIME>2020-09-27</DATA_UP_TIME>
<DATA_UP_UUID>26</DATA_UP_UUID>
<ETL_TIME>2021-04-10 06:53:03.0</ETL_TIME>
<NAME>杨新发</NAME>
<NETWORK_NAME>武汉供销新塔村农家店</NETWORK_NAME>
<PHONE>15926209750</PHONE>
<SCOPE>所有农资</SCOPE>
<SERIAL_NUMBER>26</SERIAL_NUMBER>
<SITE>武汉市黄陂三里桥</SITE>
</book><book>
<AREA>蔡甸区</AREA>
<DATA_UP_STATUS>I</DATA_UP_STATUS>
<DATA_UP_TIME>2020-09-27</DATA_UP_TIME>
<DATA_UP_UUID>41</DATA_UP_UUID>
<ETL_TIME>2021-04-10 06:53:03.0</ETL_TIME>
<NAME>张红霞</NAME>
<NETWORK_NAME>武汉蔡甸供销农资有限公司</NETWORK_NAME>
<PHONE>02784975266</PHONE>
<SCOPE>所有农资</SCOPE>
<SERIAL_NUMBER>41</SERIAL_NUMBER>
<SITE>武汉市蔡甸区奓山街长新村</SITE>
</book><book>
<AREA>黄陂区</AREA>
<DATA_UP_STATUS>I</DATA_UP_STATUS>
<DATA_UP_TIME>2020-09-27</DATA_UP_TIME>
<DATA_UP_UUID>55</DATA_UP_UUID>
<ETL_TIME>2021-04-10 06:53:03.0</ETL_TIME>
<NAME>王美娟</NAME>
<NETWORK_NAME>武汉市黄陂区三里桥供销农资</NETWORK_NAME>
<PHONE>13627288959</PHONE>
<SCOPE>所有农资</SCOPE>
<SERIAL_NUMBER>55</SERIAL_NUMBER>
<SITE>武汉市黄陂区三里桥</SITE>
</book><book>
<AREA>新洲区</AREA>
<DATA_UP_STATUS>U</DATA_UP_STATUS>
<DATA_UP_TIME>2020-10-22</DATA_UP_TIME>
<DATA_UP_UUID>11</DATA_UP_UUID>
<ETL_TIME>2021-04-10 06:53:03.0</ETL_TIME>
<NAME>张望顺</NAME>
<NETWORK_NAME>武汉供销农资汪集街张望顺农资农家店</NETWORK_NAME>
<PHONE>13995653203</PHONE>
<SCOPE>所有农资</SCOPE>
<SERIAL_NUMBER>11</SERIAL_NUMBER>
<SITE>武汉市新洲区汪集街陈墩村</SITE>
</book><book>
<AREA>新洲</AREA>
<DATA_UP_STATUS>I</DATA_UP_STATUS>
<DATA_UP_TIME>2020-09-27</DATA_UP_TIME>
<DATA_UP_UUID>22</DATA_UP_UUID>
<ETL_TIME>2021-04-10 06:53:03.0</ETL_TIME>
<NAME>童佑成</NAME>
<NETWORK_NAME>武汉供销挖沟加盟店</NETWORK_NAME>
<PHONE>02789771112</PHONE>
<SCOPE>所有农资</SCOPE>
<SERIAL_NUMBER>22</SERIAL_NUMBER>
<SITE>武汉市新洲区挖沟</SITE>
</book><book>
<AREA>黄陂</AREA>
<DATA_UP_STATUS>I</DATA_UP_STATUS>
<DATA_UP_TIME>2020-09-27</DATA_UP_TIME>
<DATA_UP_UUID>25</DATA_UP_UUID>
<ETL_TIME>2021-04-10 06:53:03.0</ETL_TIME>
<NAME>李继昊</NAME>
<NETWORK_NAME>武汉市武湖宜化超市</NETWORK_NAME>
<PHONE>13036113911</PHONE>
<SCOPE>所有农资</SCOPE>
<SERIAL_NUMBER>25</SERIAL_NUMBER>
<SITE>武汉市黄陂五通口</SITE>
</book><book>
<AREA>江夏区</AREA>
<DATA_UP_STATUS>I</DATA_UP_STATUS>
<DATA_UP_TIME>2020-09-27</DATA_UP_TIME>
<DATA_UP_UUID>29</DATA_UP_UUID>
<ETL_TIME>2021-04-10 06:53:03.0</ETL_TIME>
<NAME>周坤成</NAME>
<NETWORK_NAME>武汉市江夏区法泗供销合作社</NETWORK_NAME>
<PHONE>02781366067</PHONE>
<SCOPE>所有农资</SCOPE>
<SERIAL_NUMBER>29</SERIAL_NUMBER>
<SITE>武汉市江夏区法泗镇下河横街</SITE>
</book><book>
<AREA>江夏区</AREA>
<DATA_UP_STATUS>I</DATA_UP_STATUS>
<DATA_UP_TIME>2020-09-27</DATA_UP_TIME>
<DATA_UP_UUID>31</DATA_UP_UUID>
<ETL_TIME>2021-04-10 06:53:03.0</ETL_TIME>
<NAME>杨家新</NAME>
<NETWORK_NAME>武汉市江夏区乌龙泉供销合作社</NETWORK_NAME>
<PHONE>13971122097</PHONE>
<SCOPE>所有农资</SCOPE>
<SERIAL_NUMBER>31</SERIAL_NUMBER>
<SITE>武汉市江夏区乌龙泉街</SITE>
</book><book>
<AREA>江夏区</AREA>
<DATA_UP_STATUS>I</DATA_UP_STATUS>
<DATA_UP_TIME>2020-09-27</DATA_UP_TIME>
<DATA_UP_UUID>33</DATA_UP_UUID>
<ETL_TIME>2021-04-10 06:53:03.0</ETL_TIME>
<NAME>李炳文</NAME>
<NETWORK_NAME>武汉市江夏区舒安乡分水村农资农家店</NETWORK_NAME>
<PHONE>15337189798</PHONE>
<SCOPE>所有农资</SCOPE>
<SERIAL_NUMBER>33</SERIAL_NUMBER>
<SITE>武汉市江夏区舒安镇</SITE>
</book><book>
<AREA>蔡甸区</AREA>
<DATA_UP_STATUS>I</DATA_UP_STATUS>
<DATA_UP_TIME>2020-09-27</DATA_UP_TIME>
<DATA_UP_UUID>43</DATA_UP_UUID>
<ETL_TIME>2021-04-10 06:53:03.0</ETL_TIME>
<NAME>王  军</NAME>
<NETWORK_NAME>蔡甸区农资公司武汉供销农资新农加盟店</NETWORK_NAME>
<PHONE>15926415478</PHONE>
<SCOPE>所有农资</SCOPE>
<SERIAL_NUMBER>43</SERIAL_NUMBER>
<SITE>武汉市蔡甸区蔡甸街汉新路18号</SITE>
</book><book>
<AREA>东西湖区</AREA>
<DATA_UP_STATUS>I</DATA_UP_STATUS>
<DATA_UP_TIME>2020-09-27</DATA_UP_TIME>
<DATA_UP_UUID>49</DATA_UP_UUID>
<ETL_TIME>2021-04-10 06:53:03.0</ETL_TIME>
<NAME>戴勤涛</NAME>
<NETWORK_NAME>武汉东西湖区东山庄稼医院</NETWORK_NAME>
<PHONE>15871798326</PHONE>
<SCOPE>所有农资</SCOPE>
<SERIAL_NUMBER>49</SERIAL_NUMBER>
<SITE>武汉市东西湖区东山农场</SITE>
</book><book>
<AREA>东西湖区</AREA>
<DATA_UP_STATUS>I</DATA_UP_STATUS>
<DATA_UP_TIME>2020-09-27</DATA_UP_TIME>
<DATA_UP_UUID>56</DATA_UP_UUID>
<ETL_TIME>2021-04-10 06:53:03.0</ETL_TIME>
<NAME>李海旭</NAME>
<NETWORK_NAME>武汉市绿缘旭日蔬菜配送有限公司</NETWORK_NAME>
<PHONE>18607111933</PHONE>
<SCOPE>所有农资</SCOPE>
<SERIAL_NUMBER>56</SERIAL_NUMBER>
<SITE>武汉市东西湖区辛安渡办事处徐家台1号</SITE>
</book><book>
<AREA>新洲区</AREA>
<DATA_UP_STATUS>I</DATA_UP_STATUS>
<DATA_UP_TIME>2020-09-27</DATA_UP_TIME>
<DATA_UP_UUID>10</DATA_UP_UUID>
<ETL_TIME>2021-04-10 06:53:03.0</ETL_TIME>
<NAME>张永红</NAME>
<NETWORK_NAME>武汉供销农资汪集街张永红农资农家店</NETWORK_NAME>
<PHONE>18971219859</PHONE>
<SCOPE>所有农资</SCOPE>
<SERIAL_NUMBER>10</SERIAL_NUMBER>
<SITE>武汉市新洲区汪集街洲上村</SITE>
</book><book>
<AREA>新洲区</AREA>
<DATA_UP_STATUS>U</DATA_UP_STATUS>
<DATA_UP_TIME>2020-10-14</DATA_UP_TIME>
<DATA_UP_UUID>12</DATA_UP_UUID>
<ETL_TIME>2021-04-10 06:53:03.0</ETL_TIME>
<NAME>熊红兵</NAME>
<NETWORK_NAME>武汉供销农资李集街熊红兵农资农家店</NETWORK_NAME>
<PHONE>13618610665</PHONE>
<SCOPE>所有农资</SCOPE>
<SERIAL_NUMBER>12</SERIAL_NUMBER>
<SITE>武汉市新洲区李集街吴太村</SITE>
</book><book>
<AREA>新洲区</AREA>
<DATA_UP_STATUS>U</DATA_UP_STATUS>
<DATA_UP_TIME>2020-10-22</DATA_UP_TIME>
<DATA_UP_UUID>16</DATA_UP_UUID>
<ETL_TIME>2021-04-10 06:53:03.0</ETL_TIME>
<NAME>陶新海</NAME>
<NETWORK_NAME>武汉供销徐古加盟店</NETWORK_NAME>
<PHONE>13071292063</PHONE>
<SCOPE>所有农资</SCOPE>
<SERIAL_NUMBER>16</SERIAL_NUMBER>
<SITE>武汉市新洲徐古</SITE>
</book><book>
<AREA>江夏区</AREA>
<DATA_UP_STATUS>I</DATA_UP_STATUS>
<DATA_UP_TIME>2020-09-27</DATA_UP_TIME>
<DATA_UP_UUID>37</DATA_UP_UUID>
<ETL_TIME>2021-04-10 06:53:03.0</ETL_TIME>
<NAME>潘远成</NAME>
<NETWORK_NAME>武汉市江夏区金口街南岸中心农资农家店</NETWORK_NAME>
<PHONE>18627067358</PHONE>
<SCOPE>所有农资</SCOPE>
<SERIAL_NUMBER>37</SERIAL_NUMBER>
<SITE>武汉市江夏区金口街</SITE>
</book><book>
<AREA>江夏区</AREA>
<DATA_UP_STATUS>I</DATA_UP_STATUS>
<DATA_UP_TIME>2020-09-27</DATA_UP_TIME>
<DATA_UP_UUID>39</DATA_UP_UUID>
<ETL_TIME>2021-04-10 06:53:03.0</ETL_TIME>
<NAME>周福坤</NAME>
<NETWORK_NAME>武汉市江夏区金口街长江村农资农家店</NETWORK_NAME>
<PHONE>15308646776</PHONE>
<SCOPE>所有农资</SCOPE>
<SERIAL_NUMBER>39</SERIAL_NUMBER>
<SITE>武汉市江夏区金口街</SITE>
</book><book>
<AREA>洪山区</AREA>
<DATA_UP_STATUS>I</DATA_UP_STATUS>
<DATA_UP_TIME>2020-09-27</DATA_UP_TIME>
<DATA_UP_UUID>47</DATA_UP_UUID>
<ETL_TIME>2021-04-10 06:53:03.0</ETL_TIME>
<NAME>温建军</NAME>
<NETWORK_NAME>武汉安农兴农资有限公司</NETWORK_NAME>
<PHONE>13907111708</PHONE>
<SCOPE>所有农资</SCOPE>
<SERIAL_NUMBER>47</SERIAL_NUMBER>
<SITE>武汉市洪山区张家湾八坦路315号</SITE>
</book><book>
<AREA>东西湖区</AREA>
<DATA_UP_STATUS>I</DATA_UP_STATUS>
<DATA_UP_TIME>2020-09-27</DATA_UP_TIME>
<DATA_UP_UUID>52</DATA_UP_UUID>
<ETL_TIME>2021-04-10 06:53:03.0</ETL_TIME>
<NAME>戴拥军</NAME>
<NETWORK_NAME>武汉市东西湖区辛安渡供销农资</NETWORK_NAME>
<PHONE>13349995081</PHONE>
<SCOPE>所有农资</SCOPE>
<SERIAL_NUMBER>52</SERIAL_NUMBER>
<SITE>武汉市东西湖区辛安渡</SITE>
</book><book>
<AREA>洪山区</AREA>
<DATA_UP_STATUS>I</DATA_UP_STATUS>
<DATA_UP_TIME>2020-09-27</DATA_UP_TIME>
<DATA_UP_UUID>53</DATA_UP_UUID>
<ETL_TIME>2021-04-10 06:53:03.0</ETL_TIME>
<NAME>陈远飞</NAME>
<NETWORK_NAME>武汉市洪山区建设供销农资</NETWORK_NAME>
<PHONE>15827107028</PHONE>
<SCOPE>所有农资</SCOPE>
<SERIAL_NUMBER>53</SERIAL_NUMBER>
<SITE>武汉市洪山区建设乡</SITE>
</book><book>
<AREA>洪山区</AREA>
<DATA_UP_STATUS>I</DATA_UP_STATUS>
<DATA_UP_TIME>2020-09-27</DATA_UP_TIME>
<DATA_UP_UUID>54</DATA_UP_UUID>
<ETL_TIME>2021-04-10 06:53:03.0</ETL_TIME>
<NAME>邬小虎</NAME>
<NETWORK_NAME>武汉市洪山区宝丰园农资经营部</NETWORK_NAME>
<PHONE>13797038200</PHONE>
<SCOPE>所有农资</SCOPE>
<SERIAL_NUMBER>54</SERIAL_NUMBER>
<SITE>武汉市洪山区建设乡</SITE>
</book>
</books>