﻿area,data_up_status,data_up_time,data_up_uuid,etl_time,name,network_name,phone,scope,serial_number,site
新洲区,I,2020-09-27,3,2021-04-10 06:53:03.0,黄新安,武汉供销农资辛冲镇黄新安农资农家店,13995571598,所有农资,3,武汉市新洲区辛冲镇龙岗村
新洲区,I,2020-09-27,8,2021-04-10 06:53:03.0,罗民捷,武汉供销农资潘塘街罗民捷农资农家店,13343587968,所有农资,8,武汉市新洲区潘塘街广浮村
新洲区,U,2021-01-22,9,2021-04-10 06:53:03.0,余良才,武汉供销农资徐古镇余良才农资农家店,18971523631,所有农资,9,武汉市新洲区徐古镇沙河村
新洲区,U,2020-11-20,18,2021-04-10 06:53:03.0,张新育,武汉供销仓埠加盟店,02789061613,所有农资,18,武汉市新洲区仓埠
新洲,U,2021-03-29,21,2021-04-10 06:53:03.0,刘柚桔,武汉供销大屋基村农家店,02789774139,所有农资,21,武汉市新洲区大屋基村
江夏区,I,2020-09-27,32,2021-04-10 06:53:03.0,江  楠,江夏区蔬菜综合服务公司山坡经营部,13018089626,所有农资,32,武汉市江夏区山坡镇
江夏区,I,2020-09-27,36,2021-04-10 06:53:03.0,吴哲,武汉市江夏区湖泗乡张桥村,13545044371,所有农资,36,武汉市江夏区湖泗乡
江夏区,I,2020-09-27,40,2021-04-10 06:53:03.0,金壮士,武汉市江夏区郑店社区村级农家店,13907134792,所有农资,40,武汉市江夏区郑店街
蔡甸区,I,2020-09-27,46,2021-04-10 06:53:03.0,杨年生,武汉市蔡甸区农业生产资料公司武汉供销农资张湾刘集加盟店,13797030773,所有农资,46,武汉市蔡甸区农业生产资料公司武汉供销农资张湾刘集加盟店
东西湖,I,2020-09-27,48,2021-04-10 06:53:03.0,高  顺,武汉市东西湖区高顺农资,18871175026,所有农资,48,武汉市东西湖区新华菜场
东西湖区,I,2020-09-27,51,2021-04-10 06:53:03.0,程洛祥,武汉市东西湖区程浩农资,18986190848,所有农资,51,武汉市东西湖区辛安渡
蔡甸区,I,2020-09-27,57,2021-04-10 06:53:03.0,周厚冰,武汉市春惠江南农产品专业合作社,15827165595,所有农资,57,武汉市蔡甸区永安街曹家河村
东西湖区,U,2020-12-28,1,2021-04-10 06:53:03.0,林泓,武汉供销农资物流股份有限公司,13871237851,所有农资,1,武汉市东西湖区朝阳路117号
新洲区,I,2020-09-27,7,2021-04-10 06:53:03.0,蔡学东,武汉供销农资旧街街蔡学东农资农家店,13349913826,所有农资,7,武汉市新洲区旧街街万全村
新洲区,U,2020-12-28,2,2021-04-10 06:53:03.0,董学武,武汉市新洲区祥龙农业生产资料有限公司,13871328296,所有农资,2,武汉市新洲区新洲大道33号
新洲区,I,2020-09-27,5,2021-04-10 06:53:03.0,邓春姣,武汉供销农资三店街邓春姣农资农家店,13329719149,所有农资,5,武汉市新洲区三店街细方村
新洲区,I,2020-09-27,20,2021-04-10 06:53:03.0,张 谦,武汉得隆兴农业生产资料有限公司,13971335868,所有农资,20,武汉市新洲阳逻街沿江路39号
新洲,I,2020-09-27,24,2021-04-10 06:53:03.0,张 华,武汉供销铁甲农家店,13307127255,所有农资,24,武汉市新洲区刘集
蔡甸区,I,2020-09-27,42,2021-04-10 06:53:03.0,张业成,武汉合缘绿色生物股份有限公司,15926251740,所有农资,42,武汉市东湖新技术开发区光谷八路101号
蔡甸区,I,2020-09-27,45,2021-04-10 06:53:03.0,曾庆桥,武汉市蔡甸区农业生产资料公司武汉供销农资永安外垸加盟店,13995651428,所有农资,45,武汉市蔡甸区永安外垸十字河
东西湖区,I,2020-09-27,50,2021-04-10 06:53:03.0,刘文望,武汉市东西湖区东山供销农资,15927129037,所有农资,50,武汉市东西湖区东山农场
新洲区,U,2021-01-22,14,2021-04-10 06:53:03.0,车锦堂,武汉供销车家湾农家店,18062113016,所有农资,14,武汉市新洲区双柳
新洲区,U,2020-11-20,17,2021-04-10 06:53:03.0,谢宝祥,武汉供销凤凰加盟店,13387579699,所有农资,17,武汉市新洲区凤凰
新洲区,U,2021-03-29,19,2021-04-10 06:53:03.0,童春娇,武汉供销涨渡湖加盟店,02789774035,所有农资,19,武汉市新洲区大屋基村
新洲,I,2020-10-23,23,2021-04-10 06:53:03.0,罗有才,武汉供销罗湖区农家店,02789139003,所有农资,23,武汉市新洲区罗湖桥
江夏区,I,2020-09-27,34,2021-04-10 06:53:03.0,蔡正华,武汉市江夏区安山镇农业技术推广站,13018022597,所有农资,34,武汉市江夏区安山镇
江夏区,I,2020-09-27,38,2021-04-10 06:53:03.0,郑团结,武汉市江夏区乌龙泉街灵山村农资农家店,13871048148,所有农资,38,武汉市江夏区乌龙泉街
蔡甸区,I,2020-09-27,44,2021-04-10 06:53:03.0,王长名,蔡甸区农资公司武汉供销农资消泗长名农资加盟店,15927215517,所有农资,44,武汉市蔡甸区消泗乡消泗街道
东西湖区,I,2020-09-27,58,2021-04-10 06:53:03.0,武建平,武汉供销华农农资有限公司,13907111708,所有农资,58,武汉市东西湖区朝阳路117号
新洲区,I,2020-09-27,4,2021-04-10 06:53:03.0,吴六生,武汉供销农资邾城街吴六生农资农家店,13006136703,所有农资,4,武汉市新洲区邾城街硕岗村
新洲区,I,2020-09-27,6,2021-04-10 06:53:03.0,陈刚才,武汉供销农资凤凰镇陈刚才农资农家店,15337243586,所有农资,6,武汉市新洲区凤凰街四屋村
新洲区,I,2020-12-28,13,2021-04-10 06:53:03.0,周志强,武汉供销龙王咀加盟店,02789703969,所有农资,13,武汉市新洲区龙王咀
新洲区,I,2020-09-27,15,2021-04-10 06:53:03.0,姚冬喜,武汉供销潘塘加盟店,15327114136,所有农资,15,武汉市新洲潘塘
黄陂,I,2020-09-27,27,2021-04-10 06:53:03.0,鲁丛喜,武汉供销大咀农家店,13971519993,所有农资,27,武汉市黄陂大咀村
江夏区,I,2020-09-27,28,2021-04-10 06:53:03.0,余友林,武汉市江夏区金丰源农资连锁配送有限公司,02787953871,所有农资,28,武汉市江夏区纸坊街武昌大道生资里
江夏区,I,2020-09-27,30,2021-04-10 06:53:03.0,鲁述华,武汉市江夏区湖泗供销合作社,15972055308,所有农资,30,武汉市江夏区湖泗镇
江夏区,I,2020-09-27,35,2021-04-10 06:53:03.0,夏建国,武汉市江夏区舒安乡八秀村农资农家店,18271947188,所有农资,35,武汉市江夏区舒安镇
黄陂,I,2020-09-27,26,2021-04-10 06:53:03.0,杨新发,武汉供销新塔村农家店,15926209750,所有农资,26,武汉市黄陂三里桥
蔡甸区,I,2020-09-27,41,2021-04-10 06:53:03.0,张红霞,武汉蔡甸供销农资有限公司,02784975266,所有农资,41,武汉市蔡甸区奓山街长新村
黄陂区,I,2020-09-27,55,2021-04-10 06:53:03.0,王美娟,武汉市黄陂区三里桥供销农资,13627288959,所有农资,55,武汉市黄陂区三里桥
新洲区,U,2020-10-22,11,2021-04-10 06:53:03.0,张望顺,武汉供销农资汪集街张望顺农资农家店,13995653203,所有农资,11,武汉市新洲区汪集街陈墩村
新洲,I,2020-09-27,22,2021-04-10 06:53:03.0,童佑成,武汉供销挖沟加盟店,02789771112,所有农资,22,武汉市新洲区挖沟
黄陂,I,2020-09-27,25,2021-04-10 06:53:03.0,李继昊,武汉市武湖宜化超市,13036113911,所有农资,25,武汉市黄陂五通口
江夏区,I,2020-09-27,29,2021-04-10 06:53:03.0,周坤成,武汉市江夏区法泗供销合作社,02781366067,所有农资,29,武汉市江夏区法泗镇下河横街
江夏区,I,2020-09-27,31,2021-04-10 06:53:03.0,杨家新,武汉市江夏区乌龙泉供销合作社,13971122097,所有农资,31,武汉市江夏区乌龙泉街
江夏区,I,2020-09-27,33,2021-04-10 06:53:03.0,李炳文,武汉市江夏区舒安乡分水村农资农家店,15337189798,所有农资,33,武汉市江夏区舒安镇
蔡甸区,I,2020-09-27,43,2021-04-10 06:53:03.0,王  军,蔡甸区农资公司武汉供销农资新农加盟店,15926415478,所有农资,43,武汉市蔡甸区蔡甸街汉新路18号
东西湖区,I,2020-09-27,49,2021-04-10 06:53:03.0,戴勤涛,武汉东西湖区东山庄稼医院,15871798326,所有农资,49,武汉市东西湖区东山农场
东西湖区,I,2020-09-27,56,2021-04-10 06:53:03.0,李海旭,武汉市绿缘旭日蔬菜配送有限公司,18607111933,所有农资,56,武汉市东西湖区辛安渡办事处徐家台1号
新洲区,I,2020-09-27,10,2021-04-10 06:53:03.0,张永红,武汉供销农资汪集街张永红农资农家店,18971219859,所有农资,10,武汉市新洲区汪集街洲上村
新洲区,U,2020-10-14,12,2021-04-10 06:53:03.0,熊红兵,武汉供销农资李集街熊红兵农资农家店,13618610665,所有农资,12,武汉市新洲区李集街吴太村
新洲区,U,2020-10-22,16,2021-04-10 06:53:03.0,陶新海,武汉供销徐古加盟店,13071292063,所有农资,16,武汉市新洲徐古
江夏区,I,2020-09-27,37,2021-04-10 06:53:03.0,潘远成,武汉市江夏区金口街南岸中心农资农家店,18627067358,所有农资,37,武汉市江夏区金口街
江夏区,I,2020-09-27,39,2021-04-10 06:53:03.0,周福坤,武汉市江夏区金口街长江村农资农家店,15308646776,所有农资,39,武汉市江夏区金口街
洪山区,I,2020-09-27,47,2021-04-10 06:53:03.0,温建军,武汉安农兴农资有限公司,13907111708,所有农资,47,武汉市洪山区张家湾八坦路315号
东西湖区,I,2020-09-27,52,2021-04-10 06:53:03.0,戴拥军,武汉市东西湖区辛安渡供销农资,13349995081,所有农资,52,武汉市东西湖区辛安渡
洪山区,I,2020-09-27,53,2021-04-10 06:53:03.0,陈远飞,武汉市洪山区建设供销农资,15827107028,所有农资,53,武汉市洪山区建设乡
洪山区,I,2020-09-27,54,2021-04-10 06:53:03.0,邬小虎,武汉市洪山区宝丰园农资经营部,13797038200,所有农资,54,武汉市洪山区建设乡
