﻿data_up_status,data_up_time,data_up_uuid,dz,frdb,lx,mc,tyxydm,xh
I,0001-01-01,3,武汉市江岸区南京路5号,李云,1.农产品加工型,宜红茶业股份有限公司,914201025879985000,3
I,0001-01-01,8,洪山区野芷湖西路创意天地11栋901,李大伟,农产品加工型农产品流通型农产品生产型农产品专业批发市场型,中垦锦绣华农武汉科技有限公司,914201117963220000,8
I,0001-01-01,9,湖北省武汉市东湖高新技术开发区关南东二园黄龙山路15号,张金林,农产品加工型,武汉华扬动物药业有限责任公司,914201007257585565,9
I,0001-01-01,18,武昌区中南路国际金融贸易大厦,周勇,农产品生产型,湖北金旭农业发展股份有限公司,91420000722010059F,18
I,0001-01-01,21,武昌区武珞路281号,郑翔,5.休闲农业、农业服务型,湖北大地国际经济技术合作有限公司,9142000177601928G,21
I,0001-01-01,32,武汉市东湖高新区光谷大道77号光谷金融港B4栋16楼,肖方,休闲农业、农业服务型,武汉银鹏控股股份有限公司,91420100733546107N,32
I,0001-01-01,36,武汉高新大道888号高农生物园总部A区15栋19楼,雷贤忠,5,湖北今楚首创养猪股份有限公司,91420100347291273F,36
I,0001-01-01,40,洪山区珞狮路511号（省农科院蚕桑试验站二层）,赵军,农产品生产型,武汉弘耕种业有限公司,91420111774598085L,40
I,0001-01-01,46,武汉市东湖新技术开发区高新二路419号,陈焕春,5、农业服务型企业,武汉科前生物股份有限公司,91420100725767014Y,46
I,0001-01-01,48,武汉市东湖新技术开发区珞狮南路517号2-202,谢勇,3.农产品生产型,武汉楚为生物科技股份有限公司,91420100MA4KNKWT3F,48
I,0001-01-01,51,武汉东湖开发区光谷大道62号关南福星医药园2#楼29层,黄岭,农产品生产型,湖北楚创高科农业有限公司,914201007282643166,51
I,0001-01-01,57,武汉市江岸区都市产业大厦15楼,朱长良,农产品流通型,武汉良之隆食材股份有限公司,914201026888427902,57
I,0001-01-01,59,武汉市江岸区劳动街开明路5号金冠大厦主楼17层,徐四海,农产品流通型,武汉嘉祺生物食品有限公司,91420102707177598D,59
I,0001-01-01,65,洪山区洪山街马湖村武汉创意天地6号办公楼903室,何庆彪,农产品生产型,湖北利众种业科技有限公司,91429004073197879C,65
I,0001-01-01,,,,,黄陂区,,
I,0001-01-01,93,黄陂区武湖农场发展大道8号,朱毅,1.农产品加工型,武汉市葆春蜂王浆有限责任公司,9142011627189507XW,93
I,0001-01-01,103,武汉市黄陂区蔡店街西峰村河背咀59号,江慧,3.农产品生产型,武汉木兰金秋农业科技发展股份有限公司,914201166918779945,103
I,0001-01-01,104,李集,石传苟,3.农产品生产型,武汉市绿然农业发展有限公司,914201166758058437,104
I,0001-01-01,112,黄陂区三里镇长堤村特8号,夏洪艳,3.农产品生产型,武汉兰氏农业开发有限公司,91420116578295431N,112
I,0001-01-01,119,武汉市黄陂区六指街潘岗小学旁,颜广建,5.休闲农业、农业服务型,武汉市禾盛吉农业开发股份有限公司,91420116055713702Q,119
I,0001-01-01,,,,,新洲区,,
I,0001-01-01,124,新洲区旧街,洪永光,（1、2、3）农产品加、流通、生产型,湖北万佳福茶业有限公司,91420117551980244T,124
I,0001-01-01,126,武汉市新洲区邾城街刘集乡陶刘村十组,沈智平,1、农产品加工型,武汉欣沛园绿色食品有限公司,91420117578255886H,126
I,0001-01-01,132,武汉市新洲区汪集街汪集村3栋1-3层,余建栋,农产品生产型,湖北玉如意农业集团有限公司,9142011707773386XN,132
I,0001-01-01,134,新洲区辛冲镇东城湾,陈约龙,1、农产品加工型,湖北中能木业有限公司,91420117555042642C,134
I,0001-01-01,147,新洲区仓埠街,骆黎明,1.农产品加工型3.农产品生产型,武汉市铭锋农业开发有限公司,91420117781999020N,147
I,0001-01-01,163,武汉市新洲区凤凰镇关圣村,温能生,3、农产品生产型,武汉新凤农业发展有限公司,91420117691853175T,163
I,0001-01-01,,,,,蔡甸区,,
I,0001-01-01,172,武汉市蔡甸经济开发区凤凰山工业园凤凰路20号,郭建忠,1.农产品加工型,武汉益康面粉有限公司,91420114714549425L,172
I,0001-01-01,177,蔡甸区蔡甸街茂林街25号,刘健,农产品加工型,武汉红星莲花湖酒业有限公司,91420114796321781X,177
I,0001-01-01,181,武汉蔡甸区大集街天星村1号,许江,5.休闲农业、农业服务型,武汉阅景汇投资发展有限公司,91420114303411798W,181
I,0001-01-01,,,,,汉南区,,
I,0001-01-01,201,武汉市汉南区邓南街窑头村,祝捷,3农产品生产型,武汉广厦润田农业发展有限公司,91420113086640243K,201
I,0001-01-01,,,,,,,
I,0001-01-01,,,,,,,
I,0001-01-01,205,武汉市汉南区汉南大道高源生物科技园3号楼,梁强,1农产品加工型、3生产型,武汉豪客家族实业有限公司,91420113581845780X,205
I,0001-01-01,208,武汉市汉南区汉南农场康泰路87号,陈金花,3.农产品生产型,武汉金金畜牧有限公司,914201137831618893,208
I,0001-01-01,209,武汉市汉南区邓南街鞋尖村,马西安,3.农产品生产型,武汉鼎沃生物科技有限公司,91420113572009035X,209
I,0001-01-01,,,,,江夏区,,
I,0001-01-01,223,武汉市江夏区金口街曹家榜74号,梅元碧,农产品加工型,武汉绿孚生物工程有限责任公司,914201157246782047,223
I,0001-01-01,226,武汉市江夏区郑店街老屋胡村,王力,3.农产品生产型5.休闲农业、农业服务型,武汉沛美达农业科技股份有限公司,91420115558422763P,226
I,0001-01-01,227,武汉市江夏区法泗街,胡小良,1,武汉市桂子米业有限公司,9142011575817061XL,227
I,0001-01-01,234,武汉市江夏区纸坊街文华路13号,张祥,3,武汉市梁子湖水产集团有限公司,91420115751812229P,234
I,0001-01-01,235,武汉市江夏区大桥新区环岭路19号,林燕滨,1,湖北京仁米业有限公司,91420115MA4KNR5628,235
I,0001-01-01,236,湖北省武汉市江夏区金口街长山村,苏美俐,1、3,武汉安佑饲料科技有限公司,914201157581952434,236
I,0001-01-01,237,武汉市江夏区金口街白马头村,王绍南,3,武汉白马头生态农业股份有限公司,91420115663498137Y,237
I,2020-11-24,,,,,东西湖区,,
I,0001-01-01,256,东西湖区走马岭革新大道8号,杨红春,2,湖北良品铺子食品工业有限公司,91420112074454566J,256
I,0001-01-01,271,东西湖区将军四路七号,范小华,农产品加工型,武汉市金德戈糖业有限公司,91420112737534912L,271
I,0001-01-01,281,武汉市东西湖区东山农场胜利大队,王协军,5,湖北鑫三江农业开发有限公司,91420112077727187R,281
I,0001-01-01,289,武汉市东西湖区走马岭农场打靶堤,陈珠凉,1.农产品加工型企业,武汉来福如意食品有限公司,91420100781958771U,289
I,0001-01-01,302,湖北省武汉市东西湖区东吴大道27号,李云,农产品生产型,蒙牛高科乳制品武汉有限责任公司,91420112MK4K2Y0M6M,302
I,0001-01-01,1,武汉东湖新技术开发区神墩三路277号,王晓明,农产品生产型,湖北省种子集团有限公司,91420000177566421E,1
I,0001-01-01,7,武汉市洪山区青菱乡长征村张家湾特1号,张志伟,农产品专业批发市场,武汉白沙洲农副产品大市场有限公司,914200007551180154,7
I,0001-01-01,77,武汉市黄陂区木兰乡刘咀村,张宏林,3.农产品生产型,武汉宏农农牧有限公司,91420116074476474F,77
I,0001-01-01,79,黄陂区长轩岭街道石门天池景区,曹江城,5.休闲农业、农业服务型,武汉市丰太木兰天池旅游有限公司,914201167447825275,79
I,0001-01-01,82,武汉市黄陂区蔡家榨街红岗山,张隽,1.农产品加工型,武汉优尼特茶业有限公司,914201167831683278,82
I,0001-01-01,89,武汉市黄陂区油岗经济开发区,何德华,1.农产品加工型,武汉乐神三宝蜂业有限公司,91420116572008526G,89
I,0001-01-01,98,武汉市黄陂区王家河街中咀村,李坤,5.休闲农业、农业服务型,湖北香峰园农业科技发展有限责任公司,91420000662270990B,98
I,0001-01-01,105,黄陂区木兰乡七里冲,冯春山,3.农产品生产型,武汉木兰歌谷创意农业发展股份有限公司,914201165848673601,105
I,0001-01-01,106,黄陂区六指街新华村,杜春香,3.农产品生产型,武汉乡域传奇农业发展有限公司,9142011657825914XB,106
I,0001-01-01,108,武汉市黄陂区六指街大咀村望家田188号,孙全启,3.农产品生产型,武汉市武湖农业发展有限公司,91420116707149087D,108
I,0001-01-01,113,武汉市黄陂区姚家集街杜堂村葛家湾28号,葛天才,5.休闲农业、农业服务型,武汉木兰花乡旅游发展有限公司,91420116303711264M,113
I,0001-01-01,115,武汉市黄陂区木兰乡将军庙村特1号,尹赤军,3.农产品生产型,武汉兰山田园生态农业发展有限公司,91420100682345750L,115
I,0001-01-01,116,武汉市木兰乡椿树岗村,李晓东,3.农产品生产型,武汉市木兰湖绿岛茶业有限公司,91420116669525781X,116
I,0001-01-01,118,黄陂区木兰乡椿树岗小学,刘敏,3.农产品生产型,武汉市燕山生态农业有限公司,91420116555040137H,118
I,0001-01-01,139,新洲区三店街七里村,余建栋,3.农产品生产型,湖北玉如意生态农业有限公司,91420117074464668E,139
I,0001-01-01,149,武汉市新洲区邾城街陶刘村,霍方清,3.农产品加工型,武汉市吴太婆食品有限公司,91420117675833115R,149
I,0001-01-01,150,新洲区仓埠街,喻取佳,3、农产品生产型,武汉市新洲区仓埠武湖农业开发有限公司,91420117741403894H,150
I,0001-01-01,154,武汉市阳逻经济技术开发区帝元小区,雷汉池,1、农产品加工型,武汉帝元医用材料有限公司,91420100711989345E,154
I,0001-01-01,158,武汉市新洲区旧街街石咀村,梅才法,1.农产品加工型,武汉腾云山生态白茶股份有限公司,91420117669537651R,158
I,0001-01-01,173,蔡甸区姚家山工业园,余红应,农产品中工型,武汉什湖知音粮油食品有限公司,914201126823175220,173
I,0001-01-01,183,,马美芳,农产品生产型,武汉白湖家园农业发展有限公司,9142011430359095XE,183
I,0001-01-01,202,武汉市汉南区邓南街水洪水一村,周世悦,1农产品加工型,武汉中海粮油工业有限公司,91420113578271106A,202
I,0001-01-01,218,武汉市江夏区大桥新区国家农业科技园区,黄鹤勇,1.农产品加工型,武汉梁子湖水产品加工有限公司,91420115688837932L,218
I,0001-01-01,230,武汉市江夏区107国道与星光大道交汇处众旺综合产业园内4号楼1-2层,徐俊,2.农产品流通型,武汉联农生鲜食品加工配送有限公司,9142011530376530XP,230
I,0001-01-01,238,武汉市江夏区乌龙泉街群建村胡老人湾,但雁,3.农产品生产型,武汉三丰畜牧科技有限公司,91420111679133626A,238
I,0001-01-01,242,武汉市江夏区乌龙泉土地堂东路61号,高国华,3.5,湖北初阳生态发展有限公司,914201156953005943,242
I,0001-01-01,244,武汉市江夏庙山经济开发区向阳村花山西路8号,闵 鸿 斌,3,武汉惠华三农种业有限公司,91420115771356670T,244
I,0001-01-01,252,武汉市江夏区大桥新区五里墩街22号,梅红运,1,武汉扬子江食品工业园有限公司,91420115MA4KUPMB4N,252
I,0001-01-01,255,湖北武汉市江夏安山街道办事处,王胜锋,3,武汉黄鹤楼新泰砖茶有限公司,914201153035067384,255
I,0001-01-01,263,东西湖区走马岭革新大道6号,陈明富,1.农产品加工型,武汉市荣发调味食品有限公司,9142011274831400XP,263
I,0001-01-01,264,武汉东西湖区高桥五路18号,孟宪良,农产品流通型,山绿农产品集团股份有限公司,914201007713978275,264
I,0001-01-01,269,湖北省武汉市东西湖区恒春里328号,陈丽红,6,湖北红杏生态环境科技有限公司,91420000714673653W,269
I,0001-01-01,272,洪山区珞狮南路519号明泽丽湾1号楼C座16楼,阮宜兵,农产品生产型,武汉市科洋生物工程有限公司,91420111714511478N,272
I,0001-01-01,273,湖北省武汉市东西湖区张柏路203号（10,康海龙,农产品生产型,蒙牛乳制品武汉有限责任公司,9142011208199558XE,273
I,0001-01-01,274,武汉市东西湖区张柏路2号,刘浩,有限责任公司,武汉市百辉包装有限公司,914201127963096272,274
I,0001-01-01,276,武汉市慈惠街沙咀朝阳路117号,林  泓,5.休闲农业、农业服务型,武汉供销农资物流股份有限公司,91420100733579961L,276
I,0001-01-01,285,武汉市东西湖区走马岭汇通大道2号,Javier SABAS CASTILLO(沙伟晔）,1.农产品加工型,可口可乐装瓶商生产（武汉）有限公司,914201126758234940,285
I,0001-01-01,290,武汉市东西湖区辛安渡办事处三汊港181号,杨春炎,农产品生产型,武汉如意农业开发有限公司,91420112781961997D,290
I,0001-01-01,293,武汉市东西湖区走马岭走新路301号,冯传利,1.农产品加工型2.农产品流通型5.休闲农业、农业服务型,武汉巨力鼎兴冷链股份有限公司,91420112755102857A,293
I,0001-01-01,294,武汉市东西湖区走马岭107国道边1178公里处（ 东西湖大道1529号）,吴方进,农产品加工型,武汉市鹰冠木业有限公司,91420112707172316Y,294
I,0001-01-01,2,武汉市东湖新技术开发区光谷八路98号,詹志春,3.农产品生产型,武汉新华扬生物股份有限公司,9142010072467094XY,2
I,0001-01-01,5,武汉市洪山区白沙洲中小企业城,姜国焱,农产品生产型,武汉朝晖畜牧发展有限公司,91420111300238926R,5
I,0001-01-01,20,江汉区航天花园101栋5单元401,李元松,2.农产品流通型,武汉市元生蔬菜配送有限公司,91420103764637984W,20
I,0001-01-01,24,武汉市东湖技术开发区高新大道666号武汉国家生物产业基地研发区C1栋,唐丁香,3,湖北凯瑞百谷农业科技有限公司,9142010067582469XK,24
I,0001-01-01,42,武汉市洪山区南湖大道3号,崔登维,农产品加工型,湖北鄂科华泰种业股份有限公司,914201006667714347,42
I,0001-01-01,45,洪山区青菱乡建群村188号,兰桂娥,农产品生产型,武汉兰氏蔬菜有限公司,91420111796334814P,45
I,0001-01-01,50,湖北省武汉市江岸区南京路5号,李勇,1.农产品加工型,湖北省茶业集团股份有限公司,91420000MA48TDB56L,50
I,0001-01-01,60,武汉市江岸区轨道交通1号线头道街站,杨博,农产品加工型,武汉市积木食品有限公司,914201020668484188,60
I,0001-01-01,70,黄陂区王家河街群益村,杜德利,3.农产品生产型,武汉市天健农业发展有限公司,914201166758413189,70
I,0001-01-01,74,武汉武湖生态农业园,周四新,1.农产品加工型,武汉兴正实业有限公司,914201167227202025,74
I,0001-01-01,75,武汉市黄陂区李集街大彭砦234号,彭金波,1.农产品加工型,武汉市麦浪面业有限公司,91420116584855140D,75
I,0001-01-01,80,武汉市黄陂区武湖农场五七大道特8号,邢雪云,2.农产品流通型,武汉雅元食品集团股份有限公司,914201165584428000,80
I,0001-01-01,87,武汉市盘龙城经济开发区特8号,熊科学,1.农产品加工型,武汉市劲宝食品有限公司,91420116271802136U,87
I,0001-01-01,94,黄陂区罗汉街香店村,周世同,1.农产品加工型,武汉瑞泽园生物环保科技股份有限公司,91420116568354848E,94
I,0001-01-01,102,武汉市黄陂区罗汉寺街庙坡村小杜湾,全仁君,5.休闲农业、农业服务型,湖北泰辉农业发展有限公司,9142011658547362XE,102
I,0001-01-01,120,武汉市黄陂区蔡家榨街杨家石桥村,杨齐国,3.农产品生产型,武汉杨河谷农业发展有限公司,91420116MA4KXJA24Q,120
I,0001-01-01,127,武汉新洲区仓埠街丰乐村,袁惠文,6、农机制造型,武汉紫薇文旅集团有限公司,91420117562301497N,127
I,0001-01-01,138,武汉市新洲区旧街街道政府大院,陶冬珍,3.农产品生产型,武汉佳阳生态农业开发有限公司,91420117568398437X,138
I,0001-01-01,143,武汉市新洲区涨渡湖沐家泾,钱树双,3.农产品生产型,武汉市金地源农业科技发展有限公司,914201175623339828,143
I,0001-01-01,145,武汉市新洲区旧街街姚河村,祝桂珍,2.农产品加工型,新洲区旧街城楼寨茶厂,914201177680560793,145
I,0001-01-01,169,蔡甸区索河镇群益村四组,杨艾平,梅花鹿养殖、农业种植、农产品生产,武汉金三鑫鹿业有限公司,91420114055734722L,169
I,0001-01-01,196,武汉市蔡甸区永安街红城路特1号,张万明,1、农产品加工型,武汉厨之道食品有限公司,91420114587983359N,196
I,0001-01-01,200,湖北省武汉市汉南区湘口街,余杰,5休闲农业、农业服务型,湖北楚湘农业发展股份有限公司,91420113066817128P,200
I,0001-01-01,212,汉南区东荆街杜家畈村,刘军凯,3.农产品生产型,武汉龙凯农业发展有限公司,91420113074499852P,212
I,0001-01-01,216,武汉经济技术开发区（汉南区）邓南街水一村,陈红心,1.农产品加工型,武汉大北农农牧发展有限公司,91420113070521995L,216
I,0001-01-01,231,武汉市江夏区金水办事处武当村港尖小区171号,吴近货,1,武汉市金水祺良农副产品有限公司,914201155655840743,231
I,0001-01-01,240,武汉市江夏区金口街金槐路,苏德涛,农产品加工型,武汉市江夏金口八一渔业食品有限公司,91420115744767183E,240
I,0001-01-01,243,武汉市江夏区郑店街劳四村土库咀,金凤,3.农产品生产型5.休闲农业、农业服务型,湖北丛霖农业生态有限责任公司,914201155655921465,243
I,0001-01-01,245,武汉市江夏区纸坊街大花岭街2号,董劲,1、农产品加工型,中百集团武汉生鲜食品加工配送有限公司,91420115555024014F,245
I,0001-01-01,265,武汉市东西湖区七雄路55号,何旭东,1,武汉旭东食品有限公司,91420112717920293R,265
I,0001-01-01,275,武汉市东西湖区吴家山五支沟团结大道南,付俊,农产品加工型,湖北海大饲料有限公司,9142000073912137XF,275
I,0001-01-01,278,武汉市东西湖区慈惠办事处惠安大道815号,李光渊,1，3,武汉市武食食品有限公司,91420112737545363R,278
I,0001-01-01,279,武汉市东西湖区东山办事处五一大队,孙望顺,3、5,湖北风正顺生态农业开发有限公司,91420112055709041U,279
I,0001-01-01,296,武汉市东西湖区吴家山六支沟田园大道108号,宋红林,农产品流通型,武汉市梦园冷链物流有限公司,91420112711955022A,296
I,0001-01-01,303,武汉市东西湖区高桥产业园台中大道特1号,马蜂,农产品流通,武汉仟吉冷链物流仓储管理有限公司,91420112066830234G,303
I,0001-01-01,14,武汉市东湖新技术开发区神墩一路228号,祁先超,1.农产品加工型,湖北惠民农业科技有限公司,91420000744637207H,14
I,0001-01-01,17,硚口区崇仁路148号,张岳峰,4,武汉黄鹤楼茶叶有限公司,91420104774577129M,17
I,0001-01-01,19,武汉市洪山区洪山街新路村特2号,冯永梅,农产品生产型,武汉豆香聚南苑食品有限公司,91420100688835400Q,19
I,0001-01-01,23,武汉市汉口青岛路7号,钟春明,1.2.4,湖北银丰实业集团有限责任公司,9142000070709942XT,23
I,0001-01-01,34,武汉市东湖新技术开发区光谷三路777号武汉光谷保税国际交流中心701,汪兵,3.农产品生产型,湖北浩思弘雅农业科技有限公司,91420106574916384J,34
I,0001-01-01,38,"武汉市洪山区野芷湖西路创意天地9栋8楼802室 ",杜家明,2.农产品流通型4.农产品专业批发市场型5.休闲农业、农业服务型,武汉湖广农业科技股份有限公司,91420111303466481L,38
I,0001-01-01,44,武汉市洪山区珞狮南路519号高农大厦1303,苏可先,农产品生产型,武汉中博水产生物技术有限公司,914201007781977138,44
I,0001-01-01,58,武汉市江汉区淮海路泛海国际SOHO城5栋2207室,叶斌,农产品流通型,武汉恒记联合科技有限公司,91420112MA4KQK5R1H,58
I,0001-01-01,67,武汉市江汉区解放大道1409号,丁萌,5,湖北金海桥肥业有限公司,91420100799780668N,67
I,0001-01-01,71,武汉市黄陂区汉口北大道204号国英农业产业园,丁俊平,3.农产品生产型,武汉国英种业有限责任公司,91420116783187675G,71
I,0001-01-01,85,黄陂区武湖街新华大道9号,陈国华,1.农产品加工型,武汉市华发羽绒制品有限公司,91420116725758644R,85
I,0001-01-01,97,黄陂区姚家集街道竹林村,陈礼明,3.农产品生产型,武汉市楚扬养殖有限公司,9142011659453405X6,97
I,0001-01-01,122,武汉市新洲区汪集工业园特一号,黄进,1、农产品加工型,武汉高龙水产食品有限公司,91420100799754996A,122
I,0001-01-01,123,武汉市新洲区徐古傎富山村,夏云,3、农产品生产型,武汉天添食用菌科技有限公司,91420117783169119P,123
I,0001-01-01,155,新洲区凤凰镇,詹才辰,5.休闲农业、农业服务型,武汉红枫彩叶农业发展有限公司,91420117303357437M,155
I,0001-01-01,159,武汉市新洲区阳逻经济开发区余泊大道36号,钟廷毅,1.农产品加工型,维他奶（武汉）有限公司,91420100303568162P,159
I,0001-01-01,175,蔡甸区侏儒山街,王启建,3.农产品生产型,武汉博茂生态农业发展有限公司,91420114587989953H,175
I,0001-01-01,176,蔡甸区玉贤街蝙蝠农业园,杨文斌,3.农产品生产型,武汉大洋渔业有限公司,914201147831621010,176
I,0001-01-01,186,蔡甸区张湾街五一村,徐庆芳,农产品流通型、生产型,武汉市绿家园农业发展有限公司,91420114691859737Y,186
I,0001-01-01,228,武汉市江夏区郑店黄金工业园黄金南路,刘志凌,3.农产品生产型,武汉家家乐饲料股份有限公司,91420115799774858X,228
I,0001-01-01,249,武汉市江夏区安山街马安路75-1号,程云华,农机制造型,华友天宇科技（武汉）股份有限公司,91420115578297170N,249
I,0001-01-01,254,江夏区安山镇青春村九组曹家湾,敖进,3、农产品生产型,武汉青村生态农业有限公司,91420115558424240E,254
I,0001-01-01,262,东西湖区走马岭汇通大道7号,肖空军,1,天喔（武汉）食品有限公司,91420100688839460U,262
I,0001-01-01,280,东西湖区吴家山六顺路南70号,姚永春,农产品加工型,湖北汇春实业集团股份有限公司,914201127335757176,280
I,0001-01-01,282,新沟镇街道办事处纺新街41号,聂随娥,农业生产型,武汉中农南方科技有限公司,91420112303440214Y,282
I,0001-01-01,283,武汉市东西湖区金银湖环湖路57号中部慧谷30栋　,郭志先　,3,湖北康欣科技开发有限公司　,914200007068008000,283
I,0001-01-01,286,走马岭革新大道3号,王秀梅,农产品加工型,武汉市玫隆皇冠食品有限公司,914201125683972588,286
I,0001-01-01,4,武汉市洪山区白沙洲大道红霞物流园8栋,巴能文,2.农产品流通型,武汉家事易农业科技有限公司,91420111562300902C,4
I,0001-01-01,6,武汉市武昌区徐东大街8号徐家棚匠心城大厦K9-F16,万卫东,1.农产品加工型2.农产品流通型3.农产品生产型5.休闲农业、农业服务型,湖北省粮油（集团）有限责任公司,914200007227361592,6
I,0001-01-01,13,武汉市东湖高新区关南工业园关南园路17号,钱志强,农业服务型,武汉科诺生物科技股份有限公司,"91420100714538187P ",13
I,0001-01-01,15,武汉市汉阳区黄金口工业园金色环路9号,郭道雄,3.农产品生产型,武汉福达食用油调料有限公司,91420105728286750L,15
I,0001-01-01,27,武汉市东湖新技术开发区光谷大道62号,吴陵松,休闲农业、农业服务,湖北华之夏种子有限责任公司,914201007997955011,27
I,0001-01-01,28,武汉市江汉经济开发区江旺路8号红T时尚购物街区6号楼5F01A,李新春,5,武汉聚农通农业发展有限公司,91420103584855271E,28
I,0001-01-01,30,武汉市武昌区丁字桥49-75号,曹庆云,农产品加工型农产品流通型农产品生产型,湖北中香农业科技股份有限公司,9142010672610129XK,30
I,0001-01-01,35,武汉市东湖新技术开发区神墩一路199号,苏美俐,农产品加工型,山川生物科技（武汉）有限公司,914201006791009123,35
I,0001-01-01,64,武汉市洪山区珞狮南路497号,郭菲,2.农产品流通型,武汉菁得利商贸发展有限公司,914201115879653965,64
I,0001-01-01,72,祁家湾街,赵发所,3.农产品生产型,武汉谦森岛庄园有限公司,9142011661658733XQ,72
I,0001-01-01,76,武汉市黄陂区武湖农场青龙分场青武大道特一号,邹爱标,1.农产品加工型,武汉英纽林生物科技有限公司,91420116594530630F,76
I,0001-01-01,78,武汉市黄陂区六指街甘棠大道（延长线黄泥山）,胡丹,"1、农产品加工型 ",武汉东方荣升米业有限公司,91420116799769696B,78
I,0001-01-01,83,黄陂区长岭镇黄土园村,陶茂文,5.休闲农业、农业服务型,武汉市脉地农业开发有限公司,91420116679135429Y,83
I,0001-01-01,84,武汉市黄陂区武湖农场工业园,左涛,3.农产品生产型,武汉新辰食品有限公司,914201167483390475,84
I,0001-01-01,86,黄陂区六指街西湖村,张志超,3.农产品生产型,武汉九洲通畜牧有限公司,91420116768055748W,86
I,0001-01-01,109,武汉市黄陂区武湖农场青龙分场武湖食品加工园,吴继学,3.农产品生产型,武汉精武人家食品工业园有限公司,914201160591593743,109
I,0001-01-01,110,武汉市黄陂区六指街甘棠大道227号,周东生,1.农产品加工型,武汉中天东恒科技发展有限公司　,91420116778179072Q　,110
I,0001-01-01,142,武汉市新洲区凤凰镇关圣村,周春发,3.农产品生产型,武汉东泰畜牧有限公司,9142011756556986XE,142
I,0001-01-01,151,邾城街城北工业园,刘光啟,1.农产品加工型,武汉市新洲宏发油脂工业有限公司,91420117728266178A,151
I,0001-01-01,161,武汉市新洲区旧街街,刘建林,3、农产品生产型,武汉少潭河农业生态有限公司,？9142011767278504XH,161
I,0001-01-01,164,武汉市新洲区仓埠街周铺,岳文雯,5、休闲农业、农业服务型,我家的地（武汉）农业科技有限公司,91420117MA4KU0284E,164
I,0001-01-01,171,蔡甸区蔡甸街姚家山广场花城2-1-802,朱元齐,3.农产品生产型（生猪养殖）,武汉市新星畜牧有限公司,91420114728289206C,171
I,0001-01-01,188,蔡甸区张湾街太山村,朱家勋,3.农产品生产型,武汉绿佳科技有限公司,91420114751817652H,188
I,0001-01-01,190,武汉市蔡甸区永安街炉房村,余彩霞,5.休闲农业，农业服务型,武汉大好河山旅游发展有限公司,91420114572046581T,190
I,0001-01-01,192,武汉市蔡甸区奓山街老世陈村,"  陈清","  农产品生产型",武汉市育清园艺有限公司,91420114584871968B,192
I,0001-01-01,197,武汉市蔡甸区永安街严湾村,蔡灵飞,3有限责任公司,湖北科技之光生态农业发展有限公司,91420114737541055X,197
I,0001-01-01,203,武汉市洪山区珞狮北路2号樱花大厦A座9楼,李从朗,1农产品加工型,武汉武大天源生物科技股份有限公司,91420100731080139A,203
I,0001-01-01,210,武汉市经济技术开发区（汉南区）汉南大道978号,柳治国,农产品加工型,武汉长兴食品饮料有限公司,9142011372575233D,210
I,0001-01-01,224,江夏区纸坊街文化路33号武汉农商行14楼,雷贤忠,3,武汉市江夏区金龙畜禽有限责任公司,91420115755128635W,224
I,0001-01-01,239,武汉市江夏区山坡街胜丰村,李菊,3.农产品生产型,武汉胜丰丰庭生态农业股份有限公司,91420115551996-105H,239
I,0001-01-01,246,武汉市江夏区庙山小区邬树村,胡其才,5,武汉市南国绿化工程有限公司,91420115733558183G,246
I,0001-01-01,250,江夏区大花岭工业园C区12号厂房钢结构厂区西半边及附属办公楼1.2.3.4楼,彭文杰,2.农产品流通型,武汉市华大百果蔬农贸有限责任公司,91420111077715506G,250
I,0001-01-01,251,江夏区安山街安山产业园,景　郁,1.农产品加工型,澳必福（湖北）食品有限公司,91420115MA4KL9PR1U,251
I,0001-01-01,270,湖北省武汉市东西湖区柏泉办事处,张艳艳,5.休闲农业、农业服务型,湖北吉农沃尔特农业有限公司,914201126888422848Q,270
I,0001-01-01,277,武汉市东西湖区慈惠农场场部（8）,陈勇,农产品加工型,武汉国雄饲料科技有限公司,914201007414338667,277
I,0001-01-01,291,武汉市东西湖区新沟镇街道办事处纺新街41号,王志明,3.农产品生产型,湖北七彩龙珠农业发展有限公司,91420112574925766K,291
I,0001-01-01,297,武汉市东西湖走马岭食品2路88号（13）,刘波,1,武汉仁川食品有限公司,914201123034233187,297
I,0001-01-01,301,武汉市东西湖区吴家山街二雅路237号,周家祥,2、3、4、5,武汉临空港经济技术开发区农业发展投资集团有限公司,91420112MA4KW3Y28Q,301
I,0001-01-01,26,武汉东湖新技术开发区高新大道888号高农生物园18栋,徐海芹,3.农产品生产型,法雅生态环境集团有限公司,914201007282628630,26
I,0001-01-01,41,武汉市洪山区野芷湖西路16号创意天地10-1302,刘善德,5.休闲农业、农业服务型,武汉科珈种业科技有限公司,91420100551955719U,41
I,0001-01-01,55,武汉市青山区建设二路11号中建开元公馆9栋/单元1-2层,谭仁凤,农产品流通型,武汉汇农生态农业发展有限公司,91420107333540988U,55
I,0001-01-01,62,湖北省武汉市武昌区友谊大道308号福莱中心6号楼33层,庞虎,农产品流通型,湖北省生态农业有限公司,91420000795913830w,62
I,0001-01-01,63,武汉市东湖新技术开发区南湖大道112号清水源16号,高雪刚,3.农产品生产型,湖北金广农业科技股份有限公司,91420100333549798D,63
I,0001-01-01,68,武汉市黄陂区三里镇银湖大道52号,赵祖凯,3.农产品生产型,武汉天种畜牧有限责任公司,91420116778165818X,68
I,0001-01-01,69,武汉市黄陂区武湖农场滨湖分场,陆伟,1.农产品加工型,武汉市仟吉食品有限公司,9142011677816867M,69
I,0001-01-01,81,武汉市黄陂区大潭原种场直属村,王荣华,3、农产品生产型,湖北丰华现代农业开发有限公司,9142000067647745Q,81
I,0001-01-01,91,武汉市黄陂区姚集街河畈村,陈海青,3.农产品生产型,武汉市黄陂木兰池养殖有限责任公司,91420116764647752T,91
I,0001-01-01,95,武汉市黄陂区六指街新华村刘佐铺湾,吴珍珍,3.农产品生产型,武汉健业食用菌股份有限公司,91420116578252116E,95
I,0001-01-01,99,武汉市黄陂区姚集街石桥村特1号,卢永本,5.休闲农业、农业服务型,武汉石桥源生态发展有限公司,914201160705204581H,99
I,0001-01-01,101,黄陂区罗汉街花石桥,陶亮,1、农产品加工型,武汉市黄陂区连心米业有限公司,9142011678317150XT,101
I,0001-01-01,114,武汉市黄陂区李家集街泡桐店村,江四毛,3.农产品生产型,武汉木兰春然实业发展有限公司,91420116303494255K,114
I,0001-01-01,117,武汉市黄陂区木兰乡谌寨村谌铁家大湾,谌忠伍,3.农产品生产型,武汉市明日谌寨生态农业有限公司,91420116685439197W,117
I,0001-01-01,125,新洲区邾城街永安大道,刘斌,5、休闲农业、农业服务型,武汉绿洲源农业集团有限公司,91420117679127162H,125
I,0001-01-01,128,武汉市新洲区凤凰镇郑元村,李珂静,5、休闲农业、农业服务型,湖北东方神农生态科技开发有限公司,91420000673652265H,128
I,0001-01-01,137,新洲区邾城街江夏大道34号,邵仁红,1、农产品加工型,武汉市新洲群兴米业有限公司,914201177227179000,137
I,0001-01-01,144,武汉市新洲区凤凰镇凤凰街,温箐,3.农产品生产型,武汉宏博泰生态茶业有限公司,91420117074454750J,144
I,0001-01-01,152,武汉市新洲区旧街街石咀村石咀湾,黄细姣,3.农产品生产型,武汉大雾山茶业有限公司,91420117568357766Q,152
I,0001-01-01,153,新洲区旧街街姚河村牌楼湾,胡利辉,1.农产品加工型、2.农产品流通型、3.农产品生产型、4.农产品专业批发市场型、,武汉市大家山茶业有限公司,91420117303752509L,153
I,0001-01-01,157,武汉市新洲区城北工业园金凤西路5号,黄潮,1.农产品加工型,武汉市华明达蜂业有限公司,9142117303636305P,157
I,0001-01-01,160,武汉市新洲区旧街街,王林彤,1.农产品加工型,武汉绿然源农业科技开发有限公司,914200709315557XG,160
I,0001-01-01,162,武汉市新洲区三店街七里村,孙信明,3、农产品生产型,武汉荷香水美生态农业有限公司,91420117MA4KMCHN11,162
I,0001-01-01,166,新洲区阳逻街沿江道,林志刚,3.农产品生产型,武汉绿宇生态农业有限公司,914201175782624028,166
I,0001-01-01,167,武汉市蔡甸区永安街曹河村,周厚冰,3.农产品生产型,武汉荷香源农业发展有限公司,91420114578272969W,167
I,0001-01-01,168,武汉市蔡甸区索河街金龙村,刘义高,休闲农业、农业服务型,武汉金龙湖农业生态植物有限公司,91420114774557750Y,168
I,0001-01-01,170,武汉市蔡甸区凤凰山开发区凤凰路22号,郭骥鑫,农产品生产型,武汉新农牛肉卤制品有限公司,91420114675820525Q,170
I,0001-01-01,179,武汉市蔡甸区张湾工业园特88号,苏德涛,农产品流通型,武汉零点绿色食品股份有限公司,91420114768072896G,179
I,0001-01-01,182,蔡甸区张湾街白湖,徐德忠,4、农产品专业批发市场型,武汉市得民特种养殖有限公司,91420114551995024X,182
I,0001-01-01,189,蔡甸区侏儒山街功德街,袁昌进,3.农产品生产型,武汉市利丰园农业开发有限公司,91420114551988895K,189
I,0001-01-01,191,武汉市蔡甸区蔡甸街永利村,叶建桥,5.休闲农业，农业服务型,武汉新久园艺有限公司,91420114725798865C,191
I,0001-01-01,194,湖北武汉蔡甸区玉贤镇车岭村,张剑锋,农产品加工型,湖北金棒棒食品开发有限公司,91420114066840483J,194
I,0001-01-01,207,武汉市汉南区邓南街南庄村,邓艳红,3、农产品生产型,湖北誉隆祥农业有限公司,91420113574923533U,207
I,0001-01-01,217,武汉市江夏区谭鑫培路南53号,周宇,1、2、3,武汉中粮肉食品有限公司,91420100741420002R,217
I,0001-01-01,225,武汉市江夏区郑店黄金工业园区,王克俭,1,武汉天龙饲料有限公司,91420115717984844G,225
I,0001-01-01,233,武汉市江夏区郑店街劳七村,吴中华,3,湖北维民种苗有限公司,91420115587963200Y,233
I,0001-01-01,241,武汉市江夏区大桥工业园特1号,吴跃林,1、3,武汉市汤逊湖小田园水产品有限公司　,91420115768088780H,241
I,0001-01-01,253,江夏区纸坊街武昌大道北华街67号,武建平,5.农业服务型,武汉金丰源农资连锁配送有限公司,91420115768064589W,253
I,0001-01-01,258,武汉市东西湖区张柏路218号,张卫元,5.休闲农业、农业服务型,武汉回盛生物科技股份有限公司,9142011273354032X9,258
I,0001-01-01,268,东西湖区吴家山台商投资区新华工业园,陈自然,农产品加工型,武汉源香食品有限公司,91420112758154281G,268
I,0001-01-01,288,东西湖区走马岭汇通大道2-1号,崔尧,农产品加工型,武汉阿楚食品有限公司,91420112572028455G,288
I,0001-01-01,299,武汉市东西湖区走马岭街食兴路N3,徐鹏,农产品加工型,武汉金香园食品有限公司,914201123472032960,299
I,0001-01-01,11,武汉市硚口区常码头787号农业科技大厦,李景中,农产品加工型、农产品生产型、休闲农业、农业服务型、农机制造型,武汉农业集团有限公司,914201007335599527,11
I,0001-01-01,22,武汉市新华路316号良友大厦26层,周勇,农产品流通型,湖北省粮油食品进出口集团有限公司,91420000177584988P,22
I,0001-01-01,25,武汉东湖开发区高新大道888号高农生物园总部B区1#楼520室,曹永胜,农产品生产型,武汉隆福康农业发展有限公司,91420100771394722A,25
I,0001-01-01,29,江汉区建设大道715号,熊先胜,休闲农业、农业服务,武汉市农业投资有限公司,91420100737528336R,29
I,0001-01-01,31,武汉市东湖开发区珞狮南路501号,王戈达,农产品加工型,武汉易生生物科技有限公司,9142010072273636XH,31
I,0001-01-01,33,武汉市东湖高新区关山大道光谷创意产业基地A座601-606室,李善学,3.农产品生产型,湖北和瑞能源科技股份有限公司,91420100688820655W,33
I,0001-01-01,43,武汉市洪山区石牌岭西路一号办公楼三楼,李明,2.农产品流通型,湖北楚农庄绿色食品有限公司,914201113034254871,43
I,0001-01-01,49,武汉东湖新技术开发区高新大道888号高农生物园总部A区15栋810、811室,廖国华,农产品加工型,武汉伟嘉生物技术有限公司,9142010057204042X1,49
I,0001-01-01,56,武汉洪山区民族大道一号光谷资本大厦二楼2018室、2019室、2020室、2013室,严建红,4.农产品专业批发市场型,武汉陆羽国际茶业交易中心有限公司,914201003472316093,56
I,0001-01-01,66,武汉市武昌区首义路顺民大厦C1902,崔惠玲,农产品生产型,武汉亚非种业有限公司,914201067831615121,66
I,0001-01-01,73,黄陂区滠口街道贯泉特1号,涂贵华,1.农产品加工型,武汉市明翔肉类食品有限公司,91420116761225044D,73
I,0001-01-01,92,武汉市黄陂区横店街　,彭光俊,1.农产品加工型,武汉思维特食品股份有限公司,91420116778185149U,92
I,0001-01-01,96,黄陂区盘龙城经济开发区刘店,梅刚进,1.农产品加工型,武汉益业肉类食品有限公司,914201166783187122M,96
I,0001-01-01,107,黄陂区川龙大道28号爱帝时尚产业园,胡爱娣,1、2,武汉爱帝针纺实业有限公司,91420116673680434T,107
I,0001-01-01,121,武汉市黄陂区王家河街聂家岗,聂权,休闲农业,武汉木兰草原旅游发展股份有限公司,91420116783166794E,121
I,0001-01-01,130,武汉市新洲区阳逻经济技术开发区,杨博仁,农产品加工型,升阳食品（武汉）有限公司,914201177483419990,130
I,0001-01-01,131,双柳蔬菜加工园19号,叶方雄,农产品加工型,武汉市汉味鲜绿色食品有限公司,91420117755132079L,131
I,0001-01-01,133,新洲区仓埠街,张堤文,3、农产品生产型,武汉文腾集团生态养殖有限公司,914201176667837936,133
I,0001-01-01,135,武汉市新洲区仓埠街松林村特1号,周安明,"3、农产品生产型、5、休闲农业、农业服务型   ",武汉市广开源农业生态休闲有限公司,91420117792402197C,135
I,0001-01-01,136,武汉市新洲区仓埠街方杨南街,刘明富,1.农产品加工型,武汉市富杨棉制品有限责任公司,91420117178388081N,136
I,0001-01-01,148,武汉市阳逻经济开发区金阳大道23号,刘楠,1.农产品加工型,武汉中粮食品科技有限公司,914201005623409989,148
I,0001-01-01,156,武汉市新洲区阳逻经济开发区金发大道南5号,周永顺,1.农产品加工型,武汉正大有限公司,91420100616409402F,156
I,0001-01-01,165,武汉市新洲区凤凰镇,杨争光,3.农产品生产型,武汉扬名农业开发有限公司,914200709315557XG,165
I,0001-01-01,178,武汉市蔡甸区玉贤镇车岭村,王博,3.农产品生产型,武汉景秀大地生态农业发展有限公司,91420114587978357W,178
I,0001-01-01,180,蔡甸区玉贤镇纪庄村天广缘,杨明星,农产品生产型,武汉绿道园林工程有限公司,91420114572046602B,180
I,0001-01-01,187,蔡甸区永安街高新村,冯军,3.农产品生产型,武汉绿乐农业科技有限公司,914201140668383161,187
I,0001-01-01,198,蔡甸区消泗乡洪河村,方银华,3.农产品生产型,武汉尊沁水产科技有限公司,91420114MA4KP4X420,198
I,0001-01-01,206,湖北省武汉市汉南区华顶工业园A-02,王秀红,1.农产品加工型,武汉得时利食品有限公司,91420113663452390K,206
I,0001-01-01,211,武汉市汉南区薇湖路392号,彭巧兰,1.农产品加工型,武汉市金汇泉食品饮料有限公司,91420113755112350E,211
I,0001-01-01,213,武汉经济技术开发区军山街王家一号,解勇,3.农产品生产型,湖北永铭胜景生态农业发展有限公司,914201007581526491,213
I,0001-01-01,221,江夏庙山开发区幸福三路1号,张先炳,1.农产品加工型,武汉华丽环保科技有限公司,91420100724696752U,221
I,0001-01-01,222,武汉市江夏区乌龙泉街杨湖村特1号,林万清,3.农产品生产型,湖北金林原种畜牧有限公司,91420115733541074J,222
I,0001-01-01,232,武汉市江夏区法泗街怡山湾,胡贤和,3,武汉银河生态农业有限公司,914201157581874032,232
I,0001-01-01,248,湖北省武汉市江夏区郑店街                        武汉市农业科学院水产研究所内,苏可先,农产品生产型,武汉先锋水产科技有限公司,914201117447633341,248
I,0001-01-01,259,东西湖慈惠农场良种站,邵斌,1,益海嘉里（武汉）粮油工业有限公司,914201007447795,259
I,0001-01-01,260,湖北省武汉市东东西湖区金山大道海口工业园1355号,辛利鑫,农产品生产型,湖北友芝友乳业有限责任公司,914201007819817019,260
I,0001-01-01,267,武汉市东西湖区食品加工区汇通大道特一号,石琨,1.农产品加工型企业,如意情生物科技股份有限公司,914201125550416078,267
I,0001-01-01,284,东西湖区三店农场集镇41号,蓝程光,农产品加工型,武汉市吉人食品工业有限责任公司,91420112722735631X,284
I,0001-01-01,292,东西湖区新城十三路首拓汽车园,何惠军,农产品专业批发市场型,湖北天裕成饲料有限公司,91420112303383125F,292
I,0001-01-01,295,东西湖区食品加工区汇通大道98号,胡冬梅,1,湖北汇东农产品有限公司,91420104343484583D,295
I,0001-01-01,298,武汉市东西湖区长青办事处革新大道572号,纪青松,农产品加工型,湖北天济中药饮片有限公司,91420000753400279U,298
I,0001-01-01,10,武汉市东湖高新区珞狮南路519号高农大厦1501,徐维烈,3.农产品生产型,武汉合缘绿色生物股份有限公司,91420100741412715J,10
I,0001-01-01,12,武汉市东湖新技术开发区高新大道666号生物创新园A21栋15层,吴永林,农产品生产型,国药集团动物保健股份有限公司（原武汉中博生物股份有限公司）,91420100711948463R,12
I,0001-01-01,16,武汉市东湖新技术开发区高新大道888号高农生物园总部B区1#楼107,贡献,3.农产品生产型,湖北农垦联丰现代农业集团有限公司,9142010633349722X7,16
I,0001-01-01,37,武汉市洪山区珞狮南路519号明泽丽湾2-1703室,栾志峰,农产品生产型,武汉艾福美生物技术有限公司,91420111771382588F,37
I,0001-01-01,39,武汉市洪山区珞狮南路519号高农大厦11楼1103A号？,周元坤,农产品生产型,武汉佳禾生物科技有限责任公司,91420100555039830N,39
I,0001-01-01,47,武汉市东湖新技术开发区珞狮南路519号明泽丽湾2栋7层03号A,丁美顺,农产品生产型,湖北谷神科技有限责任公司,9142010067580797XQ,47
I,0001-01-01,52,武汉市珞狮南路517号国家农业园区,秦慧豹,休闲农业、农业服务型,湖北蔬谷农业科技有限公司,91420100591079936D,52
I,0001-01-01,53,武汉市江岸区三阳路铂仕汇广场15A,黄发礼,2.农产品流通型,湖北供销合作电子商务有限公司,91420000MA48BKT94Y,53
I,0001-01-01,54,武汉市江岸区汉黄路888号10号楼10楼,严朝晖,2.农产品流通型,武汉农村电子商务有限公司,91420102MA4KW8K65R,54
I,0001-01-01,61,武昌区徐家棚街徐东大街6号汇通天地B塔栋15层3号,张平,农产品流通型,淘大集（武汉）供应链有限公司,91420106MA4K2RAT80,61
I,0001-01-01,88,武汉市黄陂区罗汉寺街（白沙洲农副产品批发市场）,陈忠生,1.农产品加工型,武汉大东门水产贸易有限公司,914201167551342502,88
I,0001-01-01,90,武汉市黄陂区六指街甘棠大道158号,潘三翠,3.农产品生产型,"武汉杰灵农业开发股份有限公司  ",914201167997832790,90
I,0001-01-01,100,武汉市黄陂区长轩岭街桃园河特一号,刘智,3.农产品生产型,湖北天耕生态农业发展有限公司,91420116052016207W,100
I,0001-01-01,111,武汉黄陂区王家河街玉枝店村29号,胡利,3.农产品生产型,武汉恒兴源生态农业发展有限公司,9142011630371908XK,111
I,0001-01-01,129,武汉市新洲区三店街井塘村第8栋1-3层,黄朝阳,1.农产品加工型,武汉市大兴蜂业有限责任公司,91420117731069036H,129
I,0001-01-01,140,武汉市新洲区汪集街工业园特2号,余建栋,3.农产品加工型,湖北玉如意食品有限公司,914201170705226211,140
I,0001-01-01,141,武汉市新洲区潘塘街管寨村,栾志峰,3.农产品生产型,武汉丰美禾畜牧科技有限公司,91420117074462072c,141
I,0001-01-01,146,新洲区凤凰镇凤凰寨村胡青湾,余红梅,5、休闲农业、农业服务型,武汉凤娃古寨旅游发展有限公司,91420117MA4KMN6C1G,146
I,0001-01-01,174,蔡甸区永安街高新村,李强,3.农产品生产型,湖北菱湖尚品洪山菜苔农业发展有限公司,9142011158795796X2,174
I,0001-01-01,184,武汉市蔡甸区高庙猫山井38号,王希,农产品加工型,武汉香满园食品有限公司,91420114758196975X,184
I,0001-01-01,185,蔡甸区侏儒山南岭河,刘志敏,1.农产品加工型,武汉市侏儒山食品有限公司,914201147924409000,185
I,0001-01-01,193,蔡甸区索河街梅池村,吴淼淼,休闲农业、农业服务型,武汉市乐活汇生态农业有限公司,9142011459107182XD,193
I,0001-01-01,195,从蔡甸区消泗乡七壕村175号,徐建平,农产品生产型,武汉沉湖七壕生态农业发展有限公司,91420114MA4KLHD064,195
I,0001-01-01,199,武汉市汉南经济发展区工业大道2号,刘海元,3.农产品生产型,武汉大汉口食品有限公司,91420113778186862U,199
I,0001-01-01,204,武汉市汉南区协子河18号,蔡防修,1.农产品加工型,武汉阿卜沃德食品有限公司,91420113733566319K,204
I,0001-01-01,214,武汉经济技术开发区枫树三路16附1号,李成灿,1.农产品加工型,武汉迈森豪餐饮管理有限公司,914201006667672329,214
I,0001-01-01,215,汉南区邓南街水一村,周永顺,3.农产品生产型,武汉正大水产有限公司,91420100070515755F,215
I,0001-01-01,219,武汉市江夏区大桥新区八分山街,孙毅,1,武汉蜂之巢生物工程有限公司,91420115733571126G,219
I,0001-01-01,220,武汉市江夏区郑店街劳七村魏樊湾附88号,吴小华,3、5,湖北凡华农业科技发展有限公司,9142011568541474XU,220
I,0001-01-01,229,武汉市江夏区乌龙泉街道新农村,贺超,3、5,武汉超拓生态农业有限公司,914201156667860546,229
I,0001-01-01,247,武汉市江夏区郑店街关山桥主璧园3-2号,全光众,农产品生产型,湖北天汇源农业科技发展有限公司,914201153472379550,247
I,0001-01-01,257,武汉市东西湖区走马岭汇通大道8-1号,唐勇,1.农产品加工型,湖北周黑鸭食品工业园有限公司,91420112691891139B,257
I,0001-01-01,261,武汉市东西湖区张柏路1号,周本桂,农产品加工型,武汉光明乳品有限公司,91420112714514484F,261
I,0001-01-01,266,湖北省武汉市东西湖区走马岭工业园（13）,马相杰,农产品加工型,湖北武汉双汇食品有限公司,91420112761215081N,266
I,0001-01-01,287,东西湖区走马岭食品大道6号,苏锦章,农产品生产型,湖北武功记食品有限公司,91420112052020302M,287
I,0001-01-01,300,武汉市东西湖区走马岭食品一路13号,周春平,1,湖北皮皮鸭食品有限公司,91420112MA4KPQB770,300
