<?xml version="1.0" encoding="UTF-8"?>
<lst>
<num>14</num>
</lst>
<books>
<book>
<DATA_UP_STATUS>I</DATA_UP_STATUS>
<DATA_UP_TIME>2021-05-20 11:16:56.0</DATA_UP_TIME>
<DATA_UP_UUID>3</DATA_UP_UUID>
<DZ>湖北省武汉市江夏区</DZ>
<LXDH>136****9657</LXDH>
<LXR>邓**</LXR>
<QYMC>武汉盟发牧业科技有限公司</QYMC>
</book><book>
<DATA_UP_STATUS>I</DATA_UP_STATUS>
<DATA_UP_TIME>2021-05-20 11:16:56.0</DATA_UP_TIME>
<DATA_UP_UUID>DD655DBB5B914F038415F9D117914ABC</DATA_UP_UUID>
<DZ>湖北省武汉市江夏区纸坊街世纪大道53号</DZ>
<LXDH>139****2822</LXDH>
<LXR>张**</LXR>
<QYMC>武汉中粮肉食品有限公司</QYMC>
</book><book>
<DATA_UP_STATUS>I</DATA_UP_STATUS>
<DATA_UP_TIME>2021-05-20 11:16:56.0</DATA_UP_TIME>
<DATA_UP_UUID>6EE88BAE7FEC4771A21E39CCD28486CE</DATA_UP_UUID>
<DZ>武汉市江夏区法泗镇</DZ>
<LXDH>189****2472</LXDH>
<LXR>裴**</LXR>
<QYMC>武汉市桂子米业有限公司</QYMC>
</book><book>
<DATA_UP_STATUS>I</DATA_UP_STATUS>
<DATA_UP_TIME>2021-05-20 11:16:56.0</DATA_UP_TIME>
<DATA_UP_UUID>3478C72BED674376A488454CB84E0241</DATA_UP_UUID>
<DZ>武汉白沙洲农副大市场</DZ>
<LXDH>139****1317</LXDH>
<LXR>吴**</LXR>
<QYMC>武汉市梁子湖水产集团有限公司</QYMC>
</book><book>
<DATA_UP_STATUS>I</DATA_UP_STATUS>
<DATA_UP_TIME>2021-05-20 11:16:56.0</DATA_UP_TIME>
<DATA_UP_UUID>AC3DD96A07C94F48B5D4AB1F6457F6DA</DATA_UP_UUID>
<DZ>武汉市江夏区文化路农村商业银行大楼14楼</DZ>
<LXDH>135****7292</LXDH>
<LXR>王**</LXR>
<QYMC>武汉市江夏区金龙畜禽有限责任公司</QYMC>
</book><book>
<DATA_UP_STATUS>I</DATA_UP_STATUS>
<DATA_UP_TIME>2021-05-20 11:16:56.0</DATA_UP_TIME>
<DATA_UP_UUID>45C7614ADC454FF98438228EE22FBDDE</DATA_UP_UUID>
<DZ>湖北省武汉市江夏区大桥新区国家农业科技园区</DZ>
<LXDH>139****0985</LXDH>
<LXR>汪**</LXR>
<QYMC>武汉梁子湖水产品加工有限公司</QYMC>
</book><book>
<DATA_UP_STATUS>I</DATA_UP_STATUS>
<DATA_UP_TIME>2021-05-20 11:16:56.0</DATA_UP_TIME>
<DATA_UP_UUID>C2CCDFB4D8DE4A4BAFDCF4D7224F977B</DATA_UP_UUID>
<DZ>湖北省武汉市江夏区G107(京深线)</DZ>
<LXDH>139****3450</LXDH>
<LXR>胡**</LXR>
<QYMC>湖北凡华农业科技发展有限公司</QYMC>
</book><book>
<DATA_UP_STATUS>I</DATA_UP_STATUS>
<DATA_UP_TIME>2021-05-20 11:16:56.0</DATA_UP_TIME>
<DATA_UP_UUID>1</DATA_UP_UUID>
<DZ>湖北省武汉市江夏区G107(京深线)</DZ>
<LXDH>139****1612</LXDH>
<LXR>于**</LXR>
<QYMC>武汉沛美达农业科技有限公司</QYMC>
</book><book>
<DATA_UP_STATUS>I</DATA_UP_STATUS>
<DATA_UP_TIME>2021-05-20 11:16:56.0</DATA_UP_TIME>
<DATA_UP_UUID>D95570858C284958AAF12FDCFAC8CCB3</DATA_UP_UUID>
<DZ>武汉市江夏区法泗镇怡山湾</DZ>
<LXDH>159****8121</LXDH>
<LXR>胡**</LXR>
<QYMC>武汉银河生态农业有限公司</QYMC>
</book><book>
<DATA_UP_STATUS>I</DATA_UP_STATUS>
<DATA_UP_TIME>2021-05-20 11:16:56.0</DATA_UP_TIME>
<DATA_UP_UUID>4</DATA_UP_UUID>
<DZ>湖北省武汉市江夏区高新大道</DZ>
<LXDH>134****6315</LXDH>
<LXR>杨**</LXR>
<QYMC>武汉合缘绿色生物工程有限公司</QYMC>
</book><book>
<DATA_UP_STATUS>I</DATA_UP_STATUS>
<DATA_UP_TIME>2021-05-20 11:16:56.0</DATA_UP_TIME>
<DATA_UP_UUID>0296C63292574A14BC5384A5602FBC69</DATA_UP_UUID>
<DZ>湖北省武汉市江夏区庙山小区（大学园路32号）</DZ>
<LXDH>137****1204</LXDH>
<LXR>王**</LXR>
<QYMC>武汉小蜜蜂食品有限公司</QYMC>
</book><book>
<DATA_UP_STATUS>I</DATA_UP_STATUS>
<DATA_UP_TIME>2021-05-20 11:16:56.0</DATA_UP_TIME>
<DATA_UP_UUID>8E64D353DCC54849847A4198C07A4C33</DATA_UP_UUID>
<DZ>武汉市江夏区纸坊街文化路武汉农村商业银行12楼</DZ>
<LXDH>158****8252</LXDH>
<LXR>李**</LXR>
<QYMC>湖北金林原种畜牧有限公司</QYMC>
</book><book>
<DATA_UP_STATUS>I</DATA_UP_STATUS>
<DATA_UP_TIME>2021-05-20 11:16:56.0</DATA_UP_TIME>
<DATA_UP_UUID>58F9B837D5974DA5BF6AB9C1E5CF78D6</DATA_UP_UUID>
<DZ>武汉市江夏区金水闸曹家榜74号</DZ>
<LXDH>136****7339</LXDH>
<LXR>程**</LXR>
<QYMC>武汉绿孚生物工程有限责任公司</QYMC>
</book><book>
<DATA_UP_STATUS>I</DATA_UP_STATUS>
<DATA_UP_TIME>2021-05-20 11:16:56.0</DATA_UP_TIME>
<DATA_UP_UUID>2</DATA_UP_UUID>
<DZ>湖北省武汉市江夏区G107(黄金园路)</DZ>
<LXDH>189****9630</LXDH>
<LXR>董**</LXR>
<QYMC>武汉天龙饲料有限公司</QYMC>
</book>
</books>