﻿data_up_status,data_up_time,data_up_uuid,dz,lxdh,lxr,qymc
I,2021-05-20 11:16:56.0,3,湖北省武汉市江夏区,136****9657,邓**,武汉盟发牧业科技有限公司
I,2021-05-20 11:16:56.0,DD655DBB5B914F038415F9D117914ABC,湖北省武汉市江夏区纸坊街世纪大道53号,139****2822,张**,武汉中粮肉食品有限公司
I,2021-05-20 11:16:56.0,6EE88BAE7FEC4771A21E39CCD28486CE,武汉市江夏区法泗镇,189****2472,裴**,武汉市桂子米业有限公司
I,2021-05-20 11:16:56.0,3478C72BED674376A488454CB84E0241,武汉白沙洲农副大市场,139****1317,吴**,武汉市梁子湖水产集团有限公司
I,2021-05-20 11:16:56.0,AC3DD96A07C94F48B5D4AB1F6457F6DA,武汉市江夏区文化路农村商业银行大楼14楼,135****7292,王**,武汉市江夏区金龙畜禽有限责任公司
I,2021-05-20 11:16:56.0,45C7614ADC454FF98438228EE22FBDDE,湖北省武汉市江夏区大桥新区国家农业科技园区,139****0985,汪**,武汉梁子湖水产品加工有限公司
I,2021-05-20 11:16:56.0,C2CCDFB4D8DE4A4BAFDCF4D7224F977B,湖北省武汉市江夏区G107(京深线),139****3450,胡**,湖北凡华农业科技发展有限公司
I,2021-05-20 11:16:56.0,1,湖北省武汉市江夏区G107(京深线),139****1612,于**,武汉沛美达农业科技有限公司
I,2021-05-20 11:16:56.0,D95570858C284958AAF12FDCFAC8CCB3,武汉市江夏区法泗镇怡山湾,159****8121,胡**,武汉银河生态农业有限公司
I,2021-05-20 11:16:56.0,4,湖北省武汉市江夏区高新大道,134****6315,杨**,武汉合缘绿色生物工程有限公司
I,2021-05-20 11:16:56.0,0296C63292574A14BC5384A5602FBC69,湖北省武汉市江夏区庙山小区（大学园路32号）,137****1204,王**,武汉小蜜蜂食品有限公司
I,2021-05-20 11:16:56.0,8E64D353DCC54849847A4198C07A4C33,武汉市江夏区纸坊街文化路武汉农村商业银行12楼,158****8252,李**,湖北金林原种畜牧有限公司
I,2021-05-20 11:16:56.0,58F9B837D5974DA5BF6AB9C1E5CF78D6,武汉市江夏区金水闸曹家榜74号,136****7339,程**,武汉绿孚生物工程有限责任公司
I,2021-05-20 11:16:56.0,2,湖北省武汉市江夏区G107(黄金园路),189****9630,董**,武汉天龙饲料有限公司
