<?xml version="1.0" encoding="UTF-8"?>
<lst>
<num>6</num>
</lst>
<books>
<book>
<DATA_UP_STATUS>I</DATA_UP_STATUS>
<DATA_UP_TIME>2021-05-20 11:16:51.0</DATA_UP_TIME>
<DATA_UP_UUID>BC5DDB6ABFC040B2A2EFB88586D5DEF8</DATA_UP_UUID>
<DZ>郑店街老屋湖村,乌龙泉新生活村</DZ>
<JDMC>武汉沛美达农业科技限公司</JDMC>
<LXDH>139****4303</LXDH>
<LXR>王继渡</LXR>
</book><book>
<DATA_UP_STATUS>I</DATA_UP_STATUS>
<DATA_UP_TIME>2021-05-20 11:16:51.0</DATA_UP_TIME>
<DATA_UP_UUID>2</DATA_UP_UUID>
<DZ>湖北省武汉市江夏区G107(京深线)</DZ>
<JDMC>武汉盟发牧业科技有限公司</JDMC>
<LXDH>138****8345</LXDH>
<LXR>徐  红</LXR>
</book><book>
<DATA_UP_STATUS>I</DATA_UP_STATUS>
<DATA_UP_TIME>2021-05-20 11:16:51.0</DATA_UP_TIME>
<DATA_UP_UUID>3</DATA_UP_UUID>
<DZ>湖北省武汉市江夏区G4E(武深高速)</DZ>
<JDMC>武汉白马头生态农业有限公司</JDMC>
<LXDH>138****1035</LXDH>
<LXR>王世合</LXR>
</book><book>
<DATA_UP_STATUS>I</DATA_UP_STATUS>
<DATA_UP_TIME>2021-05-20 11:16:51.0</DATA_UP_TIME>
<DATA_UP_UUID>3157560FC68B4FC99100F384878ABEC9</DATA_UP_UUID>
<DZ>郑店街劳四村</DZ>
<JDMC>湖北丛霖农业生态有限责任公司</JDMC>
<LXDH>139****5933</LXDH>
<LXR>金 凤</LXR>
</book><book>
<DATA_UP_STATUS>I</DATA_UP_STATUS>
<DATA_UP_TIME>2021-05-20 11:16:51.0</DATA_UP_TIME>
<DATA_UP_UUID>7415D1E67D324D2DA4F0BBF5032E44D0</DATA_UP_UUID>
<DZ>湖北省武汉市江夏区G107(京深线)</DZ>
<JDMC>湖北凡华农业科技发展有限公司</JDMC>
<LXDH>139****7575</LXDH>
<LXR>吴小华</LXR>
</book><book>
<DATA_UP_STATUS>I</DATA_UP_STATUS>
<DATA_UP_TIME>2021-05-20 11:16:51.0</DATA_UP_TIME>
<DATA_UP_UUID>1</DATA_UP_UUID>
<DZ>湖北省武汉市江夏区X009(法安线)</DZ>
<JDMC>武汉银河生态农业有限公司</JDMC>
<LXDH>136****7081</LXDH>
<LXR>胡贤和</LXR>
</book>
</books>