﻿data_up_status,data_up_time,data_up_uuid,dz,jdmc,lxdh,lxr
I,2021-05-20 11:16:51.0,BC5DDB6ABFC040B2A2EFB88586D5DEF8,"郑店街老屋湖村,乌龙泉新生活村",武汉沛美达农业科技限公司,139****4303,王继渡
I,2021-05-20 11:16:51.0,2,湖北省武汉市江夏区G107(京深线),武汉盟发牧业科技有限公司,138****8345,徐  红
I,2021-05-20 11:16:51.0,3,湖北省武汉市江夏区G4E(武深高速),武汉白马头生态农业有限公司,138****1035,王世合
I,2021-05-20 11:16:51.0,3157560FC68B4FC99100F384878ABEC9,郑店街劳四村,湖北丛霖农业生态有限责任公司,139****5933,金 凤
I,2021-05-20 11:16:51.0,7415D1E67D324D2DA4F0BBF5032E44D0,湖北省武汉市江夏区G107(京深线),湖北凡华农业科技发展有限公司,139****7575,吴小华
I,2021-05-20 11:16:51.0,1,湖北省武汉市江夏区X009(法安线),武汉银河生态农业有限公司,136****7081,胡贤和
