<?xml version="1.0" encoding="UTF-8"?>
<lst>
<num>59</num>
</lst>
<books>
<book>
<DATA_UP_STATUS>I</DATA_UP_STATUS>
<DATA_UP_TIME>0001-01-01</DATA_UP_TIME>
<DATA_UP_UUID>3</DATA_UP_UUID>
<DH>15994235501</DH>
<DIDIAN>新洲区辛冲街刑榨村</DIDIAN>
<GUIMO>980</GUIMO>
<LXR>周先旺</LXR>
<MC>周先旺</MC>
<PINZHONG>水稻</PINZHONG>
<XH>3</XH>
</book><book>
<DATA_UP_STATUS>I</DATA_UP_STATUS>
<DATA_UP_TIME>0001-01-01</DATA_UP_TIME>
<DATA_UP_UUID>8</DATA_UP_UUID>
<DH>15007163418</DH>
<DIDIAN>新洲区旧街街王福禄</DIDIAN>
<GUIMO>850</GUIMO>
<LXR>王志伟</LXR>
<MC>王志伟</MC>
<PINZHONG>水稻</PINZHONG>
<XH>8</XH>
</book><book>
<DATA_UP_STATUS>I</DATA_UP_STATUS>
<DATA_UP_TIME>0001-01-01</DATA_UP_TIME>
<DATA_UP_UUID>9</DATA_UP_UUID>
<DH>15327102685</DH>
<DIDIAN>新洲区旧街街高山村</DIDIAN>
<GUIMO>500</GUIMO>
<LXR>梅三喜</LXR>
<MC>梅三喜</MC>
<PINZHONG>水稻</PINZHONG>
<XH>9</XH>
</book><book>
<DATA_UP_STATUS>I</DATA_UP_STATUS>
<DATA_UP_TIME>0001-01-01</DATA_UP_TIME>
<DATA_UP_UUID>18</DATA_UP_UUID>
<DH>13593652709</DH>
<DIDIAN>新洲区双柳街龙王咀</DIDIAN>
<GUIMO>500</GUIMO>
<LXR>王少兵</LXR>
<MC>王少兵</MC>
<PINZHONG>水稻</PINZHONG>
<XH>18</XH>
</book><book>
<DATA_UP_STATUS>I</DATA_UP_STATUS>
<DATA_UP_TIME>0001-01-01</DATA_UP_TIME>
<DATA_UP_UUID>21</DATA_UP_UUID>
<DH>13995648342</DH>
<DIDIAN>新洲区潘塘街  楼村</DIDIAN>
<GUIMO>300</GUIMO>
<LXR>郑建奇</LXR>
<MC>郑建奇</MC>
<PINZHONG>水稻</PINZHONG>
<XH>21</XH>
</book><book>
<DATA_UP_STATUS>I</DATA_UP_STATUS>
<DATA_UP_TIME>0001-01-01</DATA_UP_TIME>
<DATA_UP_UUID>32</DATA_UP_UUID>
<DH>18971456309</DH>
<DIDIAN>蔡甸区消泗乡港洲村 </DIDIAN>
<GUIMO>9</GUIMO>
<LXR>刘文言</LXR>
<MC>刘文言</MC>
<PINZHONG>玉米</PINZHONG>
<XH>32</XH>
</book><book>
<DATA_UP_STATUS>I</DATA_UP_STATUS>
<DATA_UP_TIME>0001-01-01</DATA_UP_TIME>
<DATA_UP_UUID>36</DATA_UP_UUID>
<DH>15007147393</DH>
<DIDIAN>蔡甸区消泗乡七壕村</DIDIAN>
<GUIMO>50</GUIMO>
<LXR>徐国才</LXR>
<MC>徐国才</MC>
<PINZHONG>玉米</PINZHONG>
<XH>36</XH>
</book><book>
<DATA_UP_STATUS>I</DATA_UP_STATUS>
<DATA_UP_TIME>0001-01-01</DATA_UP_TIME>
<DATA_UP_UUID>40</DATA_UP_UUID>
<DH>13476289923</DH>
<DIDIAN>黄陂区横店街红星村下杨畈</DIDIAN>
<GUIMO>21</GUIMO>
<LXR>杨运生</LXR>
<MC>杨运生</MC>
<PINZHONG>水稻</PINZHONG>
<XH>40</XH>
</book><book>
<DATA_UP_STATUS>I</DATA_UP_STATUS>
<DATA_UP_TIME>0001-01-01</DATA_UP_TIME>
<DATA_UP_UUID>46</DATA_UP_UUID>
<DH>13995551996</DH>
<DIDIAN>汉南区东荆大队</DIDIAN>
<GUIMO>22</GUIMO>
<LXR>彭建平</LXR>
<MC>陈建明</MC>
<PINZHONG>西甜瓜、玉米</PINZHONG>
<XH>46</XH>
</book><book>
<DATA_UP_STATUS>I</DATA_UP_STATUS>
<DATA_UP_TIME>0001-01-01</DATA_UP_TIME>
<DATA_UP_UUID>48</DATA_UP_UUID>
<DH>13871096853</DH>
<DIDIAN>汉南区东庄大队</DIDIAN>
<GUIMO>23.44</GUIMO>
<LXR>王晓敏</LXR>
<MC>龚冬姣</MC>
<PINZHONG>玉米、水稻</PINZHONG>
<XH>48</XH>
</book><book>
<DATA_UP_STATUS>I</DATA_UP_STATUS>
<DATA_UP_TIME>0001-01-01</DATA_UP_TIME>
<DATA_UP_UUID>51</DATA_UP_UUID>
<DH>13871030596</DH>
<DIDIAN>汉南区南丰大队 </DIDIAN>
<GUIMO>21</GUIMO>
<LXR>杨爱生</LXR>
<MC>马  涛</MC>
<PINZHONG>甜玉米两季</PINZHONG>
<XH>51</XH>
</book><book>
<DATA_UP_STATUS>I</DATA_UP_STATUS>
<DATA_UP_TIME>0001-01-01</DATA_UP_TIME>
<DATA_UP_UUID>57</DATA_UP_UUID>
<DH>13007198365</DH>
<DIDIAN>东西湖区卫东大队</DIDIAN>
<GUIMO>20</GUIMO>
<LXR>党福连</LXR>
<MC>党福连</MC>
<PINZHONG>黄桃10亩，葡萄10亩</PINZHONG>
<XH>57</XH>
</book><book>
<DATA_UP_STATUS>I</DATA_UP_STATUS>
<DATA_UP_TIME>0001-01-01</DATA_UP_TIME>
<DATA_UP_UUID>59</DATA_UP_UUID>
<DH>13986074937</DH>
<DIDIAN>东西湖区县河三队</DIDIAN>
<GUIMO>47</GUIMO>
<LXR>刘立华</LXR>
<MC>刘立华</MC>
<PINZHONG>水稻</PINZHONG>
<XH>59</XH>
</book><book>
<DATA_UP_STATUS>I</DATA_UP_STATUS>
<DATA_UP_TIME>0001-01-01</DATA_UP_TIME>
<DATA_UP_UUID>1</DATA_UP_UUID>
<DH>13554226636</DH>
<DIDIAN>新洲区辛冲街新湖村</DIDIAN>
<GUIMO>600</GUIMO>
<LXR>孙秋英</LXR>
<MC>孙秋英</MC>
<PINZHONG>水稻</PINZHONG>
<XH>1</XH>
</book><book>
<DATA_UP_STATUS>I</DATA_UP_STATUS>
<DATA_UP_TIME>0001-01-01</DATA_UP_TIME>
<DATA_UP_UUID>7</DATA_UP_UUID>
<DH>13971457343</DH>
<DIDIAN>新洲区旧街街 河村</DIDIAN>
<GUIMO>1700</GUIMO>
<LXR>梅才发</LXR>
<MC>梅才发</MC>
<PINZHONG>水稻</PINZHONG>
<XH>7</XH>
</book><book>
<DATA_UP_STATUS>I</DATA_UP_STATUS>
<DATA_UP_TIME>0001-01-01</DATA_UP_TIME>
<DATA_UP_UUID>2</DATA_UP_UUID>
<DH>15172380123</DH>
<DIDIAN>新洲区辛冲街新湖村</DIDIAN>
<GUIMO>850</GUIMO>
<LXR>王志刚</LXR>
<MC>王志刚</MC>
<PINZHONG>水稻</PINZHONG>
<XH>2</XH>
</book><book>
<DATA_UP_STATUS>I</DATA_UP_STATUS>
<DATA_UP_TIME>0001-01-01</DATA_UP_TIME>
<DATA_UP_UUID>5</DATA_UP_UUID>
<DH>13720119429</DH>
<DIDIAN>新洲区辛冲街</DIDIAN>
<GUIMO>550</GUIMO>
<LXR>王汉华</LXR>
<MC>王汉华</MC>
<PINZHONG>水稻</PINZHONG>
<XH>5</XH>
</book><book>
<DATA_UP_STATUS>I</DATA_UP_STATUS>
<DATA_UP_TIME>0001-01-01</DATA_UP_TIME>
<DATA_UP_UUID>20</DATA_UP_UUID>
<DH>15527874845</DH>
<DIDIAN>新洲区潘塘街李店村</DIDIAN>
<GUIMO>310</GUIMO>
<LXR>陈建丰</LXR>
<MC>陈建丰</MC>
<PINZHONG>水稻</PINZHONG>
<XH>20</XH>
</book><book>
<DATA_UP_STATUS>I</DATA_UP_STATUS>
<DATA_UP_TIME>0001-01-01</DATA_UP_TIME>
<DATA_UP_UUID>24</DATA_UP_UUID>
<DH>13337466890</DH>
<DIDIAN>新洲区汪集街大泊村</DIDIAN>
<GUIMO>420</GUIMO>
<LXR>李新华</LXR>
<MC>李新华</MC>
<PINZHONG>水稻</PINZHONG>
<XH>24</XH>
</book><book>
<DATA_UP_STATUS>I</DATA_UP_STATUS>
<DATA_UP_TIME>0001-01-01</DATA_UP_TIME>
<DATA_UP_UUID>42</DATA_UP_UUID>
<DH>15997474325</DH>
<DIDIAN>黄陂区前川街涂大村</DIDIAN>
<GUIMO>150</GUIMO>
<LXR>涂小治</LXR>
<MC>涂小治</MC>
<PINZHONG>水稻</PINZHONG>
<XH>42</XH>
</book><book>
<DATA_UP_STATUS>I</DATA_UP_STATUS>
<DATA_UP_TIME>0001-01-01</DATA_UP_TIME>
<DATA_UP_UUID>45</DATA_UP_UUID>
<DH>15327328436</DH>
<DIDIAN>黄陂区祁家湾街红卫村</DIDIAN>
<GUIMO>130</GUIMO>
<LXR>朱春辉</LXR>
<MC>朱春辉</MC>
<PINZHONG>水稻</PINZHONG>
<XH>45</XH>
</book><book>
<DATA_UP_STATUS>I</DATA_UP_STATUS>
<DATA_UP_TIME>0001-01-01</DATA_UP_TIME>
<DATA_UP_UUID>50</DATA_UP_UUID>
<DH>13871030596</DH>
<DIDIAN>汉南区南丰大队 </DIDIAN>
<GUIMO>35.8</GUIMO>
<LXR>杨爱生</LXR>
<MC>彭义先</MC>
<PINZHONG>玉米－大豆</PINZHONG>
<XH>50</XH>
</book><book>
<DATA_UP_STATUS>I</DATA_UP_STATUS>
<DATA_UP_TIME>0001-01-01</DATA_UP_TIME>
<DATA_UP_UUID>14</DATA_UP_UUID>
<DH>13971616917</DH>
<DIDIAN>新洲区三店街李旻村</DIDIAN>
<GUIMO>650</GUIMO>
<LXR>李益洲</LXR>
<MC>李益洲</MC>
<PINZHONG>水稻</PINZHONG>
<XH>14</XH>
</book><book>
<DATA_UP_STATUS>I</DATA_UP_STATUS>
<DATA_UP_TIME>0001-01-01</DATA_UP_TIME>
<DATA_UP_UUID>17</DATA_UP_UUID>
<DH>13260510022</DH>
<DIDIAN>新洲区仓埠街西湖村</DIDIAN>
<GUIMO>800</GUIMO>
<LXR>杨四清</LXR>
<MC>汇泉源农业有限公司</MC>
<PINZHONG>水稻</PINZHONG>
<XH>17</XH>
</book><book>
<DATA_UP_STATUS>I</DATA_UP_STATUS>
<DATA_UP_TIME>0001-01-01</DATA_UP_TIME>
<DATA_UP_UUID>19</DATA_UP_UUID>
<DH>18971352331</DH>
<DIDIAN>新洲区阳逻街新堤村</DIDIAN>
<GUIMO>500</GUIMO>
<LXR>张明乐</LXR>
<MC>张明乐</MC>
<PINZHONG>水稻</PINZHONG>
<XH>19</XH>
</book><book>
<DATA_UP_STATUS>I</DATA_UP_STATUS>
<DATA_UP_TIME>0001-01-01</DATA_UP_TIME>
<DATA_UP_UUID>23</DATA_UP_UUID>
<DH>13317156089</DH>
<DIDIAN>新洲区凤凰镇郭岗村</DIDIAN>
<GUIMO>1200</GUIMO>
<LXR>徐兴旺</LXR>
<MC>徐兴旺</MC>
<PINZHONG>水稻</PINZHONG>
<XH>23</XH>
</book><book>
<DATA_UP_STATUS>I</DATA_UP_STATUS>
<DATA_UP_TIME>0001-01-01</DATA_UP_TIME>
<DATA_UP_UUID>34</DATA_UP_UUID>
<DH>18908651208</DH>
<DIDIAN>蔡甸区消泗乡港洲村 </DIDIAN>
<GUIMO>10</GUIMO>
<LXR>余荣华</LXR>
<MC>余荣华</MC>
<PINZHONG>水稻</PINZHONG>
<XH>34</XH>
</book><book>
<DATA_UP_STATUS>I</DATA_UP_STATUS>
<DATA_UP_TIME>0001-01-01</DATA_UP_TIME>
<DATA_UP_UUID>38</DATA_UP_UUID>
<DH>15527206317</DH>
<DIDIAN>黄陂区横店街独木村刘汉召湾</DIDIAN>
<GUIMO>38</GUIMO>
<LXR>胡月华</LXR>
<MC>胡月华</MC>
<PINZHONG>水稻、油菜</PINZHONG>
<XH>38</XH>
</book><book>
<DATA_UP_STATUS>I</DATA_UP_STATUS>
<DATA_UP_TIME>0001-01-01</DATA_UP_TIME>
<DATA_UP_UUID>44</DATA_UP_UUID>
<DH>15071148678</DH>
<DIDIAN>黄陂区李家集街铁江湾村</DIDIAN>
<GUIMO>110</GUIMO>
<LXR>江福元</LXR>
<MC>江福元</MC>
<PINZHONG>水稻、油菜</PINZHONG>
<XH>44</XH>
</book><book>
<DATA_UP_STATUS>I</DATA_UP_STATUS>
<DATA_UP_TIME>0001-01-01</DATA_UP_TIME>
<DATA_UP_UUID>58</DATA_UP_UUID>
<DH>13554296609</DH>
<DIDIAN>东西湖区县河大队</DIDIAN>
<GUIMO>360</GUIMO>
<LXR>许行超</LXR>
<MC>许行超</MC>
<PINZHONG>甜糯玉米</PINZHONG>
<XH>58</XH>
</book><book>
<DATA_UP_STATUS>I</DATA_UP_STATUS>
<DATA_UP_TIME>0001-01-01</DATA_UP_TIME>
<DATA_UP_UUID>4</DATA_UP_UUID>
<DH>13517237016</DH>
<DIDIAN>新洲区辛冲街双桥村</DIDIAN>
<GUIMO>2000</GUIMO>
<LXR>吴朋华</LXR>
<MC>吴朋华</MC>
<PINZHONG>水稻</PINZHONG>
<XH>4</XH>
</book><book>
<DATA_UP_STATUS>I</DATA_UP_STATUS>
<DATA_UP_TIME>0001-01-01</DATA_UP_TIME>
<DATA_UP_UUID>6</DATA_UP_UUID>
<DH>13477005579</DH>
<DIDIAN>新洲区辛冲街</DIDIAN>
<GUIMO>750</GUIMO>
<LXR>刘高燕</LXR>
<MC>刘高燕</MC>
<PINZHONG>水稻</PINZHONG>
<XH>6</XH>
</book><book>
<DATA_UP_STATUS>I</DATA_UP_STATUS>
<DATA_UP_TIME>0001-01-01</DATA_UP_TIME>
<DATA_UP_UUID>13</DATA_UP_UUID>
<DH>13329706148</DH>
<DIDIAN>新洲区旧街街刘畈村</DIDIAN>
<GUIMO>800</GUIMO>
<LXR>梅细德</LXR>
<MC>梅细德</MC>
<PINZHONG>水稻</PINZHONG>
<XH>13</XH>
</book><book>
<DATA_UP_STATUS>I</DATA_UP_STATUS>
<DATA_UP_TIME>0001-01-01</DATA_UP_TIME>
<DATA_UP_UUID>15</DATA_UP_UUID>
<DH>13297077509</DH>
<DIDIAN>新洲区三店街七里村</DIDIAN>
<GUIMO>760</GUIMO>
<LXR>邱卫国</LXR>
<MC>邱卫国</MC>
<PINZHONG>水稻</PINZHONG>
<XH>15</XH>
</book><book>
<DATA_UP_STATUS>I</DATA_UP_STATUS>
<DATA_UP_TIME>0001-01-01</DATA_UP_TIME>
<DATA_UP_UUID>27</DATA_UP_UUID>
<DH>15807189293</DH>
<DIDIAN>新洲区李集街农科所</DIDIAN>
<GUIMO>300</GUIMO>
<LXR>李小东</LXR>
<MC>李小东</MC>
<PINZHONG>水稻</PINZHONG>
<XH>27</XH>
</book><book>
<DATA_UP_STATUS>I</DATA_UP_STATUS>
<DATA_UP_TIME>0001-01-01</DATA_UP_TIME>
<DATA_UP_UUID>28</DATA_UP_UUID>
<DH>18971372179</DH>
<DIDIAN>蔡甸区九沟村10组</DIDIAN>
<GUIMO>22.5</GUIMO>
<LXR>代运祥</LXR>
<MC>代运祥</MC>
<PINZHONG>粮食、蔬菜、西甜瓜</PINZHONG>
<XH>28</XH>
</book><book>
<DATA_UP_STATUS>I</DATA_UP_STATUS>
<DATA_UP_TIME>0001-01-01</DATA_UP_TIME>
<DATA_UP_UUID>30</DATA_UP_UUID>
<DH>13349927005</DH>
<DIDIAN>蔡甸区渔樵村10组</DIDIAN>
<GUIMO>12</GUIMO>
<LXR>高红元</LXR>
<MC>高红元</MC>
<PINZHONG>粮食、油料</PINZHONG>
<XH>30</XH>
</book><book>
<DATA_UP_STATUS>I</DATA_UP_STATUS>
<DATA_UP_TIME>0001-01-01</DATA_UP_TIME>
<DATA_UP_UUID>35</DATA_UP_UUID>
<DH>13995688690</DH>
<DIDIAN>蔡甸区消泗乡七壕村</DIDIAN>
<GUIMO>60</GUIMO>
<LXR>刘天永</LXR>
<MC>刘天永</MC>
<PINZHONG>玉米、西瓜</PINZHONG>
<XH>35</XH>
</book><book>
<DATA_UP_STATUS>I</DATA_UP_STATUS>
<DATA_UP_TIME>0001-01-01</DATA_UP_TIME>
<DATA_UP_UUID>26</DATA_UP_UUID>
<DH>15827374397</DH>
<DIDIAN>新洲区李集街罗岗村</DIDIAN>
<GUIMO>730</GUIMO>
<LXR>胡文春</LXR>
<MC>胡文春</MC>
<PINZHONG>中稻</PINZHONG>
<XH>26</XH>
</book><book>
<DATA_UP_STATUS>I</DATA_UP_STATUS>
<DATA_UP_TIME>0001-01-01</DATA_UP_TIME>
<DATA_UP_UUID>41</DATA_UP_UUID>
<DH>15827540636</DH>
<DIDIAN>黄陂区横店街建春村熊小湾</DIDIAN>
<GUIMO>20</GUIMO>
<LXR>熊庆华</LXR>
<MC>熊庆华</MC>
<PINZHONG>水稻、油菜</PINZHONG>
<XH>41</XH>
</book><book>
<DATA_UP_STATUS>I</DATA_UP_STATUS>
<DATA_UP_TIME>0001-01-01</DATA_UP_TIME>
<DATA_UP_UUID>55</DATA_UP_UUID>
<DH>18971522566</DH>
<DIDIAN>汉南区边州堤边</DIDIAN>
<GUIMO>70</GUIMO>
<LXR>陈建设</LXR>
<MC>江实平</MC>
<PINZHONG>蔬菜、鲜食玉米</PINZHONG>
<XH>55</XH>
</book><book>
<DATA_UP_STATUS>I</DATA_UP_STATUS>
<DATA_UP_TIME>0001-01-01</DATA_UP_TIME>
<DATA_UP_UUID>11</DATA_UP_UUID>
<DH>13871504688</DH>
<DIDIAN>新洲区旧街街道观村</DIDIAN>
<GUIMO>1200</GUIMO>
<LXR>彭永平</LXR>
<MC>彭永平</MC>
<PINZHONG>水稻</PINZHONG>
<XH>11</XH>
</book><book>
<DATA_UP_STATUS>I</DATA_UP_STATUS>
<DATA_UP_TIME>0001-01-01</DATA_UP_TIME>
<DATA_UP_UUID>22</DATA_UP_UUID>
<DH>13429853555</DH>
<DIDIAN>新洲区凤凰镇陈漆奇村</DIDIAN>
<GUIMO>860</GUIMO>
<LXR>陈正雄</LXR>
<MC>陈正雄</MC>
<PINZHONG>水稻</PINZHONG>
<XH>22</XH>
</book><book>
<DATA_UP_STATUS>I</DATA_UP_STATUS>
<DATA_UP_TIME>0001-01-01</DATA_UP_TIME>
<DATA_UP_UUID>25</DATA_UP_UUID>
<DH>15327379288</DH>
<DIDIAN>新洲区汪集街复兴村</DIDIAN>
<GUIMO>420</GUIMO>
<LXR>陶从元</LXR>
<MC>陶从元</MC>
<PINZHONG>水稻</PINZHONG>
<XH>25</XH>
</book><book>
<DATA_UP_STATUS>I</DATA_UP_STATUS>
<DATA_UP_TIME>0001-01-01</DATA_UP_TIME>
<DATA_UP_UUID>29</DATA_UP_UUID>
<DH>13037117372</DH>
<DIDIAN>蔡甸区七壕村1组</DIDIAN>
<GUIMO>14</GUIMO>
<LXR>陈洪学</LXR>
<MC>陈洪学</MC>
<PINZHONG>蔬菜、粮食</PINZHONG>
<XH>29</XH>
</book><book>
<DATA_UP_STATUS>I</DATA_UP_STATUS>
<DATA_UP_TIME>0001-01-01</DATA_UP_TIME>
<DATA_UP_UUID>31</DATA_UP_UUID>
<DH>15337256269</DH>
<DIDIAN>蔡甸区消泗乡曲口村</DIDIAN>
<GUIMO>80</GUIMO>
<LXR>黄天江</LXR>
<MC>黄天江</MC>
<PINZHONG>玉米</PINZHONG>
<XH>31</XH>
</book><book>
<DATA_UP_STATUS>I</DATA_UP_STATUS>
<DATA_UP_TIME>0001-01-01</DATA_UP_TIME>
<DATA_UP_UUID>33</DATA_UP_UUID>
<DH>18971456309</DH>
<DIDIAN>蔡甸区消泗乡港洲村 </DIDIAN>
<GUIMO>50</GUIMO>
<LXR>刘文言</LXR>
<MC>刘文华</MC>
<PINZHONG>玉米</PINZHONG>
<XH>33</XH>
</book><book>
<DATA_UP_STATUS>I</DATA_UP_STATUS>
<DATA_UP_TIME>0001-01-01</DATA_UP_TIME>
<DATA_UP_UUID>43</DATA_UP_UUID>
<DH>15802711673</DH>
<DIDIAN>黄陂区前川街天井村</DIDIAN>
<GUIMO>130</GUIMO>
<LXR>吕红利</LXR>
<MC>吕红利</MC>
<PINZHONG>水稻</PINZHONG>
<XH>43</XH>
</book><book>
<DATA_UP_STATUS>I</DATA_UP_STATUS>
<DATA_UP_TIME>0001-01-01</DATA_UP_TIME>
<DATA_UP_UUID>49</DATA_UP_UUID>
<DH>15827053867</DH>
<DIDIAN>汉南区杜家畈村</DIDIAN>
<GUIMO>125</GUIMO>
<LXR>盛德恒</LXR>
<MC>周望发</MC>
<PINZHONG>小麦－水稻</PINZHONG>
<XH>49</XH>
</book><book>
<DATA_UP_STATUS>I</DATA_UP_STATUS>
<DATA_UP_TIME>0001-01-01</DATA_UP_TIME>
<DATA_UP_UUID>56</DATA_UP_UUID>
<DH>13971412630</DH>
<DIDIAN>江夏区舒安街梅林街17号</DIDIAN>
<GUIMO>380</GUIMO>
<LXR>俆天建</LXR>
<MC>俆天建</MC>
<PINZHONG>水稻</PINZHONG>
<XH>56</XH>
</book><book>
<DATA_UP_STATUS>I</DATA_UP_STATUS>
<DATA_UP_TIME>0001-01-01</DATA_UP_TIME>
<DATA_UP_UUID>10</DATA_UP_UUID>
<DH>15927050601</DH>
<DIDIAN>新洲区旧街街汪山村</DIDIAN>
<GUIMO>800</GUIMO>
<LXR>徐建伢</LXR>
<MC>徐建伢</MC>
<PINZHONG>水稻</PINZHONG>
<XH>10</XH>
</book><book>
<DATA_UP_STATUS>I</DATA_UP_STATUS>
<DATA_UP_TIME>0001-01-01</DATA_UP_TIME>
<DATA_UP_UUID>12</DATA_UP_UUID>
<DH>18062058276</DH>
<DIDIAN>新洲区旧街街道观村</DIDIAN>
<GUIMO>650</GUIMO>
<LXR>汪强</LXR>
<MC>汪强</MC>
<PINZHONG>水稻</PINZHONG>
<XH>12</XH>
</book><book>
<DATA_UP_STATUS>I</DATA_UP_STATUS>
<DATA_UP_TIME>0001-01-01</DATA_UP_TIME>
<DATA_UP_UUID>16</DATA_UP_UUID>
<DH>13971081295</DH>
<DIDIAN>新洲区仓埠街方院村</DIDIAN>
<GUIMO>540</GUIMO>
<LXR>杨胜兵</LXR>
<MC>双全种植合作社</MC>
<PINZHONG>水稻</PINZHONG>
<XH>16</XH>
</book><book>
<DATA_UP_STATUS>I</DATA_UP_STATUS>
<DATA_UP_TIME>0001-01-01</DATA_UP_TIME>
<DATA_UP_UUID>37</DATA_UP_UUID>
<DH>15827210434</DH>
<DIDIAN>蔡甸区消泗乡渔樵村</DIDIAN>
<GUIMO>11</GUIMO>
<LXR>杨先照</LXR>
<MC>杨先照</MC>
<PINZHONG>粮食、油料</PINZHONG>
<XH>37</XH>
</book><book>
<DATA_UP_STATUS>I</DATA_UP_STATUS>
<DATA_UP_TIME>0001-01-01</DATA_UP_TIME>
<DATA_UP_UUID>39</DATA_UP_UUID>
<DH>15392940811</DH>
<DIDIAN>黄陂区横店街土庙村季湾</DIDIAN>
<GUIMO>30</GUIMO>
<LXR>季永后</LXR>
<MC>季永后</MC>
<PINZHONG>水稻、西瓜</PINZHONG>
<XH>39</XH>
</book><book>
<DATA_UP_STATUS>I</DATA_UP_STATUS>
<DATA_UP_TIME>0001-01-01</DATA_UP_TIME>
<DATA_UP_UUID>47</DATA_UP_UUID>
<DH>13871096853</DH>
<DIDIAN>汉南区东庄大队</DIDIAN>
<GUIMO>20.79</GUIMO>
<LXR>王晓敏</LXR>
<MC>钱达顺</MC>
<PINZHONG>水稻</PINZHONG>
<XH>47</XH>
</book><book>
<DATA_UP_STATUS>I</DATA_UP_STATUS>
<DATA_UP_TIME>0001-01-01</DATA_UP_TIME>
<DATA_UP_UUID>52</DATA_UP_UUID>
<DH>13871030596</DH>
<DIDIAN>汉南区南丰大队 </DIDIAN>
<GUIMO>31</GUIMO>
<LXR>杨爱生</LXR>
<MC>黄艳红</MC>
<PINZHONG>玉米大豆西瓜</PINZHONG>
<XH>52</XH>
</book><book>
<DATA_UP_STATUS>I</DATA_UP_STATUS>
<DATA_UP_TIME>0001-01-01</DATA_UP_TIME>
<DATA_UP_UUID>53</DATA_UP_UUID>
<DH>13343586090</DH>
<DIDIAN>汉南区王家寨队</DIDIAN>
<GUIMO>57.3</GUIMO>
<LXR>周端畅</LXR>
<MC>周端畅</MC>
<PINZHONG>水稻、玉米、湘莲</PINZHONG>
<XH>53</XH>
</book><book>
<DATA_UP_STATUS>I</DATA_UP_STATUS>
<DATA_UP_TIME>0001-01-01</DATA_UP_TIME>
<DATA_UP_UUID>54</DATA_UP_UUID>
<DH>15342254221</DH>
<DIDIAN>汉南区大埠路一线</DIDIAN>
<GUIMO>60</GUIMO>
<LXR>江汉成</LXR>
<MC>江贤发</MC>
<PINZHONG>鲜食玉米、蔬菜</PINZHONG>
<XH>54</XH>
</book>
</books>