﻿data_up_status,data_up_time,data_up_uuid,dh,didian,guimo,lxr,mc,pinzhong,xh
I,0001-01-01,3,15994235501,新洲区辛冲街刑榨村,980,周先旺,周先旺,水稻,3
I,0001-01-01,8,15007163418,新洲区旧街街王福禄,850,王志伟,王志伟,水稻,8
I,0001-01-01,9,15327102685,新洲区旧街街高山村,500,梅三喜,梅三喜,水稻,9
I,0001-01-01,18,13593652709,新洲区双柳街龙王咀,500,王少兵,王少兵,水稻,18
I,0001-01-01,21,13995648342,新洲区潘塘街  楼村,300,郑建奇,郑建奇,水稻,21
I,0001-01-01,32,18971456309,"蔡甸区消泗乡港洲村 ",9,刘文言,刘文言,玉米,32
I,0001-01-01,36,15007147393,蔡甸区消泗乡七壕村,50,徐国才,徐国才,玉米,36
I,0001-01-01,40,13476289923,黄陂区横店街红星村下杨畈,21,杨运生,杨运生,水稻,40
I,0001-01-01,46,13995551996,汉南区东荆大队,22,彭建平,陈建明,西甜瓜、玉米,46
I,0001-01-01,48,13871096853,汉南区东庄大队,23.44,王晓敏,龚冬姣,玉米、水稻,48
I,0001-01-01,51,13871030596,"汉南区南丰大队 ",21,杨爱生,马  涛,甜玉米两季,51
I,0001-01-01,57,13007198365,东西湖区卫东大队,20,党福连,党福连,黄桃10亩，葡萄10亩,57
I,0001-01-01,59,13986074937,东西湖区县河三队,47,刘立华,刘立华,水稻,59
I,0001-01-01,1,13554226636,新洲区辛冲街新湖村,600,孙秋英,孙秋英,水稻,1
I,0001-01-01,7,13971457343,新洲区旧街街 河村,1700,梅才发,梅才发,水稻,7
I,0001-01-01,2,15172380123,新洲区辛冲街新湖村,850,王志刚,王志刚,水稻,2
I,0001-01-01,5,13720119429,新洲区辛冲街,550,王汉华,王汉华,水稻,5
I,0001-01-01,20,15527874845,新洲区潘塘街李店村,310,陈建丰,陈建丰,水稻,20
I,0001-01-01,24,13337466890,新洲区汪集街大泊村,420,李新华,李新华,水稻,24
I,0001-01-01,42,15997474325,黄陂区前川街涂大村,150,涂小治,涂小治,水稻,42
I,0001-01-01,45,15327328436,黄陂区祁家湾街红卫村,130,朱春辉,朱春辉,水稻,45
I,0001-01-01,50,13871030596,"汉南区南丰大队 ",35.8,杨爱生,彭义先,玉米－大豆,50
I,0001-01-01,14,13971616917,新洲区三店街李旻村,650,李益洲,李益洲,水稻,14
I,0001-01-01,17,13260510022,新洲区仓埠街西湖村,800,杨四清,汇泉源农业有限公司,水稻,17
I,0001-01-01,19,18971352331,新洲区阳逻街新堤村,500,张明乐,张明乐,水稻,19
I,0001-01-01,23,13317156089,新洲区凤凰镇郭岗村,1200,徐兴旺,徐兴旺,水稻,23
I,0001-01-01,34,18908651208,"蔡甸区消泗乡港洲村 ",10,余荣华,余荣华,水稻,34
I,0001-01-01,38,15527206317,黄陂区横店街独木村刘汉召湾,38,胡月华,胡月华,水稻、油菜,38
I,0001-01-01,44,15071148678,黄陂区李家集街铁江湾村,110,江福元,江福元,水稻、油菜,44
I,0001-01-01,58,13554296609,东西湖区县河大队,360,许行超,许行超,甜糯玉米,58
I,0001-01-01,4,13517237016,新洲区辛冲街双桥村,2000,吴朋华,吴朋华,水稻,4
I,0001-01-01,6,13477005579,新洲区辛冲街,750,刘高燕,刘高燕,水稻,6
I,0001-01-01,13,13329706148,新洲区旧街街刘畈村,800,梅细德,梅细德,水稻,13
I,0001-01-01,15,13297077509,新洲区三店街七里村,760,邱卫国,邱卫国,水稻,15
I,0001-01-01,27,15807189293,新洲区李集街农科所,300,李小东,李小东,水稻,27
I,0001-01-01,28,18971372179,蔡甸区九沟村10组,22.5,代运祥,代运祥,粮食、蔬菜、西甜瓜,28
I,0001-01-01,30,13349927005,蔡甸区渔樵村10组,12,高红元,高红元,粮食、油料,30
I,0001-01-01,35,13995688690,蔡甸区消泗乡七壕村,60,刘天永,刘天永,玉米、西瓜,35
I,0001-01-01,26,15827374397,新洲区李集街罗岗村,730,胡文春,胡文春,中稻,26
I,0001-01-01,41,15827540636,黄陂区横店街建春村熊小湾,20,熊庆华,熊庆华,水稻、油菜,41
I,0001-01-01,55,18971522566,汉南区边州堤边,70,陈建设,江实平,蔬菜、鲜食玉米,55
I,0001-01-01,11,13871504688,新洲区旧街街道观村,1200,彭永平,彭永平,水稻,11
I,0001-01-01,22,13429853555,新洲区凤凰镇陈漆奇村,860,陈正雄,陈正雄,水稻,22
I,0001-01-01,25,15327379288,新洲区汪集街复兴村,420,陶从元,陶从元,水稻,25
I,0001-01-01,29,13037117372,蔡甸区七壕村1组,14,陈洪学,陈洪学,蔬菜、粮食,29
I,0001-01-01,31,15337256269,蔡甸区消泗乡曲口村,80,黄天江,黄天江,玉米,31
I,0001-01-01,33,18971456309,"蔡甸区消泗乡港洲村 ",50,刘文言,刘文华,玉米,33
I,0001-01-01,43,15802711673,黄陂区前川街天井村,130,吕红利,吕红利,水稻,43
I,0001-01-01,49,15827053867,汉南区杜家畈村,125,盛德恒,周望发,小麦－水稻,49
I,0001-01-01,56,13971412630,江夏区舒安街梅林街17号,380,俆天建,俆天建,水稻,56
I,0001-01-01,10,15927050601,新洲区旧街街汪山村,800,徐建伢,徐建伢,水稻,10
I,0001-01-01,12,18062058276,新洲区旧街街道观村,650,汪强,汪强,水稻,12
I,0001-01-01,16,13971081295,新洲区仓埠街方院村,540,杨胜兵,双全种植合作社,水稻,16
I,0001-01-01,37,15827210434,蔡甸区消泗乡渔樵村,11,杨先照,杨先照,粮食、油料,37
I,0001-01-01,39,15392940811,黄陂区横店街土庙村季湾,30,季永后,季永后,水稻、西瓜,39
I,0001-01-01,47,13871096853,汉南区东庄大队,20.79,王晓敏,钱达顺,水稻,47
I,0001-01-01,52,13871030596,"汉南区南丰大队 ",31,杨爱生,黄艳红,玉米大豆西瓜,52
I,0001-01-01,53,13343586090,汉南区王家寨队,57.3,周端畅,周端畅,水稻、玉米、湘莲,53
I,0001-01-01,54,15342254221,汉南区大埠路一线,60,江汉成,江贤发,鲜食玉米、蔬菜,54
