<?xml version="1.0" encoding="UTF-8"?>
<lst>
<num>28</num>
</lst>
<books>
<book>
<DATA_UP_STATUS>I</DATA_UP_STATUS>
<DATA_UP_TIME>0001-01-01</DATA_UP_TIME>
<DATA_UP_UUID>3</DATA_UP_UUID>
<DIDIAN>黄陂区蔡店街姚家老屋村</DIDIAN>
<GUIMO>1200</GUIMO>
<LXFS>13397177922</LXFS>
<MC>武汉百汇勤农业公司</MC>
<XH>3</XH>
<XM>张敬东</XM>
</book><book>
<DATA_UP_STATUS>I</DATA_UP_STATUS>
<DATA_UP_TIME>0001-01-01</DATA_UP_TIME>
<DATA_UP_UUID>8</DATA_UP_UUID>
<DIDIAN>蔡甸区侏儒街军营村</DIDIAN>
<GUIMO>1509</GUIMO>
<LXFS>13971039578</LXFS>
<MC>武汉平安益农种植专业合作社</MC>
<XH>8</XH>
<XM>黄平安</XM>
</book><book>
<DATA_UP_STATUS>I</DATA_UP_STATUS>
<DATA_UP_TIME>0001-01-01</DATA_UP_TIME>
<DATA_UP_UUID>9</DATA_UP_UUID>
<DIDIAN>蔡甸区玉贤松林村</DIDIAN>
<GUIMO>714</GUIMO>
<LXFS>13607171349</LXFS>
<MC>武汉景秀大地生态农业有限公司</MC>
<XH>9</XH>
<XM>王武元</XM>
</book><book>
<DATA_UP_STATUS>I</DATA_UP_STATUS>
<DATA_UP_TIME>0001-01-01</DATA_UP_TIME>
<DATA_UP_UUID>18</DATA_UP_UUID>
<DIDIAN>江夏区山坡街光辉村11组</DIDIAN>
<GUIMO>328</GUIMO>
<LXFS>13317167849</LXFS>
<MC>武汉市兰菊蔬菜种植专业合作社</MC>
<XH>18</XH>
<XM>范菊香</XM>
</book><book>
<DATA_UP_STATUS>I</DATA_UP_STATUS>
<DATA_UP_TIME>0001-01-01</DATA_UP_TIME>
<DATA_UP_UUID>21</DATA_UP_UUID>
<DIDIAN>江夏区金口街长江村</DIDIAN>
<GUIMO>500</GUIMO>
<LXFS>15927293770</LXFS>
<MC>武汉市江夏区定发蔬菜专业合作社</MC>
<XH>21</XH>
<XM>陈龙</XM>
</book><book>
<DATA_UP_STATUS>I</DATA_UP_STATUS>
<DATA_UP_TIME>0001-01-01</DATA_UP_TIME>
<DATA_UP_UUID>1</DATA_UP_UUID>
<DIDIAN>新洲区三店街七里村、施庙村、坨坑村</DIDIAN>
<GUIMO>3000</GUIMO>
<LXFS>13886085758</LXFS>
<MC>湖北玉如意绿色食品有限公司</MC>
<XH>1</XH>
<XM>蔡建明</XM>
</book><book>
<DATA_UP_STATUS>I</DATA_UP_STATUS>
<DATA_UP_TIME>0001-01-01</DATA_UP_TIME>
<DATA_UP_UUID>7</DATA_UP_UUID>
<DIDIAN>江夏区乌龙泉新生活村</DIDIAN>
<GUIMO>2000</GUIMO>
<LXFS>13986144222</LXFS>
<MC>武汉家事易农业科技有限公司</MC>
<XH>7</XH>
<XM>巴能文</XM>
</book><book>
<DATA_UP_STATUS>I</DATA_UP_STATUS>
<DATA_UP_TIME>0001-01-01</DATA_UP_TIME>
<DATA_UP_UUID>2</DATA_UP_UUID>
<DIDIAN>新洲区凤凰镇郑元村</DIDIAN>
<GUIMO>1428</GUIMO>
<LXFS>13307110999</LXFS>
<MC>湖北东方神农生态科技有限公司</MC>
<XH>2</XH>
<XM>王  锋</XM>
</book><book>
<DATA_UP_STATUS>I</DATA_UP_STATUS>
<DATA_UP_TIME>0001-01-01</DATA_UP_TIME>
<DATA_UP_UUID>5</DATA_UP_UUID>
<DIDIAN>江夏区郑店街老屋胡村和乌龙泉街新生活村</DIDIAN>
<GUIMO>3420</GUIMO>
<LXFS>13908624303</LXFS>
<MC>武汉沛美达农业科技股份有限公司</MC>
<XH>5</XH>
<XM>王继渡</XM>
</book><book>
<DATA_UP_STATUS>I</DATA_UP_STATUS>
<DATA_UP_TIME>0001-01-01</DATA_UP_TIME>
<DATA_UP_UUID>20</DATA_UP_UUID>
<DIDIAN>江夏区金口街三门口村</DIDIAN>
<GUIMO>276</GUIMO>
<LXFS>13397159349</LXFS>
<MC>武汉品农园农业发展有限公司</MC>
<XH>20</XH>
<XM>胡保萍</XM>
</book><book>
<DATA_UP_STATUS>I</DATA_UP_STATUS>
<DATA_UP_TIME>0001-01-01</DATA_UP_TIME>
<DATA_UP_UUID>24</DATA_UP_UUID>
<DIDIAN>江夏区劳四村图库咀</DIDIAN>
<GUIMO>6669.32</GUIMO>
<LXFS>13886074773</LXFS>
<MC>湖北丛霖农业生态有限责任公司</MC>
<XH>24</XH>
<XM>金一凤</XM>
</book><book>
<DATA_UP_STATUS>I</DATA_UP_STATUS>
<DATA_UP_TIME>0001-01-01</DATA_UP_TIME>
<DATA_UP_UUID>14</DATA_UP_UUID>
<DIDIAN>汉南区邓南街南庄大队</DIDIAN>
<GUIMO>1000</GUIMO>
<LXFS>13907117798</LXFS>
<MC>湖北精诚农业开发有限公司</MC>
<XH>14</XH>
<XM>全波</XM>
</book><book>
<DATA_UP_STATUS>I</DATA_UP_STATUS>
<DATA_UP_TIME>0001-01-01</DATA_UP_TIME>
<DATA_UP_UUID>17</DATA_UP_UUID>
<DIDIAN>江夏区郑店街莲花桥村</DIDIAN>
<GUIMO>732</GUIMO>
<LXFS>15527240719</LXFS>
<MC>武汉莲花绿洲生态农业发展有限公司</MC>
<XH>17</XH>
<XM>胡成</XM>
</book><book>
<DATA_UP_STATUS>I</DATA_UP_STATUS>
<DATA_UP_TIME>0001-01-01</DATA_UP_TIME>
<DATA_UP_UUID>19</DATA_UP_UUID>
<DIDIAN>江夏区金口街白马头村</DIDIAN>
<GUIMO>1600</GUIMO>
<LXFS>13871441035</LXFS>
<MC>武汉白马头生态农业股份有限公司</MC>
<XH>19</XH>
<XM>王世合</XM>
</book><book>
<DATA_UP_STATUS>I</DATA_UP_STATUS>
<DATA_UP_TIME>0001-01-01</DATA_UP_TIME>
<DATA_UP_UUID>23</DATA_UP_UUID>
<DIDIAN>江夏区金口街长江村（沿江村）</DIDIAN>
<GUIMO>285</GUIMO>
<LXFS>18086062606</LXFS>
<MC>武汉市兴农缘有机蔬菜专业合作社</MC>
<XH>23</XH>
<XM>周磊</XM>
</book><book>
<DATA_UP_STATUS>I</DATA_UP_STATUS>
<DATA_UP_TIME>0001-01-01</DATA_UP_TIME>
<DATA_UP_UUID>4</DATA_UP_UUID>
<DIDIAN>黄陂区三里街长堤村</DIDIAN>
<GUIMO>1280</GUIMO>
<LXFS>13907192758</LXFS>
<MC>武汉兰氏农业公司</MC>
<XH>4</XH>
<XM>李友强</XM>
</book><book>
<DATA_UP_STATUS>I</DATA_UP_STATUS>
<DATA_UP_TIME>0001-01-01</DATA_UP_TIME>
<DATA_UP_UUID>6</DATA_UP_UUID>
<DIDIAN>江夏区郑店街劳七村</DIDIAN>
<GUIMO>5018</GUIMO>
<LXFS>13995631191</LXFS>
<MC>湖北凡华农业科技发展有限公司</MC>
<XH>6</XH>
<XM>徐斌</XM>
</book><book>
<DATA_UP_STATUS>I</DATA_UP_STATUS>
<DATA_UP_TIME>0001-01-01</DATA_UP_TIME>
<DATA_UP_UUID>13</DATA_UP_UUID>
<DIDIAN>汉南区邓南街窑头村</DIDIAN>
<GUIMO>5000</GUIMO>
<LXFS>13507257231</LXFS>
<MC>武汉广厦润田农业发展有限公司</MC>
<XH>13</XH>
<XM>谢守志</XM>
</book><book>
<DATA_UP_STATUS>I</DATA_UP_STATUS>
<DATA_UP_TIME>0001-01-01</DATA_UP_TIME>
<DATA_UP_UUID>15</DATA_UP_UUID>
<DIDIAN>江夏区金口街赤矶山村</DIDIAN>
<GUIMO>86</GUIMO>
<LXFS>13986202131</LXFS>
<MC>武汉市江夏区一块地家庭农场</MC>
<XH>15</XH>
<XM>祝贤凯</XM>
</book><book>
<DATA_UP_STATUS>I</DATA_UP_STATUS>
<DATA_UP_TIME>0001-01-01</DATA_UP_TIME>
<DATA_UP_UUID>27</DATA_UP_UUID>
<DIDIAN>江夏区乌龙泉街五星村</DIDIAN>
<GUIMO>280</GUIMO>
<LXFS>13995681408</LXFS>
<MC>武汉市江夏区鄂龙蔬菜合作社</MC>
<XH>27</XH>
<XM>蔡光焰</XM>
</book><book>
<DATA_UP_STATUS>I</DATA_UP_STATUS>
<DATA_UP_TIME>0001-01-01</DATA_UP_TIME>
<DATA_UP_UUID>28</DATA_UP_UUID>
<DIDIAN>江夏区金口街联合村</DIDIAN>
<GUIMO>387</GUIMO>
<LXFS>15907151326</LXFS>
<MC>武汉市鑫安兰种植专业合作社</MC>
<XH>28</XH>
<XM>王安明</XM>
</book><book>
<DATA_UP_STATUS>I</DATA_UP_STATUS>
<DATA_UP_TIME>0001-01-01</DATA_UP_TIME>
<DATA_UP_UUID>26</DATA_UP_UUID>
<DIDIAN>江夏区赤矶山村</DIDIAN>
<GUIMO>206</GUIMO>
<LXFS>15926384088</LXFS>
<MC>武汉市江夏区绿康家庭农场</MC>
<XH>26</XH>
<XM>张承斌</XM>
</book><book>
<DATA_UP_STATUS>I</DATA_UP_STATUS>
<DATA_UP_TIME>0001-01-01</DATA_UP_TIME>
<DATA_UP_UUID>11</DATA_UP_UUID>
<DIDIAN>东西湖区柏泉西一大队 </DIDIAN>
<GUIMO>200</GUIMO>
<LXFS>13971299166</LXFS>
<MC>湖北吉农沃尔特农业有限公司</MC>
<XH>11</XH>
<XM>魏晓明</XM>
</book><book>
<DATA_UP_STATUS>I</DATA_UP_STATUS>
<DATA_UP_TIME>0001-01-01</DATA_UP_TIME>
<DATA_UP_UUID>22</DATA_UP_UUID>
<DIDIAN>江夏区法泗街红星村</DIDIAN>
<GUIMO>130</GUIMO>
<LXFS>13871250823</LXFS>
<MC>武汉星桂源种养殖专业合作社</MC>
<XH>22</XH>
<XM>廖西南</XM>
</book><book>
<DATA_UP_STATUS>I</DATA_UP_STATUS>
<DATA_UP_TIME>0001-01-01</DATA_UP_TIME>
<DATA_UP_UUID>25</DATA_UP_UUID>
<DIDIAN>江夏区郑店街崇岭村谢家湾</DIDIAN>
<GUIMO>350</GUIMO>
<LXFS>13659860475</LXFS>
<MC>武汉滕香园农业开发有限公司</MC>
<XH>25</XH>
<XM>李战友</XM>
</book><book>
<DATA_UP_STATUS>I</DATA_UP_STATUS>
<DATA_UP_TIME>0001-01-01</DATA_UP_TIME>
<DATA_UP_UUID>10</DATA_UP_UUID>
<DIDIAN>东西湖区东山五一大队</DIDIAN>
<GUIMO>800</GUIMO>
<LXFS>13871166328</LXFS>
<MC>武汉汇春名优农产品专业合作社</MC>
<XH>10</XH>
<XM>付祖平</XM>
</book><book>
<DATA_UP_STATUS>I</DATA_UP_STATUS>
<DATA_UP_TIME>0001-01-01</DATA_UP_TIME>
<DATA_UP_UUID>12</DATA_UP_UUID>
<DIDIAN>东西湖区柏泉西二大队</DIDIAN>
<GUIMO>1000</GUIMO>
<LXFS>13986290986</LXFS>
<MC>武汉市强鑫蔬菜产销专业合作社</MC>
<XH>12</XH>
<XM>赵礼强</XM>
</book><book>
<DATA_UP_STATUS>I</DATA_UP_STATUS>
<DATA_UP_TIME>0001-01-01</DATA_UP_TIME>
<DATA_UP_UUID>16</DATA_UP_UUID>
<DIDIAN>江夏区金口街沿江村</DIDIAN>
<GUIMO>300</GUIMO>
<LXFS>15071051845</LXFS>
<MC>武汉绿源畅通蔬菜合作社</MC>
<XH>16</XH>
<XM>熊爱林</XM>
</book>
</books>