﻿data_up_status,data_up_time,data_up_uuid,didian,guimo,lxfs,mc,xh,xm
I,0001-01-01,3,黄陂区蔡店街姚家老屋村,1200,13397177922,武汉百汇勤农业公司,3,张敬东
I,0001-01-01,8,蔡甸区侏儒街军营村,1509,13971039578,武汉平安益农种植专业合作社,8,黄平安
I,0001-01-01,9,蔡甸区玉贤松林村,714,13607171349,武汉景秀大地生态农业有限公司,9,王武元
I,0001-01-01,18,江夏区山坡街光辉村11组,328,13317167849,武汉市兰菊蔬菜种植专业合作社,18,范菊香
I,0001-01-01,21,江夏区金口街长江村,500,15927293770,武汉市江夏区定发蔬菜专业合作社,21,陈龙
I,0001-01-01,1,新洲区三店街七里村、施庙村、坨坑村,3000,13886085758,湖北玉如意绿色食品有限公司,1,蔡建明
I,0001-01-01,7,江夏区乌龙泉新生活村,2000,13986144222,武汉家事易农业科技有限公司,7,巴能文
I,0001-01-01,2,新洲区凤凰镇郑元村,1428,13307110999,湖北东方神农生态科技有限公司,2,王  锋
I,0001-01-01,5,江夏区郑店街老屋胡村和乌龙泉街新生活村,3420,13908624303,武汉沛美达农业科技股份有限公司,5,王继渡
I,0001-01-01,20,江夏区金口街三门口村,276,13397159349,武汉品农园农业发展有限公司,20,胡保萍
I,0001-01-01,24,江夏区劳四村图库咀,6669.32,13886074773,湖北丛霖农业生态有限责任公司,24,金一凤
I,0001-01-01,14,汉南区邓南街南庄大队,1000,13907117798,湖北精诚农业开发有限公司,14,全波
I,0001-01-01,17,江夏区郑店街莲花桥村,732,15527240719,武汉莲花绿洲生态农业发展有限公司,17,胡成
I,0001-01-01,19,江夏区金口街白马头村,1600,13871441035,武汉白马头生态农业股份有限公司,19,王世合
I,0001-01-01,23,江夏区金口街长江村（沿江村）,285,18086062606,武汉市兴农缘有机蔬菜专业合作社,23,周磊
I,0001-01-01,4,黄陂区三里街长堤村,1280,13907192758,武汉兰氏农业公司,4,李友强
I,0001-01-01,6,江夏区郑店街劳七村,5018,13995631191,湖北凡华农业科技发展有限公司,6,徐斌
I,0001-01-01,13,汉南区邓南街窑头村,5000,13507257231,武汉广厦润田农业发展有限公司,13,谢守志
I,0001-01-01,15,江夏区金口街赤矶山村,86,13986202131,武汉市江夏区一块地家庭农场,15,祝贤凯
I,0001-01-01,27,江夏区乌龙泉街五星村,280,13995681408,武汉市江夏区鄂龙蔬菜合作社,27,蔡光焰
I,0001-01-01,28,江夏区金口街联合村,387,15907151326,武汉市鑫安兰种植专业合作社,28,王安明
I,0001-01-01,26,江夏区赤矶山村,206,15926384088,武汉市江夏区绿康家庭农场,26,张承斌
I,0001-01-01,11,"东西湖区柏泉西一大队 ",200,13971299166,湖北吉农沃尔特农业有限公司,11,魏晓明
I,0001-01-01,22,江夏区法泗街红星村,130,13871250823,武汉星桂源种养殖专业合作社,22,廖西南
I,0001-01-01,25,江夏区郑店街崇岭村谢家湾,350,13659860475,武汉滕香园农业开发有限公司,25,李战友
I,0001-01-01,10,东西湖区东山五一大队,800,13871166328,武汉汇春名优农产品专业合作社,10,付祖平
I,0001-01-01,12,东西湖区柏泉西二大队,1000,13986290986,武汉市强鑫蔬菜产销专业合作社,12,赵礼强
I,0001-01-01,16,江夏区金口街沿江村,300,15071051845,武汉绿源畅通蔬菜合作社,16,熊爱林
