﻿data_up_status,data_up_time,data_up_uuid,dh_1,dh_2,dianhua_1,dz_1,dz_2,faren_1,faren_2,lxr_1,mc_1,mc_2,shifou_1,xh_1,xh_2,xydm_1,xydm_2,zhenghao_1,zj_1
I,0001-01-01,,18110963883,,18971270869,东湖新技术开发区神墩二路166号,,陈楠,,马传金,武汉丰乐种业有限公司,,,3,,91420100706961321k,,（鄂）农种许字（2017）第0013号,3000
I,0001-01-01,,13307177535,,,武汉东湖高新区关山高坡店老武黄公路49号,,宁斌,,,武汉蔬博农业科技有限公司,,,8,,91420100077727769K,,D（鄂武汉东湖）农种经许字（2014）第0002号,3000
I,0001-01-01,,13808662596,,15927225090,东湖新技术开发区高新大道888号高农生物园总部B区11#楼101室,,王世才,,张洋海,武汉庆发禾盛农业发展有限公司,,,9,,914201000520365820,,CD(鄂武汉东新）农种经许字（2014）第0003号,1500
I,0001-01-01,,13607143677,,13607143677,武汉市东西湖区东西湖大道特1号农贸大市场农资区2栋15-16号（6）,,舒志明,,舒志明,武汉皇经堂种苗有限公司,,否,18,,91420112MA4KT4PU6C,,D(鄂武东)农种许字(2017)第0002号,200
I,0001-01-01,,13607191192,,18627966690,洪山区南湖大道3号,,崔登维,,易飞云,湖北鄂科华泰种业股份有限公司,,,21,,914201006667714000,,B（鄂）农种许字（2016）第0001号,3000
I,0001-01-01,,18986222985,,18986222985,洪山区张家湾街市农科院蔬菜所5幢6层1号,,黎宇,,梅时勇,梅时勇萝卜科技武汉有限公司,,,32,,914201115782909643,,D（鄂洪）农种经许字（2016）第0004号,500
I,0001-01-01,,13907143485,,13971077446,武汉鸿昊农业科技有限责任公司,,黄庆元,,黄海军,武汉鸿昊农业科技有限责任公司,,,36,,91420111778174749N,,D(鄂武洪)农种许字2018第0001号,500
I,0001-01-01,,13908626186,,13986170158,武汉市黄陂区武湖农场,,陈柏林,,杜迎军,武汉维尔福生物科技股份有限公司,,否,40,,91420116748349819D,,C（陂）农种经许字（2014）第0002号,3000
I,0001-01-01,,13607192403,,,武汉市武昌区中山路410号,,汪义逸,,,武汉市武昌区星原种苗经营部,,否,46,,,,D（武昌）农种经许字（2014）第0007号,200
I,0001-01-01,,18186660666,,18602718303,武汉市武昌区中山路436号7号,,汪兆云,,鄢丽华,武汉澳华科农生物科技有限公司,,否,48,,91420106086626089N,,D（武昌）农种经许字（2014）第0011号,200
I,0001-01-01,,13707110390,,13343441108,湖北省武汉市武昌区中山路368号金涛铭座,,龙帡,,龙钲,武汉世真华龙农业生物技术有限公司,,否,51,,91420106565558220H,,D（武昌）农种经许字（2014）第0013号,200
I,0001-01-01,,13907139247,,18971120047,武汉市武昌区千家街6-16育才公寓2栋1层4号,,刘道华,,汪金秀,武汉博来鑫农业有限公司,,否,57,,91420106MA4KWK5037,,D（鄂武昌）农种许字（2017）第0005号,200
I,0001-01-01,,13707182078,,13707182078,武昌区中山路与紫阳东路交叉口天伦万金国际广场/栋塔楼1单元16层办公24.25室,,廖四祥,,张芬,武汉吉祥世纪农业科技发展有限公司,,否,59,,91420106MA4KWTB733,,D（鄂武昌）农种许字（2018）第0002号,500
I,0001-01-01,,13071248757,,13071248757,邾城街龙腾大道,,胡爱莲,,胡爱莲,武汉市金色阳光种业有限公司,,,65,,91420117562332082X,,CD(鄂武新农种许字)【2016】D001号,
I,0001-01-01,,,13385284077,,,武汉市蔡甸区沌口小区海天汽配城东区25栋28号,,王志宏,,,武汉市蔡甸区裕丰金必来种业经营部,,,1,,92420114MA4KQ19392,,
I,0001-01-01,,,18171393919,,,武汉市蔡甸区沌口小区海天汽配城东区,,郑卫,,,武汉民丰种子有限公司,,,2,,914201147447796781,,
I,0001-01-01,,,15994258099,,,武汉市蔡甸区蔡甸街蔡正街138号,,刘素芳,,,武汉市蔡甸区正街种子经销部,,,3,,92420114MA4HX43L10,,
I,0001-01-01,,,15102733227,,,武汉市蔡甸区沌口小区海天汽配大世界西区7栋118号商铺,,王天天,,,武汉格润溢源农资有限公司,,,4,,91420114MA4KMF7P2N,,
I,0001-01-01,,,15927290299,,,武汉市蔡甸区沌口小区海天汽配大世界西区2栋128号,,朱欢欢,,,武汉市蔡甸区为民种业经营部,,,5,,92420114MA4KUHMJ8D,,
I,0001-01-01,,,18971201818,,,武汉市蔡甸区侏儒街成功西河北路,,龚其才,,,武汉市蔡甸区侏儒街其才农资经营部,,,6,,92420114MA4HX5L82E,,
I,0001-01-01,,,13720348631,,,武汉市蔡甸区侏儒街胜洪村,,王玲,,,武汉市蔡甸区王玲农资经营部,,,7,,92420114MA4JC49T2A,,
I,0001-01-01,,,13035146852,,,武汉市蔡甸区侏儒街蟹湖路,,许艺红,,,武汉市蔡甸区侏儒街福兴农资服务部,,,8,,92420114MA4J8Q0M60,,
I,0001-01-01,,,15307105681,,,武汉市蔡甸区玉贤街玉贤路１６号,,王小兰,,,武汉市蔡甸区大地凯歌农资店,,,9,,92420114MA4JF2WP7B,,
I,0001-01-01,,,13871186115,,,武汉市蔡甸区玉贤街玉贤路23号,,姚忠武,,,武汉市蔡甸区盛裕农农资经营部,,,10,,92420114MA4JKPFP9E,,
I,0001-01-01,,,18971304215,,,武汉市蔡甸区玉贤街玉贤路35号,,许昌凤,,,武汉市蔡甸区许昌凤农资经营部,,,11,,92420114MA4JF1H472,,
I,0001-01-01,,,13517232145,,,武汉市蔡甸区消泗乡泗通路56号,,陈艮平,,,武汉市蔡甸区消泗荣娥农资服务部,,,12,,92420114MA4JCTPR64,,
I,0001-01-01,,,13554669837,,,武汉市蔡甸区消泗乡正街87号,,龚卓,,,武汉市蔡甸区消泗乡金卓农资经营部,,,13,,92420114MA4J6ME896,,
I,0001-01-01,,,13006360809,,,武汉市蔡甸区消泗乡消泗正街128号,,张小冬,,,武汉市蔡甸区消泗乡大地丰歌玉颖连锁店,,,14,,92420114MA4J5CUC0F,,
I,0001-01-01,,,18007148288,,,武汉市蔡甸区消泗乡485号,,熊记芳,,,武汉市蔡甸区消泗乡金博瑞农资经营部,,,15,,92420114MA4HX3R26J,,
I,0001-01-01,,,13971648460,,,武汉市蔡甸区消泗乡洪南村40号,,何祥兵,,,武汉市蔡甸区仙峰农资经营部,,,16,,92420114MA4KTPHX7J,,
I,0001-01-01,,,15926415478,,,武汉市蔡甸区新农汉新街南45号,,王军,,,武汉市蔡甸区裕盛达农资经营部,,,17,,92420114MA4JJ00X55,,
I,0001-01-01,,,18986232188,,,武汉市蔡甸区张湾街柏林庄向前街10号,,张卓,,,武汉市蔡甸区张卓农资经营部,,,18,,92420114MA4JJ7NE55,,
I,0001-01-01,,,13971088850,,,武汉市蔡甸区张湾街张家淌村,,刘魁,,,武汉市蔡甸区刘魁农资经营部,,,19,,92420114MA4DQ7JD4U,,
I,0001-01-01,,,13517266779,,,武汉市蔡甸区张湾街柏林街36附2-4号,,姜诗朋,,,武汉市蔡甸区姜诗朋农资经营部,,,20,,92420114MA4JF1U15H,,
I,0001-01-01,,,13397176598,,,武汉市蔡甸区索河镇正街8号,,艾利芬,,,武汉市蔡甸区农业生产资料公司索河农资经营部,,,21,,91420114MA4KN08411,,
I,0001-01-01,,,13886167966,,,武汉市蔡甸区张湾街张湾社区34号,,周艳霞,,,武汉市蔡甸区周艳霞农资经营部,,,22,,92420114MA4JF1U23C,,
I,0001-01-01,,,13871389307,,,东山,,朱光焱,,,武汉市东西湖光焱农资经营部,,,73,,92420112MA4JF9BX8R,,
I,0001-01-01,,,13871537901,,,东山,,丁洪旺,,,武汉市东西湖洪旺农资经营部,,,74,,92420112MA4J8WBW4F,,
I,0001-01-01,,,139955585715,,,东山,,郭行权,,,大地丰歌行权农资连锁东山店,,,75,,92420112MA4HW9QM41,,
I,0001-01-01,,,13317114755,,,东山,,夏长领,,,武汉市东西湖长领农资店,,,76,,420112600188140,,
I,0001-01-01,,,15927129037,,,东山,,刘文望,,,武汉市东西湖东山文望种苗店,,,77,,92420112MA4J5FXQ26,,
I,0001-01-01,,,18986243797,,,泾河,,李丽慧,,,东西湖泾河丽慧种子经营部,,,78,,92420112MA4KQNKK83,,
I,0001-01-01,,,15927567100,,,三店,,赵守成,,,武汉市东西湖三店品扬种子经营部,,,79,,420112600191354,,
I,0001-01-01,,,13667260899,,,三店,,肖开茂,,,武汉市东西湖三店武汉供销农资星火加盟店,,,80,,420112600188885,,
I,0001-01-01,,,13720359795,,,辛安渡,,潘汉军,,,武汉市东西湖军霞农资经营部,,,81,,"92420112MA4JLLND6P ",,
I,0001-01-01,,,15387018910,,,辛安渡,,戴竹云,,,武汉市东西湖农耕农资店,,,82,,420112600171568,,
I,0001-01-01,,,13971556737,,,辛安渡,,张安国,,,武汉市东西湖辛安渡绿丰农资店,,,83,,92420112MA4J801W39,,
I,0001-01-01,,,027-83066141,,,辛安渡,,陈翠兰,,,武汉市东西湖辛安渡武汉供销农资翠兰加盟店,,,84,,420112600370403,,
I,0001-01-01,,,18971343851,,,辛安渡,,徐妙清,,,武汉市东西湖辛安渡阳光农资,,,85,,420112600388622,,
I,0001-01-01,,,13707143018,,,辛安渡,,代四章,,,武汉市东西湖辛安渡供销农资农盛加盟店,,,86,,92420112MA4J2G5E2K,,
I,0001-01-01,,,15527326530,,,养殖场,,李荒年,,,昌奥农资有限公司养殖经营部,,,87,,420112000133101,,
I,0001-01-01,,,15827133355,,,养殖场,,刘家祥,,,武汉国强农资有限公司,,,88,,91420112347231908D,,
I,0001-01-01,,,13971464140,,,走马岭,,毛志波,,,青峰毛志波农资店,,,89,,420112600201317,,
I,0001-01-01,,,13986266338,,,走马岭,,高永忠,,,高忠农资经营部,,,90,,92420112MA4J9WDN9U,,
I,0001-01-01,,,13871260691,,,走马岭,,张登攀,,,科丰农资青峰门市部,,,91,,420112600279490,,
I,0001-01-01,,,13971173686,,,走马岭,,陶从先,,,武汉市东西湖区先进泽丰农资店,,,92,,420112600042977,,
I,0001-01-01,,,13607139772,,,走马岭,,杨国金,,,武汉市东西湖区杨飞农资经营部,,,93,,420112600209981,,
I,0001-01-01,,,13871583387,,,走马岭,,毛红利,,,武汉市东西湖区走马岭鑫海农资经营部,,,94,,92420112MA4HXD5C5K,,
I,0001-01-01,,,15827370270,,,走马岭,,肖良桥,,,武汉市东西湖肖良桥种子经营部,,,95,,92420112MA4J1N2M2D,,
I,0001-01-01,,,18871175026,,,走马岭,,高顺,,,武汉市东西湖新沟农场高顺农资经营部,,,96,,92420112MA4J3R5B3C,,
I,0001-01-01,,,13871300202,,,走马岭,,李学君,,,武汉市东西湖新沟农场学君种子经营部,,,97,,92420112MA4J7L373P,,
I,0001-01-01,,,13163289011,,,走马岭,,聂正喜,,,武汉市东西湖新沟正喜种苗新华经营部,,,98,,420112600210213,,
I,0001-01-01,,,13971556737,,,走马岭,,张安国,,,武汉市东西湖走马岭安国农资经营部,,,99,,92420112MA4JDAAG42,,
I,0001-01-01,,,18908648066,,,走马岭,,王少华,,,武汉市东西湖走马岭桂兰旺达种子门市部,,,100,,92420112MA4JCQTF5C,,
I,0001-01-01,,,13971532369,,,走马岭,,王惠,,,走马岭恩惠农资经营部,,,101,,420112600060394,,
I,0001-01-01,,,13986298613,,,走马岭,,张在平,,,东西湖成成农资经营部,,,102,,420112600206799,,
I,0001-01-01,,,15391548162,,,纱帽街育才路,,洪春梅,,,洪春梅农资经营部,,,103,,4201133002763,,
I,0001-01-01,,,18986029425,,,纱帽街育才路9号,,黄华,,,金土地种子经营部,,,104,,92420113MA4KQTL233,,
I,0001-01-01,,,13071245424,,,纱帽街育才路,,余胜利,,,利农农资,,,105,,420113600050344,,
I,0001-01-01,,,13277921236,,,汉南大道318号,,王永元,,,金和种业,,,106,,420113600109734,,
I,0001-01-01,,,13871283907,,,汉南大道63号,,王元斌,,,确良种子经营部,,,107,,420113600076024,,
I,0001-01-01,,,13667279880,,,邓南街振兴路103号,,段茂杰,,,仁杰农家店,,,108,,420113000003849,,
I,0001-01-01,,,15391524898,,,邓南街南庄村,,陈吉霞,,,武汉市汉南区华兴农资,,,109,,420113000018599,,
I,0001-01-01,,,13986155357,,,湘口街湘口桥,,朱联合,,,湘口联合农资门市部,,,110,,420113600035546,,
I,0001-01-01,,,15927691969,,,湘口街康泰路168号,,胡元明,,,元明农资,,,111,,420113600052678,,
I,0001-01-01,,,18971589606,,,湘口街康泰路93号,,代先艳,,,艳阳天农资,,,112,,92420113MA4J53DBX9,,
I,0001-01-01,,,13871493884,,,湘口街康泰路151号,,谭元全,,,护农农资经营部,,,113,,420113600005102,,
I,0001-01-01,,,13871175708,,,东荆街东荆大队,,蔡建立,,,汉南立华农资经营部,,,114,,420113600005477,,
I,0001-01-01,,,15927553198,,,东荆街7号,,程书深,,,东荆街农技推广站农资经营部,,,115,,420113000003314,,
I,0001-01-01,,,18670726200,,,武汉市洪山区珞狮南路517号明泽大厦,,张一明,,,袁隆平农业高科技股份有限公司湖北分公司,,,116,,914201117534009734,,
I,0001-01-01,,,18672318488,,,武汉市洪山区南湖大道53号湖北农业科技研究推广中心一期大楼3011,,丁艳红,,,湖北康地科技有限公司,,,117,,91420111303719952P,,
I,0001-01-01,,,18007162628,,,青菱湖北路银湖中小企业城,,方勇,,,湖北华丰瑞农业科技有限公司,,,118,,91420100551980586H,,
I,0001-01-01,,,13593820136,,,洪山区珞狮南路501号,,谢帮忠,,,北京金色农华种业科技股份有限公司武汉分公司,,,119,,914201117680958957,,
I,0001-01-01,,,15926274796,,,武汉市洪山区南湖大道壕沟蚕桑站5号门面,,姚才荣,,,武汉市洪山区农丰种子经营部,,,120,,92420111MA4KUGL626,,
I,0001-01-01,,,15955123595,,,武汉市洪山区白沙洲青菱街都市工业园银湖中小企业城41栋A座12楼,,陈光绪,,,湖北上禾种业有限公司,,,121,,91420111MA4KQP2L7C,,
I,0001-01-01,,,13507104735,,,洪山区野芷湖西路创意天地9栋8层802室,,杜家明,,,武汉湖广农业科技股份有限公司,,,122,,91420111303466481L,,
I,0001-01-01,,,13638621790,,,武汉市黄陂区前川街黄陂大道204号,,吴宗友,,,武汉金诚友农资有限公司,,,123,,914201163034747211,,
I,0001-01-01,,,13098841124,,,武汉市黄陂区前川街黄陂大道262号,,邬友国,,,武汉市黄陂区前川街农业服务中心友国农资经营部,,,124,,4201160000101022,,
I,0001-01-01,,,13329736439,,,武汉市黄陂区前川街黄陂大道276号,,喻伯青,,,武汉市黄陂区农丰农业生产资料有限公司古潭分公司,,,125,,91420116MA4KX23FX8,,
I,0001-01-01,,,13807197376,,,黄陂区前川街黄陂大道192号,,翁拥安,,,武汉金种苗农业科技有限公司,,,126,,91420116303799980T,,
I,0001-01-01,,,13986095871,,,黄陂区前川街黄陂大道312号,,黄永平,,,武汉兴永顺农业科技有限公司,,,127,,91420116594538739T,,
I,0001-01-01,,,15927079188,,,黄陂区前川街黄陂大道278号,,袁刚祥,,,武汉南美枫生态园林科技有限公司,,,128,,91420116059154629A,,
I,0001-01-01,,,61003779,,,黄陂区前川街黄陂大道396号,,刘志勇,,,武汉乡里人农业科技有限公司,,,129,,914201166634760693,,
I,0001-01-01,,,61008136,,,黄陂区前川街黄陂大道396号,,杨文保,,,黄陂区板桥商贸有限公司经营部,,,130,,91420116MA4KXED03P,,
I,0001-01-01,,,13419600667,,,黄陂区前川街黄陂大道206号,,伍建锋,,,武汉市黄陂区农丰农业生产有限责任公司富农经营部,,,131,,91420116MA4KX22W2C,,
I,0001-01-01,,,61109066,,,黄陂区前川街黄陂大道472号,,朱云厚,,,武汉市黄陂区云厚蔬菜种子经营部,,,132,,4201116600103984,,
I,0001-01-01,,,13667244391,,,黄陂区前川街黄陂大道476号,,段惠群,,,黄陂区生产资料公司综合经营部,,,133,,91420116562316461E,,
I,0001-01-01,,,61009889,,,黄陂区前川街黄陂大道49号,,朱农厚,,,黄陂区农业技术推广中心朱家种苗农资经营部,,,134,,420116000029750,,
I,0001-01-01,,,13871100850,,,黄陂区前川街黄陂大道252号,,方享云,,,武汉市黄陂区盛芳种子经营部,,,135,,91420116MA4KQ9PGPM,,
I,0001-01-01,,,18971095462,,,黄陂区前川街黄陂大道292号,,李金华,,,武汉市黄陂区前川街农业服务中心农资门市部,,,136,,420116000029299,,
I,0001-01-01,,,13071240138,,,黄陂区前川街黄陂大道298号,,杨新国,,,武汉庆丰润泽农业科技有限公司,,,137,,91420116MA4KLP1446,,
I,0001-01-01,,,15927536177,,,黄陂区前川 街河塔街118号,,梅建武,,,武汉市黄陂区鑫晨农资经营部,,,138,,420116600259424,,
I,0001-01-01,,,13647225090,,,黄陂区前川街人民道398号,,王先鹏,,,黄陂区农业生产资料公司公园经营部,,,139,,420116000036177,,
I,0001-01-01,,,13429805426,,,黄陂区前川街人民道,,王良安,,,黄陂区良安蔬菜种子经营部,,,140,,420116600058503,,
I,0001-01-01,,,13296520146,,,黄陂区前川街民安街32号,,涂玲莉,,,武汉市黄陂区农丰农业生产资料有限公司第一门市部,,,141,,91420116MA4KULJK93,,
I,0001-01-01,,,18971072470,,,前川街双凤大道292号,,彭冒安,,,黄陂区农业生产资料有限公司双凤经营部,,,142,,91420116MA4KNW8M69,,
I,0001-01-01,,,13296665387,,,前川街双凤大道294号,,肖志全,,,黄陂区农业生产资料有限公司桥头经营部,,,143,,91420116MA4KNJXG0G,,
I,0001-01-01,,,15926271686,,,黄陂区前川街鲁台老涂湾15号,,涂  军,,,黄陂区农业生产资料有限公司经营部,,,144,,91420116MA4KNHUB58,,
I,0001-01-01,,,13638645522,,,黄陂区祁家湾红星村同兴集146号,,李永亮,,,武汉兴永顺农业科技有限公司同兴分公司,,,145,,91420116MA4KX6B33M,,
I,0001-01-01,,,13264744996,,,黄陂区王家河街长堰堰中街103号,,唐伯祥,,,黄陂区农业生产资料有限公司长堰二门市部,,,146,,91420116MA4KN60559,,
I,0001-01-01,,,15827647722,,,黄陂区王家河街长堰堰中街83号,,陈友香,,,黄陂区农业生产资料有限公司长堰一门市部,,,147,,91420116MA4KN5XK55,,
I,0001-01-01,,,15827037505,,,"王家河菜场对面 ",,熊  珍,,,黄陂区王家河熊珍农资经营部,,,148,,420116600138388,,
I,0001-01-01,,,18986175058,,,黄陂区木兰乡木兰大道157号,,刘  敏,,,武汉市黄陂区振荣农资经营部,,,149,,91420116MA4KTH9M45,,
I,0001-01-01,,,18062022579,,,黄陂区木兰乡木兰大道,,吴冬菊,,,黄陂区木兰冬菊经营部,,,150,,420116600026401,,
I,0001-01-01,,,15387072918,,,黄陂区木兰乡兰秀路,,张利芬,,,黄陂区木兰张利芬农资经营店,,,151,,92420116MA4JGGJ706,,
I,0001-01-01,,,13797061909,,,黄陂区武湖农场五通口,,李胜红,,,武汉禾盛欣荣生态农业发展有限公司,,,152,,91420116MA4KLK263X,,
I,0001-01-01,,,13871048331,,,黄陂区武湖农场五通路,,侯胜彬,,,武汉市武湖侯记帮农商贸有限公司,,,153,,91420116MA4KP3J83E,,
I,0001-01-01,,,13419550277,,,黄陂区武湖农场五通路6号,,程  鹏,,,武汉荆楚天保作物科学有限公司,,,154,,91420116MA4KNXWM1T,,
I,0001-01-01,,,18971507251,,,黄陂区三里银湖大道,,陈永凤,,,武汉市黄陂区三里永凤农资店,,,155,,92420116MA4J688P1R,,
I,0001-01-01,,,18871432017,,,黄陂区六指甘棠大道,,胡佑清,,,黄陂区六指甘棠胡佑清农资经营店,,,156,,420116600235049,,
I,0001-01-01,,,13886059379,,,黄陂区六指甘棠新民街,,黄小建,,,黄陂区六指甘棠小建农资店,,,157,,42011600230625,,
I,0001-01-01,,,13317152866,,,黄陂区六指街什仔大道122号,,盛学彬,,,武汉盛农源农资有限公司,,,158,,91420116MA4K3WP9P,,
I,0001-01-01,,,61502842,,,黄陂区长岭新建街,,黄炎和,,,武汉市黄陂区长岭炎和农资经营部,,,159,,420116600008952,,
I,0001-01-01,,,13720168359,,,黄陂区长岭新建街214号,,毛文莉,,,武汉市黄陂区长岭毛文莉农资经营部,,,160,,420116600077209,,
I,0001-01-01,,,13871149621,,,黄陂区罗汉街研泥路,,邓红波,,,武汉市黄陂区罗汉供销合作社红波农资经营部,,,161,,91420116MA4KPX3Q0C,,
I,0001-01-01,,,15926459788,,,黄陂区研子大街,,张  帆,,,武汉市黄陂区研子张帆农资店,,,162,,420116600158050,,
I,0001-01-01,,,13971252514,,,黄陂区罗汉寺龙兴街89号,,刘宝庆,,,武汉市黄陂区罗汉庆宝农资经营部,,,163,,92420116MA4KPRBM2W,,
I,0001-01-01,,,13476795528,,,黄陂区罗汉街老市场,,李  青,,,武汉市黄陂区罗汉供销合作社李青农资经营部,,,164,,91420116MA4KL23R29,,
I,0001-01-01,,,13986267857,,,黄陂区李集大道,,彭桂霞,,,武汉市黄陂区李集志鸿农资门市部,,,165,,92420116MA4J3KKH93,,
I,0001-01-01,,,15994231798,,,黄陂区李家集交通路493号,,郑成燕,,,武汉市黄陂区泡桐供销合作社李集成燕农资经营部,,,166,,4201160000057495,,
I,0001-01-01,,,15871778549,,,黄陂区李家集交通路493号,,桂仕新,,,武汉市黄陂区泡桐供销合作社李集仕新农资经营部,,,167,,420116000057575,,
I,0001-01-01,,,15971460706,,,黄陂区交通路,,陈友生,,,武汉市黄陂区泡桐供销合作社李集友生农资经营部,,,168,,420116000057671,,
I,0001-01-01,,,13871315615,,,李志刚,,金口金水闸闸东路11-8号,,,武汉市江夏区范湖供销合作社生资门市部,,,169,,420115000018265,,
I,0001-01-01,,,13971291636,,,阮自力,,江夏区金口金贸市场对面,,,武汉市江夏区金水乡蔬菜综合服务部,,,170,,420115000011071,,
I,0001-01-01,,,18986261863,,,范福军,,江夏区金水长兴路54号,,,湖北省国营金水农场物资供销公司金隆农资经营部,,,171,,420115000008053,,
I,0001-01-01,,,15527975585,,,杨超,,江夏区金口街金水闸粮贸公司旁,,,武汉市江夏区范湖农业技术推广站金水闸四门市部,,,172,,420115000021884,,
I,0001-01-01,,,13995676718,,,陈军,,江夏区范湖乡南岸村,,,武汉市江夏区范湖农业技术推广站南岸分店,,,173,,91420115MA4KMRJA94,,
I,0001-01-01,,,13114378918,,,熊永友,,湖泗街福桥街102号,,,武汉市江夏区湖泗农业综合服务部,,,174,,420115000040260,,
I,0001-01-01,,,15926357858,,,叶波,,江夏区湖泗镇福桥街,,,武汉市江夏区蔬菜综合服务公司湖泗隆丰经营部,,,175,,420115000003009,,
I,0001-01-01,,,13517260312,,,童春莲,,江夏区湖泗镇福桥街,,,武汉市江夏区湖泗农业技术推广站农资友门市部,,,176,,420115000013462,,
I,0001-01-01,,,13971225636,,,游庆,,法泗街法泗州路55号,,,武汉市江夏区法泗农业技术推广站,,,177,,420115000006015,,
I,0001-01-01,,,13098822449,,,曾雪咏,,法泗街横街15号,,,武汉市江夏区法泗供销合作社生资门市部,,,178,,420115000027598,,
I,0001-01-01,,,13871572696,,,谭军,,江夏区法泗正街,,,武汉市江夏区法泗供销合作社正街门市部,,,179,,420115000035555,,
I,0001-01-01,,,18971319009,,,高桂兵,,江夏区法泗街法泗洲路183号,,,武汉市江夏区法泗农技站桂兵门市部,,,180,,420115000083232,,
I,0001-01-01,,,81367025,,,胡锋,,江夏区法泗镇法泗洲路92号,,,武汉市江夏区法泗农技站泽农经营部,,,181,,420115000023865,,
I,0001-01-01,,,13871461070,,,程爱明,,江夏区法泗镇正街,,,武汉市江夏区蔬菜综合服务公司法泗经营服务部,,,182,,420115000006291,,
I,0001-01-01,,,81367953 18986078276,,,闵家厚,,江夏区法泗镇供销社横街门面,,,武汉市江夏区法泗农技站祥凤门市部,,,183,,420115000036222,,
I,0001-01-01,,,18971311457,,,闵玉平,,江夏区法泗洲路360号,,,武汉市江夏区法泗农技站荣平经营部,,,184,,420115000036214,,
I,0001-01-01,,,18008658213,,,吴正英,,郑店关山桥郑山村付家湾101号,,,武汉市江夏区郑店农业技术推广站关山桥门市部,,,185,,420115000043733,,
I,0001-01-01,,,13907134792,,,钱典华,,江夏区郑店老街12号,,,武汉市江夏区郑店供销合作社老街农资经营部,,,186,,420115000045194,,
I,0001-01-01,,,13971072726,,,胡达平,,江夏区段岭庙正街,,,武汉市江夏区段岭庙农业技术推广站,,,187,,420115000032882,,
I,0001-01-01,,,13397160130,,,曾义,,江夏区郑店街纸金西路10号,,,武汉市江夏区郑店供销合作社第二门市部,,,188,,420115000042370,,
I,0001-01-01,,,13971257762,,,李姣,,江夏区郑店街段岭庙社区乌龙泉路口,,,武汉市江夏区山坡农业技术推广站富农农资经营部,,,189,,420115000051944,,
I,0001-01-01,,,81719598,,,程业文,,江夏区土地堂,,,武汉市江夏区蔬菜综合服务公司土地堂经销部,,,190,,420115000038654,,
I,0001-01-01,,,13871457146,,,戴龙元,,江夏区乌龙泉街土地堂新街35号,,,武汉市江夏区蔬菜综合服务公司土地堂第二经营部,,,191,,420115000093142,,
I,0001-01-01,,,13545278193,,,陈敏,,江夏区乌龙泉街,,,武汉市江夏区蔬菜综合服务公司乌龙泉,,,192,,420115000038461,,
I,0001-01-01,,,13627287186,,,嵇方针,,江夏区土地堂东街,,,武汉市江夏区土地堂乡农业技术推广站科技服务部,,,193,,420115000036038,,
I,0001-01-01,,,13720285536,,,陈小平,,江夏区乌龙泉幸福路,,,武汉市江夏区土地堂乡农业技术推广站绿源农资门市部,,,194,,420115000042634,,
I,0001-01-01,,,13545353028,,,姚运东,,江夏区土地堂新街85号,,,武汉市江夏区土地堂农业技术推广站杨桐服务部,,,195,,420115000028589,,
I,0001-01-01,,,15902785855,,,任清枝,,江夏区土地堂乡,,,武汉市江夏区土地堂乡农业技术推广站新建服务部,,,196,,420115000016464,,
I,0001-01-01,,,13971183621,,,任明禄,,江夏区乌龙泉街土地堂,,,武汉市江夏区乌龙泉供销社土地堂生产资料二门市部,,,197,,420115000036167,,
I,0001-01-01,,,87910756,,,王丹云,,江夏区纸坊街古驿道75号,,,武汉市江夏区蔬菜综合服务公司丹云,,,198,,420115000036974,,
I,0001-01-01,,,13296526587,,,戴东秀,,江夏区纸坊街兴新街112号,,,武汉市江夏区纸坊农业技术推广站兴新街经营部,,,199,,420115000028054,,
I,0001-01-01,,,15327455101,,,张勋木,,江夏区纸坊街兴新街398号,,,武汉市江夏区纸坊农业技术推广站万顺种子门市部,,,200,,420115000035442,,
I,0001-01-01,,,18108632697,,,李文铎,,五里界街界兴路156号,,,武汉市江夏区五里界镇界兴农资门市部,,,201,,420115600208755,,
I,0001-01-01,,,13071239980,,,邱想祯,,江夏区五里界街界兴路165号,,,武汉市江夏区蔬菜综合服务公司五里界经营部,,,202,,420115000030411,,
I,0001-01-01,,,13871311675,,,周明秀,,江夏区五里界街界兴路126号,,,武汉市江夏区蔬菜综合服务公司五里界农资经营部,,,203,,420115000048965,,
I,0001-01-01,,,13797022771,,,代先菊,,江夏区五里界界兴路,,,武汉市江夏区五里界振兴农资经营部,,,204,,420115600208763,,
I,0001-01-01,,,13307108321,,,汪甫刚,,舒安街梅林街47号,,,武汉市江夏区舒安农业技术推广站,,,205,,420115000012960,,
I,0001-01-01,,,81307230,,,徐飞,,舒安街分水村26号,,,武汉市江夏区蔬菜综合服务公司舒安分水经营部,,,206,,420115000006066,,
I,0001-01-01,,,13995678496,,,陈世海,,江夏区舒安乡,,,武汉市江夏区舒安供销社生资门市部,,,207,,420115000009177,,
I,0001-01-01,,,81307175,,,李炳文,,江夏区舒安乡分水垴,,,武汉市江夏区舒安供销社武汉供销农资分水加盟店,,,208,,420115000002715,,
I,0001-01-01,,,13018089626,,,江楠,,山坡街星明街187号,,,武汉市江夏区蔬菜综合服务公司山坡经营部,,,209,,91420115558418334L,,
I,0001-01-01,,,81342059,,,叶绪桂,,江夏区山坡新街40号,,,武汉市江夏区山坡技术推广站桥东门市部,,,210,,420115000039108,,
I,0001-01-01,,,13296613609,,,董重豪,,江夏区山坡星明街259号,,,武汉市江夏区山坡农业技术推广站重豪农资经营部,,,211,,420115000100679,,
I,0001-01-01,,,13638607137,,,操朝武,,江夏区山坡乡保福福兴街18号,,,武汉市江夏区山坡农业技术推广站保福门市部,,,212,,420115000045217,,
I,0001-01-01,,,81311126,,,涂青山,,江夏区贺站镇正街,,,武汉市江夏区贺站镇农业技术推广站,,,213,,420115000000805,,
I,0001-01-01,,,15871482218,,,曾斌,,江夏区山坡街道星明街120号,,,武汉市江夏区山坡曾斌惠农农资经营部,,,214,,420115600351180,,
I,0001-01-01,,,15927465656,,,李义松,,江夏区安山街马安路7号,,,武汉市江夏区纸坊农业技术推广站安农农资经营部,,,215,,420115000040729,,
I,0001-01-01,,,13387506269,,,李仁福,,江夏区安山街兴安路66号,,,武汉市江夏区纸坊农业技术推广站安民服务部,,,216,,420115000040712,,
I,0001-01-01,,,13638640668,,,张学华,,江夏区安山镇,,,武汉市江夏区安山供销社武汉供销农资安山加盟店,,,217,,420115000002723,,
I,0001-01-01,,,13018022597,,,蔡正华,,江夏区安山街兴安路,,,安山街农业技术服务部,,,218,,91420115MA4KRDC95W,,
I,0001-01-01,,,13707170357,,,武昌区中山路432-3号,,张明山,,,武汉市武昌区创源种子商行,,,219,,92420106MA4KP8Y66B,,
I,0001-01-01,,,13072758729,,,武昌区中山路434号-1,,汪义钦,,,武汉市武昌区金丰种苗经营部,,,220,,91420106MA4KN3X494,,
I,0001-01-01,,,13971213227,,,湖北省武汉市武昌区中山路402号,,杨桂花,,,武汉市武昌区金施得种业经营部,,,221,,92420106MA4J1LBT1E,,
I,0001-01-01,,,12871023817,,,"湖北省武汉市武昌区中山路414-12  ",,曾令均,,,"武汉市武昌区鼎新种子经营部 ",,,222,,92420106MA4J2GLK3B,,
I,0001-01-01,,,13554186866,,,湖北省武汉市武昌区武昌区中山路394号,,彭显顺,,,武汉市武昌区顺达种子经营部,,,223,,92420106MA4J1XPA8Q,,
I,0001-01-01,,,13507119377,,,"湖北省武汉市武昌区武昌中山路410号 ",,汪云,,,"江西省玉丰种业有限公司武汉分公司 ",,,224,,91420106717916964F,,
I,0001-01-01,,,13971179389,,,湖北省武汉市武昌区武汉市武昌区中山路414-10,,陈辉,,,武汉市武昌区金阳种苗经营部,,,225,,92420106MA4J78UL44,,
I,0001-01-01,,,13407103875,,,"湖北省武汉市武昌区武汉市武昌区中山路394-2号 ",,"  汪利衍 ",,,武汉市武昌区利衍种业经营部,,,226,,92420106MA4HYM2N6D,,
I,0001-01-01,,,18971686267,,,"湖北省武汉市武昌区武昌区中山路394号 ",,陶兴吾,,,"武汉市武昌区兴旺种业商行  ",,,227,,92420106MA4J3XN479,,
I,0001-01-01,,,88314874/13006389822,,,"湖北省武汉市武昌区武汉市武昌区中山路394一2号 ",,罗洪钧,,,武汉市武昌区益泰林种子商行,,,228,,92420106MA4HYQTD7K,,
I,0001-01-01,,,15907144326,,,湖北省武汉市武昌区武昌区中山路404号,,饶均四,,,"武汉市武昌区四季种子经营部 ",,,229,,92420106MA4J97L70T,,
I,0001-01-01,,,13647205688,,,"湖北省武汉市武昌区湖北省武汉市武昌区中山路430号附4号 ",,刘厚威,,,"武汉市武昌区和信种子经营部  ",,,230,,92420106MA4JFHJK4Y,,
I,0001-01-01,,,13707182078,,,"湖北省武汉市武昌区武昌区中山路394-1  ",,廖四祥,,,"武汉市武昌区吉祥种子商行 ",,,231,,91420106MA4KWTB733,,
I,0001-01-01,,,18062063960,,,"湖北省武汉市武昌区中山路410号 ",,余世春,,,"武汉榕江种业商行  ",,,232,,91420106MA4KNON20Q,,
I,0001-01-01,,,13476250435,,,"湖北省武汉市武昌区中山路412号 ",,毛早先,,,"武汉市武昌区天鸿种业经营部 ",,,233,,92420106MA4JCG7F8A,,
I,0001-01-01,,,18071096978,,,"湖北省武汉市武昌区中山路436号-9 ",,熊镇裕,,,武汉市武昌区赣新种业经营部,,,234,,92420106MA4J351G97,,
I,0001-01-01,,,18971665438,,,"湖北省武汉市武昌区中山路426-13 ",,张志红,,,"武汉市武昌区加加贝种业经营部  ",,,235,,92420106MA4J3CPQ29,,
I,0001-01-01,,,13147128046,,,"湖北省武汉市武昌区武汉市武昌区中山路426附12号  ",,李鑫,,,武汉市武昌区武农种子经营部,,,236,,92420106MA4JCU404W,,
I,0001-01-01,,,15971502902,,,"湖北省武汉市武昌区中山路426号附8号 ",,郑顺桥,,,"武汉市武昌区金布谷种业经销部 ",,,237,,92420106MA4J3CWF7U,,
I,0001-01-01,,,13343436660,,,"湖北省武汉市武昌区武昌区中山路396―1―3号1楼2号 ",,李侨运,,,"武汉信农田源种子商行 ",,,238,,91420106MA4KN16U4B,,
I,0001-01-01,,,13971617362,,,湖北省武汉市武昌区武昌区中山路412号,,张焕,,,武汉武昌区信来福种业,,,239,,92420106MA4JDWK230,,
I,0001-01-01,,,18907105326,,,"湖北省武汉市武昌区武昌区中山路396号一1一3 ",,吴忠,,,武汉金正现代种业有限公司,,,240,,91420106799760667T,,
I,0001-01-01,,,13971615028,,,湖北省武汉市武昌区武汉市武昌区中山路426号,,高少辉,,,"武汉市武昌区天绿种苗商行  ",,,241,,92420106MA4KRMWG4H,,
I,0001-01-01,,,1388673128,,,湖北省武汉市武昌区中山路414-13,,于月华,,,武汉市武昌区盛华种业经营部,,,242,,92420106MA4KP8L55E,,
I,0001-01-01,,,13871197720,,,"湖北省武汉市武昌区武昌中山路414附1号  ",,汪志国,,,"武汉巿绿满园种苗 ",,,243,,92420106MA4HW1D34G,,
I,0001-01-01,,,13871398646,,,"湖北省武汉市武昌区中山路394-1门面  ",,田绪涛,,,"武汉市武昌区小大田种子经营部 ",,,244,,92420106MA4JFUC44M,,
I,0001-01-01,,,18071066540,,,湖北省武汉市武昌区武昌区中山路394号,,叶欣,,,武汉市武昌区欣叶种子商行,,,245,,92420106MA4J0GH4T,,
I,0001-01-01,,,88712928,,,湖北省武汉市武昌区武昌中山路436号附5,,"张志红 ",,,武汉市武昌科力达农丰种子商行,,,246,,92420106MA4HWFW5XA,,
I,0001-01-01,,,13995507665,,,"湖北省武汉市武昌区中山路426号 ",,冯新,,,"武汉市武昌区望农种苗经营部  ",,,247,,92420106MA4JFFQN82,,
I,0001-01-01,,,13071248757,,,邾城街龙腾大道,,胡爱莲,,,武汉市金色阳光种业有限公司,,,248,,91420117562332082X,,
I,0001-01-01,,,13720297086,,,邾城街龙腾大道,,陈建国,,,武汉市保田种业公司,,,249,,914201175683518663,,
I,0001-01-01,,,13886136188,,,邾城街龙腾大道,,余爱荣,,,武汉市农种丰种业有限公司,,,250,,91420117764617510C,,
I,0001-01-01,,,13986150548,,,邾城街龙腾大道,,游继松,,,武汉市农友种业有限公司,,,251,,91420117748317470R,,
I,0001-01-01,,,13971045408,,,邾城街龙腾大道,,胡琦斌,,,武汉市鼎丰种业有限公司,,,252,,91420117070508037,,
I,0001-01-01,,,13296516778,,,新洲区仓埠街,,肖红兵,,,武汉市新洲区武汉供销宏友农资加盟店,,,253,,91420117MA4KRQBT52,,
I,0001-01-01,,,13476800798,,,新洲区仓埠街,,方建军,,,武汉市新洲区武汉供销农资仓埠农祥农资加盟店,,,254,,91420117MA4KRQDL5A,,
I,0001-01-01,,,18971271686,,,新洲区仓埠街,,徐桂生,,,武汉市新洲区仓埠供销股份合作社武汉供销农资桂生加盟店,,,255,,420117000015357,,
I,0001-01-01,,,13971082536,,,新洲区仓埠街步行街,,刘友华,,,武汉市新洲区武汉供销农资仓埠农友农资加盟店,,,256,,91420117MA4KRQAQ7K,,
I,0001-01-01,,,13307129758,,,新洲区仓埠街方杨乡林岗街,,李红新,,,新洲区方杨农业技术咨询服务处,,,257,,91420117MA4L0Y4M18,,
I,0001-01-01,,,13995548089,,,新洲区仓埠街方杨乡林岗街,,高旺荣,,,武汉市新洲区方杨乡供销股份合作社武汉供销农资富民加盟店,,,258,,420117000015324,,
I,0001-01-01,,,13317159808,,,新洲区仓埠街陶家田村,,张新育,,,武汉农得丰武汉供销农资新育加盟店,,,259,,92420117MA4KRB8C91,,
I,0001-01-01,,,13387579699,,,新洲区凤凰镇凤凰大道96号,,谢保祥,,,武汉市利保农农资有限公司,,,260,,91420117MA4KX5FU7Q,,
I,0001-01-01,,,13871079538,,,新洲区凤凰镇凤凰街三叉路北街,,郭喜生,,,武汉市赢鑫农资有限公司武汉供销农资凤凰加盟店,,,261,,420117000015654,,
I,0001-01-01,,,13554087491,,,新洲区金台镇,,周友新,,,武汉市新洲区鑫龙农资有限公司金台经营部,,,262,,91420117MA4KY6CJ6A,,
I,0001-01-01,,,15872394635,,,新洲区旧街街利河街,,潘天祥,,,武汉民丰农资利河经营部,,,263,,420117600160550,,
I,0001-01-01,,,13207112689,,,新洲区旧街武政路,,左长元,,,武汉市新洲区旧街供销股份合作社武汉供销农资生资加盟店,,,264,,420117000015412,,
I,0001-01-01,,,13554211698,,,新洲区孔埠街正街,,左海兵,,,武汉市新洲区植保站农药批发部左海兵农资店,,,265,,91420117MA4KXC2R9M,,
I,0001-01-01,,,18971219859,,,新洲区孔埠镇致富街5号,,张永红,,,新洲区汪集街孔埠农技咨询服务处,,,266,,420117000039733,,
I,0001-01-01,,,18171332258,,,新洲区李集街北街,,皮楚春,,,武汉市赢鑫农资有限公司李集经营部,,,267,,420117000012395,,
I,0001-01-01,,,18986083623,,,新洲区李集街刘先村,,程  鹏,,,武汉市新洲区普春农资有限公司李集程鹏经营部,,,268,,91420117MA4KYMA799,,
I,0001-01-01,,,13618610665,,,新洲区李集街张店,,熊红兵,,,武汉市新洲区普春农资有限公司武汉供销农资张店红兵加盟店,,,269,,91420117MA4KTD6636,,
I,0001-01-01,,,15971484141,,,新洲区李集街张店街,,周幼华,,,新洲区李集街张店农技咨询服务部,,,270,,91420117MA4KMRB23,,
I,0001-01-01,,,13871307560,,,新洲区李集街正街,,李建兵,,,新洲区李集供种站,,,271,,420117000041366,,
I,0001-01-01,,,13006125664,,,新洲区李集街正街,,程  创,,,新洲区普春农资有限公司李集第一经营部,,,272,,420117000030812,,
I,0001-01-01,,,15387114031,,,新洲区潘塘街,,唐发伢,,,武汉市新洲区潘塘农业服务中心农技服务站长青门市部,,,273,,914420117MA4KX8LB8D,,
I,0001-01-01,,,13317147610,,,新洲区潘塘街潘西路,,朱良立,,,武汉市新洲区武汉供销农资朱宝林加盟店,,,274,,420117600103808,,
I,0001-01-01,,,15871360220,,,新洲区三店街,,张立功,,,武汉市新洲区三店供销股份合作社武汉供销农资第一加盟店,,,275,,420117000025367,,
I,0001-01-01,,,13207153498,,,新洲区三店街道和平路,,程胜元,,,新洲区三店供销股份合作社武汉供销农资第七加盟店,,,276,,91420117MA4KX55D48,,
I,0001-01-01,,,13100689158,,,新洲区三店街道和平路,,成权松,,,新洲区三店供销股份合作社第十三门市部,,,277,,420117000054894,,
I,0001-01-01,,,13207153618,,,新洲区三店街道和平路,,李战辉,,,武汉市新洲区益农农资有限公司武汉供销农资第三诚信加盟店,,,278,,91420117MA4KXBBQ54,,
I,0001-01-01,,,15927182595,,,新洲区三店街道西街,,郭可军,,,新洲区三店供销股份合作社第五加盟店,,,279,,91420117MA4KX7QR8B,,
I,0001-01-01,,,15927683709,,,新洲区汪集街,,胡久胜,,,武汉市新洲区植保站农药批发部胡久胜经营部,,,280,,21420117MA4KRQFE00,,
I,0001-01-01,,,13554132563,,,新洲区汪集街汪集村,,汪宏周,,,武汉市新洲区植保站农药批发部宏周农资店,,,281,,420117000087345,,
I,0001-01-01,,,13349900338,,,新洲区汪集街汪盛路,,张际生,,,武汉市新洲区武汉供销农资继生加盟店,,,282,,420117000003312,,
I,0001-01-01,,,13995653203,,,新洲区汪集街汪兴路1栋/单元/1-2层08室,,张望顺,,,武汉市新洲区植保站农药批发部张望顺农资店,,,283,,91420117MA4KWTYT2K,,
I,0001-01-01,,,13016426500,,,新洲区辛冲镇陈吕村陈吕湾三组113号,,吕华咏,,,武汉民丰农资辛冲经营部,,,284,,420117600264052,,
I,0001-01-01,,,13098855116,,,新洲区辛冲镇辛冲单岗村单家岗8组,,单春和,,,新洲区辛冲镇农业技术咨询服务部第一经营部,,,285,,420117000043200,,
I,0001-01-01,,,13207167290,,,新洲区辛冲正街,,蔡汉春,,,武汉市新洲区辛冲供销股份合作社庄稼医院经营部,,,286,,420117000044831,,
I,0001-01-01,,,13995571598,,,新洲区辛冲正街,,黄新安,,,武汉民丰农资辛冲经营部,,,287,,420117000000701,,
I,0001-01-01,,,15926261198,,,新洲区辛冲正街,,王磊,,,武汉供销农资辛冲王磊农资农家店,,,288,,420117600375918,,
I,0001-01-01,,,13071292063,,,新洲区徐古街,,陶兴海,,,武汉市新洲区鑫龙农资有限公司武汉供销农资徐古加盟店,,,289,,91420117MA4KMMB294,,
I,0001-01-01,,,15717170203,,,新洲区徐古镇沙河街,,刘喜红,,,武汉市新洲区植保站农药批发部胡花花农资店,,,290,,91420117MA4KM9XH6R,,
I,0001-01-01,,,13871307230,,,新洲区徐古镇沙河街,,洪军发,,,武汉市新洲区植保站农药批发部魏芬农资店,,,291,,91420117MA4KM9X31U,,
I,0001-01-01,,,13871307637,,,新洲区阳逻街桥头村一组14号,,陈仕武,,,武汉市新洲区植保站农药批发部陈仕武农资店,,,292,,9142011730368581XY,,
I,0001-01-01,,,13995526993,,,新洲区阳逻平江路108号,,罗吉华,,,武汉市新洲区普春农资有限公司阳逻华玉经营部,,,293,,91420117MA4K2GTA3P,,
I,0001-01-01,,,13006136703,,,新洲区邾城街道顾岗街20号,,吴六生,,,武汉市新洲区武汉供销农资吴六生加盟店,,,294,,92420117MA4J69U265,,
I,0001-01-01,,,13886028461,,,新洲区邾城街易窑村,,罗金财,,,武汉市新洲区土肥站武汉供销农资易窑加盟店,,,295,,420117000018592,,
I,0001-01-01,,,15307166200,,,新洲区邾城街易窑村,,罗有才,,,武汉市新洲区益农农资有限公司联合经营部,,,296,,420117000035808,,
I,0001-01-01,,,13808698957,,,武汉市洪山区狮子山街1号华中农业大学产业楼,,杨光圣,,,武汉联农种业科技有限责任公司,,,297,,9142010072579504X8,,
I,0001-01-01,,,13667227126,,,武汉市东湖开发区华光大道特1号学府佳园,,沈金雄,,,湖北国科高新技术有限公司,,,298,,914201006918867351,,
I,0001-01-01,,,13659841123,,,南湖大道3号,,周黎,,,湖北省农业科学院粮食作物研究所,,,299,,124200007308716332,,
I,0001-01-01,,,18672315651,,,南湖大道43号,,张兴中,,,湖北省农业科学院经济作物研究所,,,300,,12420000730856601D,,
I,0001-01-01,,,18986226388,,,武汉市蔡甸区侏儒街洪北,,方青芳,,,武汉市蔡甸区洪北方芳农资服务部,,,23,,92420114MA4J94TM6T,,
I,0001-01-01,,,15972083178,,,武汉市蔡甸区侏儒山街蟹湖大街50号,,肖凡,,,武汉市蔡甸区肖凡农资店,,,24,,92420114MA4JA2PX0Q,,
I,0001-01-01,,,15827154368,,,武汉市蔡甸区永安街安堡路1号附1号,,李少平,,,武汉市蔡甸区李少平农资经营部,,,25,,92420114MA4DQKUW58,,
I,0001-01-01,,,84965828,,,武汉市蔡甸区侏儒街蟹湖路,,陈昌林,,,"武汉市蔡甸区侏儒街祖刚农资经营部 ",,,26,,92420114MA4JDW5P62,,
I,0001-01-01,,,15327220358,,,武汉市蔡甸区蔡甸街蝙蝠街,,刘芳,,,"武汉市蔡甸区武汉供销农资刘芳农资加盟店 ",,,27,,92420114MA4J81T961,,
I,0001-01-01,,,84063113,,,武汉市蔡甸区消泗乡泗通路18号,,罗翠兰,,,"武汉市蔡甸区消泗乡三安农资经营部 ",,,28,,92420114MA4J190R25,,
I,0001-01-01,,,13871139409,,,武汉市蔡甸区侏儒街侏洪路67号,,周厚玉,,,"武汉鑫辰明农资有限公司 ",,,29,,91420114333457703L,,
I,0001-01-01,,,15927215517,,,武汉市蔡甸区消泗乡正街146号,,王长名,,,武汉市蔡甸区长名农资经营部,,,30,,92420114MA4JKP7Q6Q,,
I,0001-01-01,,,13387573850,,,舵落口,,曹继刚,,,武汉市东西湖舵落口刚丰种子经营部,,,31,,420112600420202,,
I,0001-01-01,,,13545227088,,,舵落口,,许兵兵,,,武汉市东西湖好收成种子经营部,,,32,,92420112MA4HWFN36L,,
I,0001-01-01,,,18608648678,,,舵落口,,周良拥,,,武汉市东西湖区金瑞农资经营部,,,33,,92420112MA4KUB2C70,,
I,0001-01-01,,,13297984738,,,舵落口,,蔡中凤,,,武汉市东西湖区金胜种子经营部,,,34,,92420112MA4HXKF77Q,,
I,0001-01-01,,,027-52366161,,,舵落口,,冯小娟,,,武汉市东西湖舵落口金旺种子经营部,,,35,,92420112MA4JBTM435,,
I,0001-01-01,,,18986065097,,,舵落口,,祝振托,,,武汉市东西湖舵落口利民种苗经营部,,,36,,92420112MA4HX05L3P,,
I,0001-01-01,,,15971491782,,,舵落口,,文清宏,,,武汉市东西湖民丰种子经营部,,,37,,420112600071403,,
I,0001-01-01,,,13871290445,,,舵落口,,陈尚勤,,,武汉市东西湖年丰种子经营部,,,38,,420112600014752,,
I,0001-01-01,,,13507100989,,,舵落口,,方建蓉,,,武汉市东西湖侨英种子经营部,,,39,,420112600420251,,
I,0001-01-01,,,13517277266,,,舵落口,,曹继彬,,,武汉市东西湖圣农种苗经营部,,,40,,420112600047801,,
I,0001-01-01,,,13317171604,,,舵落口,,薛万友,,,武汉市东西湖岁穗丰种子经营部,,,41,,420112600490159,,
I,0001-01-01,,,13971001528,,,舵落口,,熊丹斌,,,武汉凯丹农资有限公司,,,42,,914201127483131388,,
I,0001-01-01,,,18986299032,,,舵落口,,李钢,,,武汉满丰收农资有限公司东西湖分公司,,,43,,91420112MA4KNTY11R,,
I,0001-01-01,,,18986035198,,,舵落口,,朱运姣,,,武汉市安福源农资有限公司,,,44,,9142011269831123XF,,
I,0001-01-01,,,15826845786,,,舵落口,,姜翰文,,,武汉市东西湖茂源种业,,,45,,420112600477140,,
I,0001-01-01,,,15802799318,,,舵落口,,汪炳,,,武汉市东西湖田园利民种子经营部,,,46,,92420112MA4KPBE75R,,
I,0001-01-01,,,13971652759,,,舵落口,,艾文霞,,,武汉市东西湖西郊正华农资经营部,,,47,,92420112MA4J2C9J84,,
I,0001-01-01,,,15926273086,,,舵落口,,付正雄,,,武汉市富地豪农资有限公司,,,48,,9142011255501975XR,,
I,0001-01-01,,,13554287377,,,舵落口,,林伟,,,武汉市鑫源野农资有限公司,,,49,,91420112096015214L,,
I,0001-01-01,,,13886070477,,,舵落口,,陈胜,,,武汉泽丰农资有限公司,,,50,,91420112755111649L,,
I,0001-01-01,,,18071038258,,,舵落口,,邹晶,,,武汉市邹晶种苗有限公司,,,51,,"91420112333597343N ",,
I,0001-01-01,,,13871272209,,,舵落口,,严芳,,,武汉市东西湖鑫丰悦种子经营部,,,52,,420112600030162,,
I,0001-01-01,,,13971640130,,,舵落口,,许为民,,,武汉市东西湖鑫天科种子经营部,,,53,,420112600084909,,
I,0001-01-01,,,18602725667,,,舵落口,,朱启浩,,,武汉市东西湖鑫振龙农资经营部,,,54,,92420112MA4JMJTK1E,,
I,0001-01-01,,,13971120851,,,舵落口,,郑春艳,,,武汉市东西湖星光种苗经营部,,,55,,92420112MA4KQDLX3J,,
I,0001-01-01,,,83247265,,,舵落口,,罗凤荣,,,武汉市东西湖区舵落口益泰来种子经营部,,,56,,92420112MA4J7DU225,,
I,0001-01-01,,,13871269639,,,舵落口,,卫峰,,,武汉市东西湖舵落口永泰种苗经营部,,,57,,420112600420624,,
I,0001-01-01,,,13072787088,,,新沟镇,,康仙枝,,,武汉市东西湖新沟金荣种子经营部,,,58,,420112600126330,,
I,0001-01-01,,,15392942661,,,新沟镇,,张红莉,,,武汉市东西湖新沟镇红莉种子店,,,59,,92420112MA4J3U3Y7F,,
I,0001-01-01,,,13125075024,,,新沟镇,,蒋望云,,,武汉市东西湖新沟镇望云农资店,,,60,,420112600126846,,
I,0001-01-01,,,13871472791,,,新沟镇,,程水娥,,,武汉市东西湖助农农资经营部,,,61,,92420112MA4J6E6T8Q,,
I,0001-01-01,,,027-83383720,,,新沟镇,,许小毛,,,东西湖区飞飞农资经营部,,,62,,420112600137480,,
I,0001-01-01,,,13339991350,,,新沟镇,,肖建平,,,新沟武汉供销农资肖建加盟店,,,63,,92420112MA4KTM7A7T,,
I,0001-01-01,,,15927020253,,,新沟镇,,孙翠萍,,,武汉市东西湖翠萍种子经营部,,,64,,92420112MA4HY6F824,,
I,0001-01-01,,,15871398843,,,柏泉,,冯建惠,,,武汉市东西湖建惠饲料经营部,,,65,,92420112MA4KKU3H372,,
I,0001-01-01,,,13367266023,,,柏泉,,刘玉荣,,,武汉市东西湖柏泉玉荣种子店,,,66,,92420112MA4KU1U77G,,
I,0001-01-01,,,13871197538,,,柏泉,,黄明义,,,武汉市东西湖大地丰歌农资连锁柏泉店,,,67,,92420112MA4KQMJQ8B,,
I,0001-01-01,,,13667134058,,,慈惠,,王良兵,,,慈惠四海农丰农资经营部,,,68,,420112600205351,,
I,0001-01-01,,,13627252903,,,慈惠,,李金玉,,,东西湖蔡家金玉农资经营部,,,69,,420112600209684,,
I,0001-01-01,,,13797003687,,,慈惠,,刘守念,,,东西湖慈惠武汉供销农资念念加盟店,,,70,,420112600005358,,
I,0001-01-01,,,13517247281,,,慈惠,,周明发,,,东西湖丰收农资经营部,,,71,,420112600197816,,
I,0001-01-01,,,15927129037,,,东山,,刘文望,,,武汉市东西湖东山文望种苗店,,,72,,92420112MA4J5FXQ26,,
I,0001-01-01,,13807160532,,18501523015,武汉珞狮南路519号高农大厦7楼703A,,丁美顺,,邓思,湖北谷神科技有限责任公司,,,1,,9142010067580797XQ,,B（鄂）农种许字（2017）第0017号,3000
I,0001-01-01,,13507165218,,18171018287,武汉东湖新技术开发区珞狮南路519号明泽丽湾（高农大厦）1103A,,周元坤,,胡世平,武汉佳禾生物科技有限责任公司,,,7,,91420100555039830N,,B(鄂)农种许字（2018）第0007号,3000
I,0001-01-01,,13807161328,,13476266816,东湖新技术开发区高新大道888号高农生物园总部B区1#楼520室,,曹永胜,,叶琴,武有限公司汉隆福康农业发展,,是,2,,91420100771394722A,,BC（鄂）农种许字（2019）第0001号; BC（鄂）农种许字（2018）第0002号;,3000
I,0001-01-01,,13986002099,,13986002099,武汉市东湖新技术开发区神墩三路277号,,王晓明,,张忠明,湖北省种子集团有限公司,,,5,,91420000177566421E,,A（鄂）农种许字（2018）第0001号,10000
I,0001-01-01,,13907179859,,17786142122,湖北省武汉市洪山区珞狮南路517号,,卢才军,,吴明法,湖北农华农业科技有限公司,,,20,,91420100798771591P,,B（鄂）农种许字（2018）第004号,1150
I,0001-01-01,,02788430091,,18071526109,洪山区创意天地11号楼9层,,李大伟,,徐姮,中垦锦绣华农武汉科技有限公司,,,24,,914201117963220043,,B（鄂）农种许字（2017）第0008号、CD（鄂洪武）农种许字（2017）第0002号,4268
I,0001-01-01,,027-86836265,,,武汉市武昌区徐东二路2号,,刘贵华,,,武汉中油种业科技有限公司,,否,42,,914201067680841845,,D(鄂武昌）农种许字（2016）第0001号,500
I,0001-01-01,,13807125617,,13886044881,武昌区中山路412-4号,,朱圣,,李清,武汉昂达种苗有限公司,,否,45,,91420106303410605T,,D（鄂武昌）农种许字（2017）第0003号,200
I,0001-01-01,,13971213227,,18571526212,武汉市武昌区大东门中山路402号,,杨桂花,,杨剑,武汉市武昌区金施得种业经营部,,否,50,,92420106MA4J1LBT1E,,D（武昌）农种经许字（2014）第0012号,200
I,0001-01-01,,13871480063,,,武汉市武昌区中山路396号—1—3（1楼1号,,张西雷,,,武汉市千弘如农业科技有限公司,,否,60,,91420106MA4KYHKNXY,,D（鄂武昌）农种许字（2018）第0001号,200
I,0001-01-01,,18672777686,,18672777686,走马岭新华集荷包湖特64号,,杨晓明,,杨晓明,湖北紫园农业科技有限公司,,否,14,,91420112MA4KM8HH1N,,CD(鄂武东)农种许字(2019)第0001号,800
I,0001-01-01,,15527807058,,15527807058,武汉市东西湖区台商密集区汉丹铁路北、十五支沟东盈创动力产业园二期10栋5层2室,,汪聿鸿,,汪聿鸿,武汉市佰鸿宇种业有限公司,,否,17,,91420115MA4KY05D65,,D(鄂武东)农种许字(2019)第0001号,200
I,0001-01-01,,13971203253,,13807163200,洪山区珞狮路511号（省农科院蚕桑试验站二楼）,,赵军,,黄学文,武汉弘耕种业有限公司,,,19,,91420111774598085L,,B(鄂)农种许字（2017）第0011号,3000
I,0001-01-01,,18062080950,,19945041417,洪山区洪山街马湖村武汉创意天地6号办公楼903,,何庆彪,,何梦婷,湖北利众种业科技有限公司,,,23,,91429004073197879C,,D(鄂武洪)农种许字（2017）第0004号/B（鄂）农种许字（2016）第0004号,3000
I,0001-01-01,,13971113035,,15377537645,武汉东湖开发区两湖大道东山头山水华庭、云顶居1栋1-301号,,潘永忠,,刘本兰,武汉绿色保姆生物技术有限公司,,,34,,9142010068540674XT,,D（鄂洪）农种经许字（2016）第0002号,200
I,0001-01-01,,18971053389,,18671651235,黄陂区武湖农场台湾农民创业园,,贡献,,胡泽仁,湖北农垦现代农业集团有限公司,,否,38,,91420000688494618M,,C（鄂武陂）农种许字（2017）第0001号,4000
I,0001-01-01,,13971468099,,,武昌区首义路顺民大厦C座902号,,贺亚非,,,武汉亚非种业有限公司,,否,44,,914201067831615121,,鄂（武昌）农种许字（2019）第0001号,200
I,0001-01-01,,027-86711556,,13871360520,湖北省武汉市武昌区徐东二路2号,,胡琼,,汪文祥,武汉中油大地希望种业有限公司,,否,58,,914201067680841920,,D（鄂武昌）农种许字（2016）第0003号,268
I,0001-01-01,,13886136188,,13886136188,邾城街龙腾大道,,余爱荣,,余爱荣,武汉市农种丰种业有限公司,,,67,,91420117764617510C,,CD(鄂武新农种许字)【2016】D004号,
I,0001-01-01,,18602720933,,13986002654,武汉东湖开发区珞狮南路517号,,鲁孟海,,裴艳红,湖北华占种业科技有限公司,,,4,,91420100562328323T,,B（鄂）农种许字（2018）第0003号,5668
I,0001-01-01,,13986107898,,13986138216,武汉东湖开发区光谷大道62号光谷总部国际2#29层,,黄岭,,邬兵,湖北楚创高科农业有限公司,,,6,,914201007282643166,,B（鄂）农种许字（2017）第（0001）号,3360
I,0001-01-01,,15907186798,,15907186798,东西湖区新安渡工业园88号,,杨春炎,,朱辉忠,武汉如意种苗高科技开发有限公司,,否,13,,91420112698335266P,,D(鄂武东)农种许字(2018)第0002号,1500
I,0001-01-01,,13507152707,,13507152707,武汉市东西湖区柏泉西湖现代都市农业示范园新建大楼及附楼,,彭金光,,赵定杰,武汉市东西湖维农种苗有限公司,,否,15,,"9142011268232604XR ",,D(鄂武东)农种许字(2018)第0001号,500
I,0001-01-01,,13995577019,,13387507198,洪山区青菱都市工业园白沙洲中小企业城三期41号楼1单元7层4号,,万军桥,,刘学清,武汉楚禾汇生物科技有限公司,,,27,,91420111059151540W,,c(鄂武洪)农种许字(2018)第0001号,500
I,0001-01-01,,18971500436,,18607130684,武汉市洪山区珞狮南路517号2-202,,谢勇,,江燕青,武汉楚为生物科技股份有限公司,,,28,,91420100MA4KNKWT3F,,D（鄂武洪）农种许字（2017）第0001号,500
I,0001-01-01,,027-87227125,,18986588418,武汉市洪山区珞狮南路519号高农大厦1801号,,王善广,,刘春山,武汉敦煌种业有限公司,,,30,,91420100768057426X,,B（鄂）农种许字（2017）第0012号,10000
I,0001-01-01,,12345678900,,15907117191,湖北禾盛金裕农业科技有限公司,,崔登维,,陈轩,湖北禾盛金裕农业科技有限公司,,,35,,9142011167584149X0,,CD（鄂武洪）农种许字（2017）第0001号,102
I,0001-01-01,,13907100527,,13554544276,武汉市武昌区中山路412号,,邱孝育,,蔡保琼,武汉市文鼎农业生物技术有限公司,,,64,,91420106751810215T,,B（鄂）农种许字（2017）第0020号,500
I,0001-01-01,,18545898188,,15107143073,武汉市洪山区珞狮南路519号2号楼1901室,,王道阳,,任倩,垦丰长江种业科技有限公司,,,26,,91420100347207174J,,B（鄂）农种许字（2018）第0008号,10000
I,0001-01-01,,13972112768,,18995633528,武汉市江夏区庙山经济开发区向阳村花山西路,,闵鸿斌,,徐翠翠,武汉惠华三农种业有限公司,,是,41,,91420115771356670T,,B.D（鄂）农种许字（2017）第0005号,5000
I,0001-01-01,,18872270004,,,武汉市武昌区中山路396号-1-3(1楼1号）,,阴云飞,,,武汉川禾农业科技有限公司,,否,55,,91420111MA4KM5AD66,,D（鄂武昌）农种许字（2017）第0002号,200
I,0001-01-01,,13707170357,,,湖北省武汉市武昌区中山路432附3号,,张明山,,,武汉市武昌区创源种子商行,,否,62,,92420106MA4KP8Y66B,,D（鄂武昌）农种许字（2019）第0002号,200
I,0001-01-01,,13971157636,,,武汉市武昌区中山路436号附6号,,汪兆明,,,武汉市神牛种苗商行,,否,63,,91420106MA4K331U9R,,D(武昌）农种经许字（2014）第0006号,200
I,0001-01-01,,13986150548,,13986150548,邾城街龙腾大道,,游继松,,游继松,武汉市农友种业有限公司,,,68,,91420117748317470R,,CD(鄂武新农种许字)【2016】D002号,
I,0001-01-01,,13971045408,,13971045408,邾城街龙腾大道,,胡琦斌,,胡琦斌,武汉市鼎丰种业有限公司,,,69,,91420117070508037,,CD(鄂武新农种许字)【2016】D003号,
I,0001-01-01,,027-87227310,,17764000798,武汉市东湖开发区神墩一路228号,,祁先超,,陈伟波,湖北惠民农业科技有限公司,,,11,,91420000744637207H,,Ｂ（鄂）农种许字（2017）第0003号，Ｂ（鄂）农种许字（2017）第0010号,13851
I,0001-01-01,,18171098765,,18171098765," 湖北省武汉市洪山区南湖大道清水源16号",,高雪刚,,高雪刚,湖北金广农业科技有限公司,,,22,,91420100333549798D,,B（鄂）农种许字（2016）第0005号,3000
I,0001-01-01,,13871378193,,18971629658,武汉市洪山区野芷湖西路16号创意天地10-1302,,刘善德,,刘晓玉,武汉科珈种业科技有限公司,,,25,,91420100551955719U,,B（鄂）农种许字（2016）第0003号,3000
I,0001-01-01,,13098830777,,13307158657,武汉市洪山区珞狮北路2号樱花大厦A座9楼,,李从朗,,黄涛,武汉武大天源生物科技股份有限公司,,,29,,91420100731080139A,,BC(鄂)农种许字(2017)第0002号,3000
I,0001-01-01,,18907170769,,15997425257,湖北省武汉市洪山区珞狮南路519号明泽丽湾1号楼B座,,吴忠,,林黎,武汉汉研种苗科技有限公司,,,31,,9142010057202530XX,,D（鄂武洪）农种许字（2016）第0002号,500
I,0001-01-01,,17764020159,,,湖北省武汉市洪山区洪山街,,吴瑞,,,武汉市恒生信农业科技有限公司,,,33,,91420111MA4KLNR364,,d（鄂洪）农种经许字（2016）第0003号,200
I,0001-01-01,,027-87832091,,,武汉市武昌区丁字桥49-75号,,曹庆云,,,湖北中香米业有限责任公司,,否,43,,9142010672610129XK,,BC（鄂）农种许字（2017）第0004号,4000
I,0001-01-01,,15102731077,,,湖北省武汉市武昌区中山路434号一1,,汪义钦,,,武汉市武昌区金丰种苗经营部,,否,49,,,,D（武昌）农种经许字（2014）笫0010号,200
I,0001-01-01,,027-88328252,,13871192756,湖北省武汉市武昌区白沙洲街倒口湖长江紫都33、34、35、36联体商网1层21室,,于月华,,王伟,武汉亘远农业科技发展有限公司,,否,56,,91420106MA4KWYW707,,Ｄ（鄂武昌）农种许字（2017）第0004号,200
I,0001-01-01,,13720297086,,13720297086,邾城街龙腾大道,,陈建国,,陈建国,武汉市保田种业公司,,,66,,914201175683518663,,CD(鄂武新农种许字)【2016】D005号,
I,0001-01-01,,027-59368601,,15607166808,武汉市东湖新技术开发区高新大道666号光谷生物城C1栋,,唐丁香,,李志英,湖北凯瑞百谷农业科技股份有限公司,,,10,,9142010067582469XK,,Ｄ（鄂武开）农种许字（2016）第0003号,6333
I,0001-01-01,,13385282389,,13437187350,武汉市东湖新技术开发区光谷大道62号光谷总部国际6栋601-603,,吴陵松,,董利华,湖北华之夏种子有限责任公司,,,12,,914201007997955011,,B（鄂）农种许字（2018）第0006号,3000
I,0001-01-01,,15002736947,,15002736947,武汉舵落口大市场农资交易区7栋1楼7-8号（6）,,杨柳,,杨柳,武汉杨柳种子有限公司,,否,16,,"91420112MA4KNPG67C ",,D(鄂武东)农种许字(2017)第0001号,100
I,0001-01-01,,13607122486,,13971080820,珞狮南路明泽大厦1188/南湖大道省农科院内,,秦慧豹,,唐法光,湖北蔬谷农业科技有限公司,,,37,,91420100591079936D,,D(鄂武洪)农种许字（2017）第0005号,1000
I,0001-01-01,,027-87399117,,18108668412,黄陂区武湖农场青龙分厂现代农业产业园,,丁俊平,,管楠,武汉国英种业有限责任公司,,是,39,,91420116783187675G,,B（鄂）农种许（2016）第0002号,3000
I,0001-01-01,,13807182308,,13507188949,武昌中山路412号,,任群芳,,王艾姑,武汉宏达种苗有限责任公司,,否,47,,91420106707118264F,,D（武昌）农种经许字（2014）第0009号,500
I,0001-01-01,,13507184127,,13429879075,武汉市武昌区中山路436号附8,,黄平州,,王甜,武汉市武昌区九头鸟菜种行,,否,52,,,,D（武昌）农种经许字（2014）第0003号,200
I,0001-01-01,,13907149968,,13469969948,湖北省武汉市武昌区中山路368号金涛铭座A2003室,,罗洪林,,严青李,武汉百兴种业发展有限公司,,否,53,,91420106733576090J,,D（武昌）农种经许字（2014）第0002号,200
I,0001-01-01,,15871339003,,,武汉市武昌区徐东二路2号,,王立辉,,,武汉中油阳光时代种业科技有限公司,,否,54,,9142010677135865X0,,D（鄂武昌）农种许字（2016）第0002号,500
I,0001-01-01,,18162555888,,,武汉市武昌区中山路432-1,,詹素贞,,,武汉创丰农业生物技术有限公司,,否,61,,91420106333503087X,,D（武昌）农种经许字（2014）第0008号,200
