<?xml version="1.0" encoding="UTF-8"?>
<lst>
<num>211</num>
</lst>
<books>
<book>
<DATA_UP_STATUS>I</DATA_UP_STATUS>
<DATA_UP_TIME></DATA_UP_TIME>
<DATA_UP_UUID>3</DATA_UP_UUID>
<DZ>湖北省武汉市江夏区郑店街金星村鲁湖</DZ>
<GN>围绕农业生产经营活动为组织内成员及周边农民提供专业服务</GN>
<LXR>彭玉燕</LXR>
<MC>？郑店鲁湖养殖专业社？</MC>
<MJ>15</MJ>
<NF>2016</NF>
<QY>江夏区</QY>
<XH>3</XH>
</book><book>
<DATA_UP_STATUS>I</DATA_UP_STATUS>
<DATA_UP_TIME></DATA_UP_TIME>
<DATA_UP_UUID>8</DATA_UP_UUID>
<DZ>湖北省武汉市江夏区乌龙泉镇民主村李节湾</DZ>
<GN>围绕农业生产经营活动为组织内成员及周边农民提供专业服务</GN>
<LXR>邓雪丽</LXR>
<MC>？乌龙泉盟发牧业专业社？</MC>
<MJ>30</MJ>
<NF>2016</NF>
<QY>江夏区</QY>
<XH>8</XH>
</book><book>
<DATA_UP_STATUS>I</DATA_UP_STATUS>
<DATA_UP_TIME></DATA_UP_TIME>
<DATA_UP_UUID>9</DATA_UP_UUID>
<DZ>江夏区五里界群益村</DZ>
<GN>围绕农业生产经营活动为组织内成员及周边农民提供专业服务</GN>
<LXR>田江圆</LXR>
<MC>？五里界青海农业专业社？</MC>
<MJ>15</MJ>
<NF>2016</NF>
<QY>江夏区</QY>
<XH>9</XH>
</book><book>
<DATA_UP_STATUS>I</DATA_UP_STATUS>
<DATA_UP_TIME></DATA_UP_TIME>
<DATA_UP_UUID>18</DATA_UP_UUID>
<DZ>湖北省武汉市汉南区湘口绿荫路</DZ>
<GN>围绕农业生产经营活动为组织内成员及周边农民提供专业服务</GN>
<LXR>胡主任</LXR>
<MC>？喜鹊湖蟹业专业社？</MC>
<MJ>20</MJ>
<NF>2016</NF>
<QY>汉南区</QY>
<XH>18</XH>
</book><book>
<DATA_UP_STATUS>I</DATA_UP_STATUS>
<DATA_UP_TIME></DATA_UP_TIME>
<DATA_UP_UUID>21</DATA_UP_UUID>
<DZ>湖北省武汉市新洲区李集张店街道西湾村商下湾四组</DZ>
<GN>围绕农业生产经营活动为组织内成员及周边农民提供专业服务</GN>
<LXR>商总</LXR>
<MC>？新洲六角海种植专业社？</MC>
<MJ>20</MJ>
<NF>2016</NF>
<QY>新洲区</QY>
<XH>21</XH>
</book><book>
<DATA_UP_STATUS>I</DATA_UP_STATUS>
<DATA_UP_TIME></DATA_UP_TIME>
<DATA_UP_UUID>32</DATA_UP_UUID>
<DZ>湖北省武汉市江夏区乌龙泉街道青山村杨家澥</DZ>
<GN>围绕农业生产经营活动为组织内成员及周边农民提供专业服务</GN>
<LXR>张总</LXR>
<MC>？乌龙泉南北咀专业社？</MC>
<MJ>15</MJ>
<NF>2017</NF>
<QY>江夏区</QY>
<XH>32</XH>
</book><book>
<DATA_UP_STATUS>I</DATA_UP_STATUS>
<DATA_UP_TIME></DATA_UP_TIME>
<DATA_UP_UUID>36</DATA_UP_UUID>
<DZ>木兰乡七里冲甲山村</DZ>
<GN>围绕农业生产经营活动为组织内成员及周边农民提供专业服务</GN>
<LXR>冯春山</LXR>
<MC>？武汉黄陂区木兰乡木兰谷歌农业股份有限公司益农社？</MC>
<MJ>35</MJ>
<NF>2017</NF>
<QY>黄陂区</QY>
<XH>36</XH>
</book><book>
<DATA_UP_STATUS>I</DATA_UP_STATUS>
<DATA_UP_TIME></DATA_UP_TIME>
<DATA_UP_UUID>40</DATA_UP_UUID>
<DZ>木兰乡椿树岗村</DZ>
<GN>围绕农业生产经营活动为组织内成员及周边农民提供专业服务</GN>
<LXR>刘敏</LXR>
<MC>？武汉黄陂区木兰乡燕山生态农业有限公司益农社？</MC>
<MJ>35</MJ>
<NF>2017</NF>
<QY>黄陂区</QY>
<XH>40</XH>
</book><book>
<DATA_UP_STATUS>I</DATA_UP_STATUS>
<DATA_UP_TIME></DATA_UP_TIME>
<DATA_UP_UUID>46</DATA_UP_UUID>
<DZ>前川街吴店村</DZ>
<GN>围绕农业生产经营活动为组织内成员及周边农民提供专业服务</GN>
<LXR>朱兰萍</LXR>
<MC>？武汉黄陂区前川朱兰萍家庭农场益农社？</MC>
<MJ>35</MJ>
<NF>2017</NF>
<QY>黄陂区</QY>
<XH>46</XH>
</book><book>
<DATA_UP_STATUS>I</DATA_UP_STATUS>
<DATA_UP_TIME></DATA_UP_TIME>
<DATA_UP_UUID>48</DATA_UP_UUID>
<DZ>武汉市黄陂区前川街黄陂大道312、314号</DZ>
<GN>围绕农业生产经营活动为组织内成员及周边农民提供专业服务</GN>
<LXR>湖北农业</LXR>
<MC>？兴永顺农业科技有限公司益农社信息？</MC>
<MJ>35</MJ>
<NF>2017</NF>
<QY>黄陂区</QY>
<XH>48</XH>
</book><book>
<DATA_UP_STATUS>I</DATA_UP_STATUS>
<DATA_UP_TIME></DATA_UP_TIME>
<DATA_UP_UUID>51</DATA_UP_UUID>
<DZ>前川街双陈村郭许湾57号</DZ>
<GN>围绕农业生产经营活动为组织内成员及周边农民提供专业服务</GN>
<LXR>张义珍</LXR>
<MC>？武汉黄陂区前川双陈农作物种植专业合作社益农社？</MC>
<MJ>35</MJ>
<NF>2017</NF>
<QY>黄陂区</QY>
<XH>51</XH>
</book><book>
<DATA_UP_STATUS>I</DATA_UP_STATUS>
<DATA_UP_TIME></DATA_UP_TIME>
<DATA_UP_UUID>57</DATA_UP_UUID>
<DZ>祁家湾大杜村</DZ>
<GN>围绕农业生产经营活动为组织内成员及周边农民提供专业服务</GN>
<LXR>杜沼明</LXR>
<MC>？武汉黄陂区祁家湾盛世鑫隆农业有限公司益农社？</MC>
<MJ>35</MJ>
<NF>2017</NF>
<QY>黄陂区</QY>
<XH>57</XH>
</book><book>
<DATA_UP_STATUS>I</DATA_UP_STATUS>
<DATA_UP_TIME></DATA_UP_TIME>
<DATA_UP_UUID>59</DATA_UP_UUID>
<DZ>祁家湾街红卫村半边店13号</DZ>
<GN>围绕农业生产经营活动为组织内成员及周边农民提供专业服务</GN>
<LXR>朱春辉</LXR>
<MC>？武汉黄陂区祁家湾祁家湾街广益家庭农场益农社？</MC>
<MJ>35</MJ>
<NF>2017</NF>
<QY>黄陂区</QY>
<XH>59</XH>
</book><book>
<DATA_UP_STATUS>I</DATA_UP_STATUS>
<DATA_UP_TIME></DATA_UP_TIME>
<DATA_UP_UUID>65</DATA_UP_UUID>
<DZ>罗汉寺街联合铺子湾22号</DZ>
<GN>围绕农业生产经营活动为组织内成员及周边农民提供专业服务</GN>
<LXR>刘震</LXR>
<MC>？联合振华农机合作社益农信息社？</MC>
<MJ>35</MJ>
<NF>2017</NF>
<QY>黄陂区</QY>
<XH>65</XH>
</book><book>
<DATA_UP_STATUS>I</DATA_UP_STATUS>
<DATA_UP_TIME></DATA_UP_TIME>
<DATA_UP_UUID>93</DATA_UP_UUID>
<DZ>天河街方桥村</DZ>
<GN>围绕农业生产经营活动为组织内成员及周边农民提供专业服务</GN>
<LXR>李新杰</LXR>
<MC>？武汉黄陂区天河白莲院水产养殖专业合作社益农社？</MC>
<MJ>35</MJ>
<NF>2017</NF>
<QY>黄陂区</QY>
<XH>93</XH>
</book><book>
<DATA_UP_STATUS>I</DATA_UP_STATUS>
<DATA_UP_TIME></DATA_UP_TIME>
<DATA_UP_UUID>103</DATA_UP_UUID>
<DZ>横店街三联社区</DZ>
<GN>围绕农业生产经营活动为组织内成员及周边农民提供专业服务</GN>
<LXR>张欢</LXR>
<MC>？禄缘农庄益农信息社？</MC>
<MJ>35</MJ>
<NF>2017</NF>
<QY>黄陂区</QY>
<XH>103</XH>
</book><book>
<DATA_UP_STATUS>I</DATA_UP_STATUS>
<DATA_UP_TIME></DATA_UP_TIME>
<DATA_UP_UUID>104</DATA_UP_UUID>
<DZ>横店村大墩村</DZ>
<GN>围绕农业生产经营活动为组织内成员及周边农民提供专业服务</GN>
<LXR>陈文社</LXR>
<MC>？水润仙酒店管理有限公司益农信息社？</MC>
<MJ>35</MJ>
<NF>2017</NF>
<QY>黄陂区</QY>
<XH>104</XH>
</book><book>
<DATA_UP_STATUS>I</DATA_UP_STATUS>
<DATA_UP_TIME></DATA_UP_TIME>
<DATA_UP_UUID>112</DATA_UP_UUID>
<DZ>木兰山街木兰山村</DZ>
<GN>围绕农业生产经营活动为组织内成员及周边农民提供专业服务</GN>
<LXR>陈登洪</LXR>
<MC>？木兰古道农业科技有限公司益农信息社？</MC>
<MJ>35</MJ>
<NF>2017</NF>
<QY>黄陂区</QY>
<XH>112</XH>
</book><book>
<DATA_UP_STATUS>I</DATA_UP_STATUS>
<DATA_UP_TIME></DATA_UP_TIME>
<DATA_UP_UUID>119</DATA_UP_UUID>
<DZ>王家河街长堰社区</DZ>
<GN>围绕农业生产经营活动为组织内成员及周边农民提供专业服务</GN>
<LXR>方玉松</LXR>
<MC>？武汉黄陂区王家河玉松银白菊专业合作社益农社？</MC>
<MJ>35</MJ>
<NF>2017</NF>
<QY>黄陂区</QY>
<XH>119</XH>
</book><book>
<DATA_UP_STATUS>I</DATA_UP_STATUS>
<DATA_UP_TIME></DATA_UP_TIME>
<DATA_UP_UUID>124</DATA_UP_UUID>
<DZ>姚集街石桥村方李湾28号</DZ>
<GN>围绕农业生产经营活动为组织内成员及周边农民提供专业服务</GN>
<LXR>姚世伟</LXR>
<MC>？碧云天生态农业开发有限公司益农信息社？</MC>
<MJ>35</MJ>
<NF>2017</NF>
<QY>黄陂区</QY>
<XH>124</XH>
</book><book>
<DATA_UP_STATUS>I</DATA_UP_STATUS>
<DATA_UP_TIME></DATA_UP_TIME>
<DATA_UP_UUID>126</DATA_UP_UUID>
<DZ>姚集街大屋畈村62号</DZ>
<GN>围绕农业生产经营活动为组织内成员及周边农民提供专业服务</GN>
<LXR>赵精明</LXR>
<MC>？鑫农顺农业合作社益农信息社？</MC>
<MJ>35</MJ>
<NF>2017</NF>
<QY>黄陂区</QY>
<XH>126</XH>
</book><book>
<DATA_UP_STATUS>I</DATA_UP_STATUS>
<DATA_UP_TIME></DATA_UP_TIME>
<DATA_UP_UUID>132</DATA_UP_UUID>
<DZ>姚集街双河村</DZ>
<GN>围绕农业生产经营活动为组织内成员及周边农民提供专业服务</GN>
<LXR>谢永祥</LXR>
<MC>？海祥胜蜜种植专业合作社益农信息社？</MC>
<MJ>35</MJ>
<NF>2017</NF>
<QY>黄陂区</QY>
<XH>132</XH>
</book><book>
<DATA_UP_STATUS>I</DATA_UP_STATUS>
<DATA_UP_TIME></DATA_UP_TIME>
<DATA_UP_UUID>134</DATA_UP_UUID>
<DZ>姚集街竹林村瓜冲一组</DZ>
<GN>围绕农业生产经营活动为组织内成员及周边农民提供专业服务</GN>
<LXR>刘亚忠</LXR>
<MC>？楚扬养殖有限公司益农信息社？</MC>
<MJ>35</MJ>
<NF>2017</NF>
<QY>黄陂区</QY>
<XH>134</XH>
</book><book>
<DATA_UP_STATUS>I</DATA_UP_STATUS>
<DATA_UP_TIME></DATA_UP_TIME>
<DATA_UP_UUID>147</DATA_UP_UUID>
<DZ>南州田村陈家林子28号</DZ>
<GN>围绕农业生产经营活动为组织内成员及周边农民提供专业服务</GN>
<LXR>王前喜</LXR>
<MC>？南州田茶叶合作社益农信息社？</MC>
<MJ>20</MJ>
<NF>2017</NF>
<QY>黄陂区</QY>
<XH>147</XH>
</book><book>
<DATA_UP_STATUS>I</DATA_UP_STATUS>
<DATA_UP_TIME></DATA_UP_TIME>
<DATA_UP_UUID>163</DATA_UP_UUID>
<DZ>蔡甸区洪北十字河</DZ>
<GN>围绕农业生产经营活动为组织内成员及周边农民提供专业服务</GN>
<LXR>刘希望</LXR>
<MC>裕伟生态专业站</MC>
<MJ>15</MJ>
<NF>2018</NF>
<QY>蔡甸区</QY>
<XH>163</XH>
</book><book>
<DATA_UP_STATUS>I</DATA_UP_STATUS>
<DATA_UP_TIME></DATA_UP_TIME>
<DATA_UP_UUID>172</DATA_UP_UUID>
<DZ>潘塘街罗杨村</DZ>
<GN>围绕农业生产经营活动为组织内成员及周边农民提供专业服务</GN>
<LXR>高争荣</LXR>
<MC>武汉花朝河湾旅游有限公司</MC>
<MJ>15</MJ>
<NF>2019</NF>
<QY>新洲区</QY>
<XH>172</XH>
</book><book>
<DATA_UP_STATUS>I</DATA_UP_STATUS>
<DATA_UP_TIME></DATA_UP_TIME>
<DATA_UP_UUID>177</DATA_UP_UUID>
<DZ>凤凰镇</DZ>
<GN>围绕农业生产经营活动为组织内成员及周边农民提供专业服务</GN>
<LXR>周旺明</LXR>
<MC>武汉市新洲区凤娃食府</MC>
<MJ>15</MJ>
<NF>2019</NF>
<QY>新洲区</QY>
<XH>177</XH>
</book><book>
<DATA_UP_STATUS>I</DATA_UP_STATUS>
<DATA_UP_TIME></DATA_UP_TIME>
<DATA_UP_UUID>181</DATA_UP_UUID>
<DZ>汪集街</DZ>
<GN>围绕农业生产经营活动为组织内成员及周边农民提供专业服务</GN>
<LXR>汪远志余细林（女）</LXR>
<MC>武汉市远志汤食有限公司</MC>
<MJ>15</MJ>
<NF>2019</NF>
<QY>新洲区</QY>
<XH>181</XH>
</book><book>
<DATA_UP_STATUS>I</DATA_UP_STATUS>
<DATA_UP_TIME></DATA_UP_TIME>
<DATA_UP_UUID>201</DATA_UP_UUID>
<DZ>道观河管理处</DZ>
<GN>围绕农业生产经营活动为组织内成员及周边农民提供专业服务</GN>
<LXR>王银桂</LXR>
<MC>武汉市银林生态农业有限公司（小田园酒楼）</MC>
<MJ>15</MJ>
<NF>2019</NF>
<QY>新洲区</QY>
<XH>201</XH>
</book><book>
<DATA_UP_STATUS>I</DATA_UP_STATUS>
<DATA_UP_TIME></DATA_UP_TIME>
<DATA_UP_UUID>205</DATA_UP_UUID>
<DZ>武汉市新洲张店鱼面有限公司</DZ>
<GN>围绕农业生产经营活动为组织内成员及周边农民提供专业服务</GN>
<LXR>胡秋波</LXR>
<MC>张店鱼面标专业站</MC>
<MJ>15</MJ>
<NF>2019</NF>
<QY>新洲区</QY>
<XH>205</XH>
</book><book>
<DATA_UP_STATUS>I</DATA_UP_STATUS>
<DATA_UP_TIME></DATA_UP_TIME>
<DATA_UP_UUID>208</DATA_UP_UUID>
<DZ>武汉嘉良乐种植专业合作社</DZ>
<GN>围绕农业生产经营活动为组织内成员及周边农民提供专业服务</GN>
<LXR>张力良</LXR>
<MC>嘉良乐种植专业站</MC>
<MJ>15</MJ>
<NF>2019</NF>
<QY>新洲区</QY>
<XH>208</XH>
</book><book>
<DATA_UP_STATUS>I</DATA_UP_STATUS>
<DATA_UP_TIME></DATA_UP_TIME>
<DATA_UP_UUID>209</DATA_UP_UUID>
<DZ>武汉泉博草莓种植专业合作社</DZ>
<GN>围绕农业生产经营活动为组织内成员及周边农民提供专业服务</GN>
<LXR>朱保琴</LXR>
<MC>泉博草莓种植专业站</MC>
<MJ>15</MJ>
<NF>2019</NF>
<QY>新洲区</QY>
<XH>209</XH>
</book><book>
<DATA_UP_STATUS>I</DATA_UP_STATUS>
<DATA_UP_TIME></DATA_UP_TIME>
<DATA_UP_UUID>1</DATA_UP_UUID>
<DZ>湖北省武汉市江夏区金水闸武当村港</DZ>
<GN>围绕农业生产经营活动为组织内成员及周边农民提供专业服务</GN>
<LXR>吴祺</LXR>
<MC>？金水闸祺良专业社？</MC>
<MJ>20</MJ>
<NF>2016</NF>
<QY>江夏区</QY>
<XH>1</XH>
</book><book>
<DATA_UP_STATUS>I</DATA_UP_STATUS>
<DATA_UP_TIME></DATA_UP_TIME>
<DATA_UP_UUID>7</DATA_UP_UUID>
<DZ>湖北省武汉市江夏区郑店街道老屋胡社区村委会旁</DZ>
<GN>围绕农业生产经营活动为组织内成员及周边农民提供专业服务</GN>
<LXR>商俊</LXR>
<MC>？郑店街沛美达专业社？</MC>
<MJ>15</MJ>
<NF>2016</NF>
<QY>江夏区</QY>
<XH>7</XH>
</book><book>
<DATA_UP_STATUS>I</DATA_UP_STATUS>
<DATA_UP_TIME></DATA_UP_TIME>
<DATA_UP_UUID>77</DATA_UP_UUID>
<DZ>六指街东湖林甘棠大道448号</DZ>
<GN>围绕农业生产经营活动为组织内成员及周边农民提供专业服务</GN>
<LXR>万致</LXR>
<MC>？冲旺家庭农场益农信息社？</MC>
<MJ>35</MJ>
<NF>2017</NF>
<QY>黄陂区</QY>
<XH>77</XH>
</book><book>
<DATA_UP_STATUS>I</DATA_UP_STATUS>
<DATA_UP_TIME></DATA_UP_TIME>
<DATA_UP_UUID>79</DATA_UP_UUID>
<DZ>六指街新联村苍胡湾</DZ>
<GN>围绕农业生产经营活动为组织内成员及周边农民提供专业服务</GN>
<LXR>龙</LXR>
<MC>？千湖农业科技有限公司益农信息社？</MC>
<MJ>35</MJ>
<NF>2017</NF>
<QY>黄陂区</QY>
<XH>79</XH>
</book><book>
<DATA_UP_STATUS>I</DATA_UP_STATUS>
<DATA_UP_TIME></DATA_UP_TIME>
<DATA_UP_UUID>82</DATA_UP_UUID>
<DZ>蔡榨街博士湾村</DZ>
<GN>围绕农业生产经营活动为组织内成员及周边农民提供专业服务</GN>
<LXR>朱国超</LXR>
<MC>？武汉黄陂区蔡榨湖北稻之恒生态农业有限公司益农社？</MC>
<MJ>35</MJ>
<NF>2017</NF>
<QY>黄陂区</QY>
<XH>82</XH>
</book><book>
<DATA_UP_STATUS>I</DATA_UP_STATUS>
<DATA_UP_TIME></DATA_UP_TIME>
<DATA_UP_UUID>89</DATA_UP_UUID>
<DZ>滠口街陡山村王家咀3号</DZ>
<GN>围绕农业生产经营活动为组织内成员及周边农民提供专业服务</GN>
<LXR>许红已</LXR>
<MC>？武汉黄陂区滠口兴隆伟业农业发展有限公司益农社？</MC>
<MJ>35</MJ>
<NF>2017</NF>
<QY>黄陂区</QY>
<XH>89</XH>
</book><book>
<DATA_UP_STATUS>I</DATA_UP_STATUS>
<DATA_UP_TIME></DATA_UP_TIME>
<DATA_UP_UUID>98</DATA_UP_UUID>
<DZ>横店街同合村谌家岗8号</DZ>
<GN>围绕农业生产经营活动为组织内成员及周边农民提供专业服务</GN>
<LXR>谌卫国</LXR>
<MC>？武汉黄陂区横店同合卫国农业机械专业合作社益农社？</MC>
<MJ>35</MJ>
<NF>2017</NF>
<QY>黄陂区</QY>
<XH>98</XH>
</book><book>
<DATA_UP_STATUS>I</DATA_UP_STATUS>
<DATA_UP_TIME></DATA_UP_TIME>
<DATA_UP_UUID>105</DATA_UP_UUID>
<DZ>横店街同合村谌家岗35号</DZ>
<GN>围绕农业生产经营活动为组织内成员及周边农民提供专业服务</GN>
<LXR>郑文芳</LXR>
<MC>？正林种养专业合作社益农信息社？</MC>
<MJ>35</MJ>
<NF>2017</NF>
<QY>黄陂区</QY>
<XH>105</XH>
</book><book>
<DATA_UP_STATUS>I</DATA_UP_STATUS>
<DATA_UP_TIME></DATA_UP_TIME>
<DATA_UP_UUID>106</DATA_UP_UUID>
<DZ>三里桥街沿堤村</DZ>
<GN>围绕农业生产经营活动为组织内成员及周边农民提供专业服务</GN>
<LXR>唐新胜</LXR>
<MC>？金亿丰农业科技有限公司益农信息社？</MC>
<MJ>35</MJ>
<NF>2017</NF>
<QY>黄陂区</QY>
<XH>106</XH>
</book><book>
<DATA_UP_STATUS>I</DATA_UP_STATUS>
<DATA_UP_TIME></DATA_UP_TIME>
<DATA_UP_UUID>108</DATA_UP_UUID>
<DZ>三里桥街大石桥村三组</DZ>
<GN>围绕农业生产经营活动为组织内成员及周边农民提供专业服务</GN>
<LXR>王苏波</LXR>
<MC>？旺隆生态专业合作社益农信息社？</MC>
<MJ>35</MJ>
<NF>2017</NF>
<QY>黄陂区</QY>
<XH>108</XH>
</book><book>
<DATA_UP_STATUS>I</DATA_UP_STATUS>
<DATA_UP_TIME></DATA_UP_TIME>
<DATA_UP_UUID>113</DATA_UP_UUID>
<DZ>木兰山街木兰山村</DZ>
<GN>围绕农业生产经营活动为组织内成员及周边农民提供专业服务</GN>
<LXR>张卫东</LXR>
<MC>？木兰圣农农业发展有限公司益农信息社？</MC>
<MJ>35</MJ>
<NF>2017</NF>
<QY>黄陂区</QY>
<XH>113</XH>
</book><book>
<DATA_UP_STATUS>I</DATA_UP_STATUS>
<DATA_UP_TIME></DATA_UP_TIME>
<DATA_UP_UUID>115</DATA_UP_UUID>
<DZ>王家河街大陂村阮家田</DZ>
<GN>围绕农业生产经营活动为组织内成员及周边农民提供专业服务</GN>
<LXR>祁胜华</LXR>
<MC>？华丰聚生态农业发展有限公司益农信息社？</MC>
<MJ>35</MJ>
<NF>2017</NF>
<QY>黄陂区</QY>
<XH>115</XH>
</book><book>
<DATA_UP_STATUS>I</DATA_UP_STATUS>
<DATA_UP_TIME></DATA_UP_TIME>
<DATA_UP_UUID>116</DATA_UP_UUID>
<DZ>王家河街玉枝店村</DZ>
<GN>围绕农业生产经营活动为组织内成员及周边农民提供专业服务</GN>
<LXR>缪斌</LXR>
<MC>？利锌农机专业合作社益农信息社？</MC>
<MJ>35</MJ>
<NF>2017</NF>
<QY>黄陂区</QY>
<XH>116</XH>
</book><book>
<DATA_UP_STATUS>I</DATA_UP_STATUS>
<DATA_UP_TIME></DATA_UP_TIME>
<DATA_UP_UUID>118</DATA_UP_UUID>
<DZ>王家河街应咀村胡家咀湾</DZ>
<GN>围绕农业生产经营活动为组织内成员及周边农民提供专业服务</GN>
<LXR>胡述文</LXR>
<MC>？武汉黄陂区王家河应咀农机农业合作社益农社？</MC>
<MJ>35</MJ>
<NF>2017</NF>
<QY>黄陂区</QY>
<XH>118</XH>
</book><book>
<DATA_UP_STATUS>I</DATA_UP_STATUS>
<DATA_UP_TIME></DATA_UP_TIME>
<DATA_UP_UUID>139</DATA_UP_UUID>
<DZ>蔡店街长岗村大畈湾</DZ>
<GN>围绕农业生产经营活动为组织内成员及周边农民提供专业服务</GN>
<LXR>蔡运娥</LXR>
<MC>？绿缘畈丰家庭农场益农信息社？</MC>
<MJ>35</MJ>
<NF>2017</NF>
<QY>黄陂区</QY>
<XH>139</XH>
</book><book>
<DATA_UP_STATUS>I</DATA_UP_STATUS>
<DATA_UP_TIME></DATA_UP_TIME>
<DATA_UP_UUID>149</DATA_UP_UUID>
<DZ>黄陂区长岭街十棵松村</DZ>
<GN>围绕农业生产经营活动为组织内成员及周边农民提供专业服务</GN>
<LXR>胡贤能</LXR>
<MC>？木兰紫薇花园益农信息社？</MC>
<MJ>20</MJ>
<NF>2017</NF>
<QY>黄陂区</QY>
<XH>149</XH>
</book><book>
<DATA_UP_STATUS>I</DATA_UP_STATUS>
<DATA_UP_TIME></DATA_UP_TIME>
<DATA_UP_UUID>150</DATA_UP_UUID>
<DZ>黄陂区长岭街短岭村周家酒店湾</DZ>
<GN>围绕农业生产经营活动为组织内成员及周边农民提供专业服务</GN>
<LXR>周品</LXR>
<MC>？友庭生态农业有限公司益农信息社？</MC>
<MJ>20</MJ>
<NF>2017</NF>
<QY>黄陂区</QY>
<XH>150</XH>
</book><book>
<DATA_UP_STATUS>I</DATA_UP_STATUS>
<DATA_UP_TIME></DATA_UP_TIME>
<DATA_UP_UUID>154</DATA_UP_UUID>
<DZ>侏儒街千湖村</DZ>
<GN>围绕农业生产经营活动为组织内成员及周边农民提供专业服务</GN>
<LXR>李荣亮</LXR>
<MC>？武汉千洪农业发展有限公司？</MC>
<MJ>30</MJ>
<NF>2017</NF>
<QY>蔡甸区</QY>
<XH>154</XH>
</book><book>
<DATA_UP_STATUS>I</DATA_UP_STATUS>
<DATA_UP_TIME></DATA_UP_TIME>
<DATA_UP_UUID>158</DATA_UP_UUID>
<DZ>辛冲街肖家山</DZ>
<GN>围绕农业生产经营活动为组织内成员及周边农民提供专业服务</GN>
<LXR>邱经理</LXR>
<MC>？新洲区绿宇生态农业有限公司乡村味？</MC>
<MJ>40</MJ>
<NF>2018</NF>
<QY>新洲区</QY>
<XH>158</XH>
</book><book>
<DATA_UP_STATUS>I</DATA_UP_STATUS>
<DATA_UP_TIME></DATA_UP_TIME>
<DATA_UP_UUID>173</DATA_UP_UUID>
<DZ>旧街姚河村</DZ>
<GN>围绕农业生产经营活动为组织内成员及周边农民提供专业服务</GN>
<LXR>王飞</LXR>
<MC>城楼寨休闲山庄</MC>
<MJ>15</MJ>
<NF>2019</NF>
<QY>新洲区</QY>
<XH>173</XH>
</book><book>
<DATA_UP_STATUS>I</DATA_UP_STATUS>
<DATA_UP_TIME></DATA_UP_TIME>
<DATA_UP_UUID>183</DATA_UP_UUID>
<DZ>汪集街</DZ>
<GN>围绕农业生产经营活动为组织内成员及周边农民提供专业服务</GN>
<LXR>黄正福</LXR>
<MC>武汉市新洲区汪集正福汤馆</MC>
<MJ>15</MJ>
<NF>2019</NF>
<QY>新洲区</QY>
<XH>183</XH>
</book><book>
<DATA_UP_STATUS>I</DATA_UP_STATUS>
<DATA_UP_TIME></DATA_UP_TIME>
<DATA_UP_UUID>202</DATA_UP_UUID>
<DZ>武汉大雾山茶叶有限公司</DZ>
<GN>围绕农业生产经营活动为组织内成员及周边农民提供专业服务</GN>
<LXR>胡全波</LXR>
<MC>大雾山茶叶专业站</MC>
<MJ>15</MJ>
<NF>2019</NF>
<QY>新洲区</QY>
<XH>202</XH>
</book><book>
<DATA_UP_STATUS>I</DATA_UP_STATUS>
<DATA_UP_TIME></DATA_UP_TIME>
<DATA_UP_UUID>2</DATA_UP_UUID>
<DZ>江夏区安山镇官山巷</DZ>
<GN>围绕农业生产经营活动为组织内成员及周边农民提供专业服务</GN>
<LXR>裴赛</LXR>
<MC>？安山镇顺妞专业社？</MC>
<MJ>20</MJ>
<NF>2016</NF>
<QY>江夏区</QY>
<XH>2</XH>
</book><book>
<DATA_UP_STATUS>I</DATA_UP_STATUS>
<DATA_UP_TIME></DATA_UP_TIME>
<DATA_UP_UUID>5</DATA_UP_UUID>
<DZ>江夏区金口镇白马头村武汉市白马头生态农业有限公司</DZ>
<GN>围绕农业生产经营活动为组织内成员及周边农民提供专业服务</GN>
<LXR>王世合</LXR>
<MC>？金口镇白马头专业社？</MC>
<MJ>20</MJ>
<NF>2016</NF>
<QY>江夏区</QY>
<XH>5</XH>
</book><book>
<DATA_UP_STATUS>I</DATA_UP_STATUS>
<DATA_UP_TIME></DATA_UP_TIME>
<DATA_UP_UUID>20</DATA_UP_UUID>
<DZ>湖北省武汉市新洲区李集街道张店南街100号</DZ>
<GN>围绕农业生产经营活动为组织内成员及周边农民提供专业服务</GN>
<LXR>胡总</LXR>
<MC>？新洲区新民鱼面专业社？</MC>
<MJ>20</MJ>
<NF>2016</NF>
<QY>新洲区</QY>
<XH>20</XH>
</book><book>
<DATA_UP_STATUS>I</DATA_UP_STATUS>
<DATA_UP_TIME></DATA_UP_TIME>
<DATA_UP_UUID>24</DATA_UP_UUID>
<DZ>湖北省武汉市东西湖辛安渡红星农副产品专业合作社</DZ>
<GN>围绕农业生产经营活动为组织内成员及周边农民提供专业服务</GN>
<LXR>李总</LXR>
<MC>？红星专业社？</MC>
<MJ>15</MJ>
<NF>2016</NF>
<QY>东西湖区</QY>
<XH>24</XH>
</book><book>
<DATA_UP_STATUS>I</DATA_UP_STATUS>
<DATA_UP_TIME></DATA_UP_TIME>
<DATA_UP_UUID>42</DATA_UP_UUID>
<DZ>木兰乡谌寨村特1号</DZ>
<GN>围绕农业生产经营活动为组织内成员及周边农民提供专业服务</GN>
<LXR>谌忠伍</LXR>
<MC>？武汉黄陂区木兰乡明日湛茶农业发展有限公司益农社？</MC>
<MJ>35</MJ>
<NF>2017</NF>
<QY>黄陂区</QY>
<XH>42</XH>
</book><book>
<DATA_UP_STATUS>I</DATA_UP_STATUS>
<DATA_UP_TIME></DATA_UP_TIME>
<DATA_UP_UUID>45</DATA_UP_UUID>
<DZ>前川街横堤村</DZ>
<GN>围绕农业生产经营活动为组织内成员及周边农民提供专业服务</GN>
<LXR>朱农厚</LXR>
<MC>？武汉黄陂区前川朱农厚种植专业合作社益农社？</MC>
<MJ>35</MJ>
<NF>2017</NF>
<QY>黄陂区</QY>
<XH>45</XH>
</book><book>
<DATA_UP_STATUS>I</DATA_UP_STATUS>
<DATA_UP_TIME></DATA_UP_TIME>
<DATA_UP_UUID>50</DATA_UP_UUID>
<DZ>前川街吕下新湾4号</DZ>
<GN>围绕农业生产经营活动为组织内成员及周边农民提供专业服务</GN>
<LXR>王和平</LXR>
<MC>？武汉黄陂区前川和平种植专业合作社益农社？</MC>
<MJ>35</MJ>
<NF>2017</NF>
<QY>黄陂区</QY>
<XH>50</XH>
</book><book>
<DATA_UP_STATUS>I</DATA_UP_STATUS>
<DATA_UP_TIME></DATA_UP_TIME>
<DATA_UP_UUID>60</DATA_UP_UUID>
<DZ>罗汉寺街南新村</DZ>
<GN>围绕农业生产经营活动为组织内成员及周边农民提供专业服务</GN>
<LXR>陈伟</LXR>
<MC>？绿艺嘉园生态科技发展有限公司益农信息社？</MC>
<MJ>35</MJ>
<NF>2017</NF>
<QY>黄陂区</QY>
<XH>60</XH>
</book><book>
<DATA_UP_STATUS>I</DATA_UP_STATUS>
<DATA_UP_TIME></DATA_UP_TIME>
<DATA_UP_UUID>70</DATA_UP_UUID>
<DZ>李集街仰山庙祝家田42号</DZ>
<GN>围绕农业生产经营活动为组织内成员及周边农民提供专业服务</GN>
<LXR>兰艳川</LXR>
<MC>？荣达种养殖专业合作社益农信息社？</MC>
<MJ>35</MJ>
<NF>2017</NF>
<QY>黄陂区</QY>
<XH>70</XH>
</book><book>
<DATA_UP_STATUS>I</DATA_UP_STATUS>
<DATA_UP_TIME></DATA_UP_TIME>
<DATA_UP_UUID>74</DATA_UP_UUID>
<DZ>李集街宋店村</DZ>
<GN>围绕农业生产经营活动为组织内成员及周边农民提供专业服务</GN>
<LXR>李卓秀</LXR>
<MC>？武汉黄陂区李集江秀蔬菜专业合作社益农社？</MC>
<MJ>35</MJ>
<NF>2017</NF>
<QY>黄陂区</QY>
<XH>74</XH>
</book><book>
<DATA_UP_STATUS>I</DATA_UP_STATUS>
<DATA_UP_TIME></DATA_UP_TIME>
<DATA_UP_UUID>75</DATA_UP_UUID>
<DZ>六指街朱岗村肖家园湾69号</DZ>
<GN>围绕农业生产经营活动为组织内成员及周边农民提供专业服务</GN>
<LXR>肖金启</LXR>
<MC>？金正杰农业开发有限公司益农信息社？</MC>
<MJ>35</MJ>
<NF>2017</NF>
<QY>黄陂区</QY>
<XH>75</XH>
</book><book>
<DATA_UP_STATUS>I</DATA_UP_STATUS>
<DATA_UP_TIME></DATA_UP_TIME>
<DATA_UP_UUID>80</DATA_UP_UUID>
<DZ>蔡榨街红岗山村</DZ>
<GN>围绕农业生产经营活动为组织内成员及周边农民提供专业服务</GN>
<LXR>姜庆生</LXR>
<MC>？红岗山茶叶有限公司益农信息社？</MC>
<MJ>35</MJ>
<NF>2017</NF>
<QY>黄陂区</QY>
<XH>80</XH>
</book><book>
<DATA_UP_STATUS>I</DATA_UP_STATUS>
<DATA_UP_TIME></DATA_UP_TIME>
<DATA_UP_UUID>87</DATA_UP_UUID>
<DZ>蔡榨街桃源村屋脊湾</DZ>
<GN>围绕农业生产经营活动为组织内成员及周边农民提供专业服务</GN>
<LXR>王玷桥</LXR>
<MC>？武汉黄陂区蔡榨青龙河农业发展有限公司益农社？</MC>
<MJ>35</MJ>
<NF>2017</NF>
<QY>黄陂区</QY>
<XH>87</XH>
</book><book>
<DATA_UP_STATUS>I</DATA_UP_STATUS>
<DATA_UP_TIME></DATA_UP_TIME>
<DATA_UP_UUID>94</DATA_UP_UUID>
<DZ>天河街洪湖村榨树咀74号</DZ>
<GN>围绕农业生产经营活动为组织内成员及周边农民提供专业服务</GN>
<LXR>刘高雄</LXR>
<MC>？武汉黄陂区天河天河高雄养殖厂益农社？</MC>
<MJ>35</MJ>
<NF>2017</NF>
<QY>黄陂区</QY>
<XH>94</XH>
</book><book>
<DATA_UP_STATUS>I</DATA_UP_STATUS>
<DATA_UP_TIME></DATA_UP_TIME>
<DATA_UP_UUID>102</DATA_UP_UUID>
<DZ>横店街桥咀村村委会</DZ>
<GN>围绕农业生产经营活动为组织内成员及周边农民提供专业服务</GN>
<LXR>黄玉珍</LXR>
<MC>？桥咀水产养殖专业合作社益农信息社？</MC>
<MJ>35</MJ>
<NF>2017</NF>
<QY>黄陂区</QY>
<XH>102</XH>
</book><book>
<DATA_UP_STATUS>I</DATA_UP_STATUS>
<DATA_UP_TIME></DATA_UP_TIME>
<DATA_UP_UUID>120</DATA_UP_UUID>
<DZ>王家河街凤凰村</DZ>
<GN>围绕农业生产经营活动为组织内成员及周边农民提供专业服务</GN>
<LXR>余鸣</LXR>
<MC>？武汉黄陂区王家河诚成农机农业合作社益农社？</MC>
<MJ>35</MJ>
<NF>2017</NF>
<QY>黄陂区</QY>
<XH>120</XH>
</book><book>
<DATA_UP_STATUS>I</DATA_UP_STATUS>
<DATA_UP_TIME></DATA_UP_TIME>
<DATA_UP_UUID>127</DATA_UP_UUID>
<DZ>姚集街仙姑寨村大梨树湾</DZ>
<GN>围绕农业生产经营活动为组织内成员及周边农民提供专业服务</GN>
<LXR>张仟华</LXR>
<MC>？华益丰农牧发展有限公司益农信息社？</MC>
<MJ>35</MJ>
<NF>2017</NF>
<QY>黄陂区</QY>
<XH>127</XH>
</book><book>
<DATA_UP_STATUS>I</DATA_UP_STATUS>
<DATA_UP_TIME></DATA_UP_TIME>
<DATA_UP_UUID>138</DATA_UP_UUID>
<DZ>蔡店街张河村张河湾</DZ>
<GN>围绕农业生产经营活动为组织内成员及周边农民提供专业服务</GN>
<LXR>任鹤鸣</LXR>
<MC>？伯润农业发展有限公司益农信息社？</MC>
<MJ>35</MJ>
<NF>2017</NF>
<QY>黄陂区</QY>
<XH>138</XH>
</book><book>
<DATA_UP_STATUS>I</DATA_UP_STATUS>
<DATA_UP_TIME></DATA_UP_TIME>
<DATA_UP_UUID>143</DATA_UP_UUID>
<DZ>前川街双凤大道920号</DZ>
<GN>围绕农业生产经营活动为组织内成员及周边农民提供专业服务</GN>
<LXR>黄永平</LXR>
<MC>？汇力植保专业合作社益农信息社？</MC>
<MJ>20</MJ>
<NF>2017</NF>
<QY>黄陂区</QY>
<XH>143</XH>
</book><book>
<DATA_UP_STATUS>I</DATA_UP_STATUS>
<DATA_UP_TIME></DATA_UP_TIME>
<DATA_UP_UUID>145</DATA_UP_UUID>
<DZ>黄陂区木兰乡周家小院</DZ>
<GN>围绕农业生产经营活动为组织内成员及周边农民提供专业服务</GN>
<LXR>周贵清</LXR>
<MC>？木兰周家小院农庄益农信息社？</MC>
<MJ>20</MJ>
<NF>2017</NF>
<QY>黄陂区</QY>
<XH>145</XH>
</book><book>
<DATA_UP_STATUS>I</DATA_UP_STATUS>
<DATA_UP_TIME></DATA_UP_TIME>
<DATA_UP_UUID>169</DATA_UP_UUID>
<DZ>索河梅池村</DZ>
<GN>围绕农业生产经营活动为组织内成员及周边农民提供专业服务</GN>
<LXR>周总</LXR>
<MC>香草花田专业站</MC>
<MJ>15</MJ>
<NF>2018</NF>
<QY>蔡甸区</QY>
<XH>169</XH>
</book><book>
<DATA_UP_STATUS>I</DATA_UP_STATUS>
<DATA_UP_TIME></DATA_UP_TIME>
<DATA_UP_UUID>196</DATA_UP_UUID>
<DZ>孙岗村</DZ>
<GN>围绕农业生产经营活动为组织内成员及周边农民提供专业服务</GN>
<LXR>柳仕堂</LXR>
<MC>武汉市新洲区仓溪富农家乐餐厅</MC>
<MJ>15</MJ>
<NF>2019</NF>
<QY>新洲区</QY>
<XH>196</XH>
</book><book>
<DATA_UP_STATUS>I</DATA_UP_STATUS>
<DATA_UP_TIME></DATA_UP_TIME>
<DATA_UP_UUID>200</DATA_UP_UUID>
<DZ>报恩寺景区</DZ>
<GN>围绕农业生产经营活动为组织内成员及周边农民提供专业服务</GN>
<LXR>王小平</LXR>
<MC>武汉广电商务会议中心</MC>
<MJ>15</MJ>
<NF>2019</NF>
<QY>新洲区</QY>
<XH>200</XH>
</book><book>
<DATA_UP_STATUS>I</DATA_UP_STATUS>
<DATA_UP_TIME></DATA_UP_TIME>
<DATA_UP_UUID>14</DATA_UP_UUID>
<DZ>湖北省武汉市江夏区乌龙泉街道友爱村新屋李</DZ>
<GN>围绕农业生产经营活动为组织内成员及周边农民提供专业服务</GN>
<LXR>申琴</LXR>
<MC>？乌龙泉蓝波湾社？</MC>
<MJ>15</MJ>
<NF>2016</NF>
<QY>江夏区</QY>
<XH>14</XH>
</book><book>
<DATA_UP_STATUS>I</DATA_UP_STATUS>
<DATA_UP_TIME></DATA_UP_TIME>
<DATA_UP_UUID>17</DATA_UP_UUID>
<DZ>湖北省武汉市江夏区乌龙泉街道新生活村</DZ>
<GN>围绕农业生产经营活动为组织内成员及周边农民提供专业服务</GN>
<LXR>巴清</LXR>
<MC>？乌龙泉家事易社？</MC>
<MJ>15</MJ>
<NF>2016</NF>
<QY>江夏区</QY>
<XH>17</XH>
</book><book>
<DATA_UP_STATUS>I</DATA_UP_STATUS>
<DATA_UP_TIME></DATA_UP_TIME>
<DATA_UP_UUID>19</DATA_UP_UUID>
<DZ>湖北省武汉市新洲区旧街街道办事处曾畈村下曾畈</DZ>
<GN>围绕农业生产经营活动为组织内成员及周边农民提供专业服务</GN>
<LXR>张总</LXR>
<MC>？新洲旧街四季阳光专业社？</MC>
<MJ>26</MJ>
<NF>2016</NF>
<QY>新洲区</QY>
<XH>19</XH>
</book><book>
<DATA_UP_STATUS>I</DATA_UP_STATUS>
<DATA_UP_TIME></DATA_UP_TIME>
<DATA_UP_UUID>23</DATA_UP_UUID>
<DZ>湖北省武汉市东西湖辛安渡办事处（友吉名优合作社）</DZ>
<GN>围绕农业生产经营活动为组织内成员及周边农民提供专业服务</GN>
<LXR>范海燕</LXR>
<MC>？友吉专业社？</MC>
<MJ>15</MJ>
<NF>2016</NF>
<QY>东西湖区</QY>
<XH>23</XH>
</book><book>
<DATA_UP_STATUS>I</DATA_UP_STATUS>
<DATA_UP_TIME></DATA_UP_TIME>
<DATA_UP_UUID>34</DATA_UP_UUID>
<DZ>木兰乡德兴村委会</DZ>
<GN>围绕农业生产经营活动为组织内成员及周边农民提供专业服务</GN>
<LXR>李名召</LXR>
<MC>？武汉黄陂区木兰乡德兴村生态农业有限公司益农社？</MC>
<MJ>35</MJ>
<NF>2017</NF>
<QY>黄陂区</QY>
<XH>34</XH>
</book><book>
<DATA_UP_STATUS>I</DATA_UP_STATUS>
<DATA_UP_TIME></DATA_UP_TIME>
<DATA_UP_UUID>38</DATA_UP_UUID>
<DZ>武汉市黄陂区木兰乡芦子河村特1号</DZ>
<GN>围绕农业生产经营活动为组织内成员及周边农民提供专业服务</GN>
<LXR>湖北农业</LXR>
<MC>？德龙养殖有限公司益农社？</MC>
<MJ>35</MJ>
<NF>2017</NF>
<QY>黄陂区</QY>
<XH>38</XH>
</book><book>
<DATA_UP_STATUS>I</DATA_UP_STATUS>
<DATA_UP_TIME></DATA_UP_TIME>
<DATA_UP_UUID>44</DATA_UP_UUID>
<DZ>木兰乡梳店村沈王湾村委会</DZ>
<GN>围绕农业生产经营活动为组织内成员及周边农民提供专业服务</GN>
<LXR>王海能</LXR>
<MC>？武汉黄陂区木兰乡创新发展种养殖专业合作社益农社？</MC>
<MJ>35</MJ>
<NF>2017</NF>
<QY>黄陂区</QY>
<XH>44</XH>
</book><book>
<DATA_UP_STATUS>I</DATA_UP_STATUS>
<DATA_UP_TIME></DATA_UP_TIME>
<DATA_UP_UUID>58</DATA_UP_UUID>
<DZ>祁家湾街四新村大魏湾33号</DZ>
<GN>围绕农业生产经营活动为组织内成员及周边农民提供专业服务</GN>
<LXR>魏云选</LXR>
<MC>？武汉黄陂区祁家湾四新福泽泰种养殖专业合作社益农社？</MC>
<MJ>35</MJ>
<NF>2017</NF>
<QY>黄陂区</QY>
<XH>58</XH>
</book><book>
<DATA_UP_STATUS>I</DATA_UP_STATUS>
<DATA_UP_TIME></DATA_UP_TIME>
<DATA_UP_UUID>67</DATA_UP_UUID>
<DZ>李集街金银岗村48号</DZ>
<GN>围绕农业生产经营活动为组织内成员及周边农民提供专业服务</GN>
<LXR>沈智勇</LXR>
<MC>？武瑞丰农机专业合作社益农信息社？</MC>
<MJ>35</MJ>
<NF>2017</NF>
<QY>黄陂区</QY>
<XH>67</XH>
</book><book>
<DATA_UP_STATUS>I</DATA_UP_STATUS>
<DATA_UP_TIME></DATA_UP_TIME>
<DATA_UP_UUID>71</DATA_UP_UUID>
<DZ>李集街小仁湾村素刘湾</DZ>
<GN>围绕农业生产经营活动为组织内成员及周边农民提供专业服务</GN>
<LXR>刘加文</LXR>
<MC>？武汉黄陂区李集寅辰鑫农业发展有限公司益农社？</MC>
<MJ>35</MJ>
<NF>2017</NF>
<QY>黄陂区</QY>
<XH>71</XH>
</book><book>
<DATA_UP_STATUS>I</DATA_UP_STATUS>
<DATA_UP_TIME></DATA_UP_TIME>
<DATA_UP_UUID>85</DATA_UP_UUID>
<DZ>蔡榨街雨台村连三楼</DZ>
<GN>围绕农业生产经营活动为组织内成员及周边农民提供专业服务</GN>
<LXR>周文华</LXR>
<MC>？武汉黄陂区蔡榨锦绣雨台种植专业合作社益农社？</MC>
<MJ>35</MJ>
<NF>2017</NF>
<QY>黄陂区</QY>
<XH>85</XH>
</book><book>
<DATA_UP_STATUS>I</DATA_UP_STATUS>
<DATA_UP_TIME></DATA_UP_TIME>
<DATA_UP_UUID>97</DATA_UP_UUID>
<DZ>天河街红湖村周家坡38号</DZ>
<GN>围绕农业生产经营活动为组织内成员及周边农民提供专业服务</GN>
<LXR>周明</LXR>
<MC>？武汉黄陂区天河雷晟发展有限公司益农社？</MC>
<MJ>35</MJ>
<NF>2017</NF>
<QY>黄陂区</QY>
<XH>97</XH>
</book><book>
<DATA_UP_STATUS>I</DATA_UP_STATUS>
<DATA_UP_TIME></DATA_UP_TIME>
<DATA_UP_UUID>122</DATA_UP_UUID>
<DZ>长轩岭街张都桥村付下湾</DZ>
<GN>围绕农业生产经营活动为组织内成员及周边农民提供专业服务</GN>
<LXR>付辉</LXR>
<MC>？张都桥合作社益农信息社？</MC>
<MJ>35</MJ>
<NF>2017</NF>
<QY>黄陂区</QY>
<XH>122</XH>
</book><book>
<DATA_UP_STATUS>I</DATA_UP_STATUS>
<DATA_UP_TIME></DATA_UP_TIME>
<DATA_UP_UUID>123</DATA_UP_UUID>
<DZ>长轩岭街坡岭村周家楼子18号</DZ>
<GN>围绕农业生产经营活动为组织内成员及周边农民提供专业服务</GN>
<LXR>徐义超</LXR>
<MC>？周家楼子水稻种植合作社益农信息社？</MC>
<MJ>35</MJ>
<NF>2017</NF>
<QY>黄陂区</QY>
<XH>123</XH>
</book><book>
<DATA_UP_STATUS>I</DATA_UP_STATUS>
<DATA_UP_TIME></DATA_UP_TIME>
<DATA_UP_UUID>155</DATA_UP_UUID>
<DZ>张湾村新民村</DZ>
<GN>围绕农业生产经营活动为组织内成员及周边农民提供专业服务</GN>
<LXR>龚万梅</LXR>
<MC>？武汉市鑫阳果蔬专业合作社？</MC>
<MJ>30</MJ>
<NF>2017</NF>
<QY>蔡甸区</QY>
<XH>155</XH>
</book><book>
<DATA_UP_STATUS>I</DATA_UP_STATUS>
<DATA_UP_TIME></DATA_UP_TIME>
<DATA_UP_UUID>159</DATA_UP_UUID>
<DZ>武汉市江夏区金口街道下沙湖</DZ>
<GN>围绕农业生产经营活动为组织内成员及周边农民提供专业服务</GN>
<LXR>蒋忠</LXR>
<MC>？江夏区南岸壹号生态农业科技有限公司？</MC>
<MJ>50</MJ>
<NF>2018</NF>
<QY>江夏区</QY>
<XH>159</XH>
</book><book>
<DATA_UP_STATUS>I</DATA_UP_STATUS>
<DATA_UP_TIME></DATA_UP_TIME>
<DATA_UP_UUID>175</DATA_UP_UUID>
<DZ>凤凰镇</DZ>
<GN>围绕农业生产经营活动为组织内成员及周边农民提供专业服务</GN>
<LXR>郭翠兰</LXR>
<MC>武汉市新洲区火球农家乐农庄（三师傅）</MC>
<MJ>15</MJ>
<NF>2019</NF>
<QY>新洲区</QY>
<XH>175</XH>
</book><book>
<DATA_UP_STATUS>I</DATA_UP_STATUS>
<DATA_UP_TIME></DATA_UP_TIME>
<DATA_UP_UUID>176</DATA_UP_UUID>
<DZ>凤凰镇</DZ>
<GN>围绕农业生产经营活动为组织内成员及周边农民提供专业服务</GN>
<LXR>董志明</LXR>
<MC>农家小院</MC>
<MJ>15</MJ>
<NF>2019</NF>
<QY>新洲区</QY>
<XH>176</XH>
</book><book>
<DATA_UP_STATUS>I</DATA_UP_STATUS>
<DATA_UP_TIME></DATA_UP_TIME>
<DATA_UP_UUID>186</DATA_UP_UUID>
<DZ>徐古柳河</DZ>
<GN>围绕农业生产经营活动为组织内成员及周边农民提供专业服务</GN>
<LXR>王花子</LXR>
<MC>武汉龙岩生态农庄有限公司</MC>
<MJ>15</MJ>
<NF>2019</NF>
<QY>新洲区</QY>
<XH>186</XH>
</book><book>
<DATA_UP_STATUS>I</DATA_UP_STATUS>
<DATA_UP_TIME></DATA_UP_TIME>
<DATA_UP_UUID>4</DATA_UP_UUID>
<DZ>湖北省武汉市江夏区湖泗街道何堰村许家湾30号</DZ>
<GN>围绕农业生产经营活动为组织内成员及周边农民提供专业服务</GN>
<LXR>王兆阳</LXR>
<MC>？湖泗牧穗生态专业社？</MC>
<MJ>20</MJ>
<NF>2016</NF>
<QY>江夏区</QY>
<XH>4</XH>
</book><book>
<DATA_UP_STATUS>I</DATA_UP_STATUS>
<DATA_UP_TIME></DATA_UP_TIME>
<DATA_UP_UUID>6</DATA_UP_UUID>
<DZ>湖北省武汉市江夏区郑店街道劳七村</DZ>
<GN>围绕农业生产经营活动为组织内成员及周边农民提供专业服务</GN>
<LXR>王志军</LXR>
<MC>？郑店恒河农业专业社？</MC>
<MJ>30</MJ>
<NF>2016</NF>
<QY>江夏区</QY>
<XH>6</XH>
</book><book>
<DATA_UP_STATUS>I</DATA_UP_STATUS>
<DATA_UP_TIME></DATA_UP_TIME>
<DATA_UP_UUID>13</DATA_UP_UUID>
<DZ>湖北省武汉市江夏区法泗镇怡山湾社区</DZ>
<GN>围绕农业生产经营活动为组织内成员及周边农民提供专业服务</GN>
<LXR>胡磊</LXR>
<MC>？法泗银河生态专业社？</MC>
<MJ>20</MJ>
<NF>2016</NF>
<QY>江夏区</QY>
<XH>13</XH>
</book><book>
<DATA_UP_STATUS>I</DATA_UP_STATUS>
<DATA_UP_TIME></DATA_UP_TIME>
<DATA_UP_UUID>15</DATA_UP_UUID>
<DZ>湖北省武汉市江夏区郑店街道廖桥村万德福林果品种园内</DZ>
<GN>围绕农业生产经营活动为组织内成员及周边农民提供专业服务</GN>
<LXR>王含</LXR>
<MC>？郑店街丛霖农业专业社？</MC>
<MJ>15</MJ>
<NF>2016</NF>
<QY>江夏区</QY>
<XH>15</XH>
</book><book>
<DATA_UP_STATUS>I</DATA_UP_STATUS>
<DATA_UP_TIME></DATA_UP_TIME>
<DATA_UP_UUID>27</DATA_UP_UUID>
<DZ>武汉市新洲区邾城街刘集乡陶刘村十组</DZ>
<GN>围绕农业生产经营活动为组织内成员及周边农民提供专业服务</GN>
<LXR>陈诗</LXR>
<MC>？新洲邾城欣沛园专业社？</MC>
<MJ>24</MJ>
<NF>2016</NF>
<QY>新洲区</QY>
<XH>27</XH>
</book><book>
<DATA_UP_STATUS>I</DATA_UP_STATUS>
<DATA_UP_TIME></DATA_UP_TIME>
<DATA_UP_UUID>28</DATA_UP_UUID>
<DZ>湖北省武汉市江夏区纸坊街道兴苑街大花山农贸市场</DZ>
<GN>围绕农业生产经营活动为组织内成员及周边农民提供专业服务</GN>
<LXR>曹磊</LXR>
<MC>？纸坊金鼎宸社？</MC>
<MJ>15</MJ>
<NF>2016</NF>
<QY>江夏区</QY>
<XH>28</XH>
</book><book>
<DATA_UP_STATUS>I</DATA_UP_STATUS>
<DATA_UP_TIME></DATA_UP_TIME>
<DATA_UP_UUID>30</DATA_UP_UUID>
<DZ>湖北省武汉市汉南区东荆街道办事处沟北大队014乡道登宝隆采摘园</DZ>
<GN>围绕农业生产经营活动为组织内成员及周边农民提供专业服务</GN>
<LXR>陈登宝</LXR>
<MC>？汉南东荆登宝隆专业社？</MC>
<MJ>20</MJ>
<NF>2017</NF>
<QY>汉南区</QY>
<XH>30</XH>
</book><book>
<DATA_UP_STATUS>I</DATA_UP_STATUS>
<DATA_UP_TIME></DATA_UP_TIME>
<DATA_UP_UUID>35</DATA_UP_UUID>
<DZ>木兰乡青石桥村村委会</DZ>
<GN>围绕农业生产经营活动为组织内成员及周边农民提供专业服务</GN>
<LXR>李国富</LXR>
<MC>？武汉黄陂区木兰乡木兰青石种养殖专业合作社益农社？</MC>
<MJ>35</MJ>
<NF>2017</NF>
<QY>黄陂区</QY>
<XH>35</XH>
</book><book>
<DATA_UP_STATUS>I</DATA_UP_STATUS>
<DATA_UP_TIME></DATA_UP_TIME>
<DATA_UP_UUID>64</DATA_UP_UUID>
<DZ>罗汉寺街花石村</DZ>
<GN>围绕农业生产经营活动为组织内成员及周边农民提供专业服务</GN>
<LXR>陈腊平</LXR>
<MC>？花石乡恋生态农业有限公司益农信息社？</MC>
<MJ>35</MJ>
<NF>2017</NF>
<QY>黄陂区</QY>
<XH>64</XH>
</book><book>
<DATA_UP_STATUS>I</DATA_UP_STATUS>
<DATA_UP_TIME></DATA_UP_TIME>
<DATA_UP_UUID>72</DATA_UP_UUID>
<DZ>李集街向阳村</DZ>
<GN>围绕农业生产经营活动为组织内成员及周边农民提供专业服务</GN>
<LXR>李胜兵</LXR>
<MC>？武汉黄陂区李集芸之龙家庭农场益农社？</MC>
<MJ>35</MJ>
<NF>2017</NF>
<QY>黄陂区</QY>
<XH>72</XH>
</book><book>
<DATA_UP_STATUS>I</DATA_UP_STATUS>
<DATA_UP_TIME></DATA_UP_TIME>
<DATA_UP_UUID>76</DATA_UP_UUID>
<DZ>六指街金咀村对面湾2号</DZ>
<GN>围绕农业生产经营活动为组织内成员及周边农民提供专业服务</GN>
<LXR>周汉华</LXR>
<MC>？晶灿灿莲米专业合作社益农信息社？</MC>
<MJ>35</MJ>
<NF>2017</NF>
<QY>黄陂区</QY>
<XH>76</XH>
</book><book>
<DATA_UP_STATUS>I</DATA_UP_STATUS>
<DATA_UP_TIME></DATA_UP_TIME>
<DATA_UP_UUID>78</DATA_UP_UUID>
<DZ>六指街张店村细周湾</DZ>
<GN>围绕农业生产经营活动为组织内成员及周边农民提供专业服务</GN>
<LXR>张杰</LXR>
<MC>？天露雨润农业开发有限公司益农信息社？</MC>
<MJ>35</MJ>
<NF>2017</NF>
<QY>黄陂区</QY>
<XH>78</XH>
</book><book>
<DATA_UP_STATUS>I</DATA_UP_STATUS>
<DATA_UP_TIME></DATA_UP_TIME>
<DATA_UP_UUID>83</DATA_UP_UUID>
<DZ>蔡榨街莲花塘</DZ>
<GN>围绕农业生产经营活动为组织内成员及周边农民提供专业服务</GN>
<LXR>曾国超</LXR>
<MC>？武汉黄陂区蔡榨蔡榨印塘寺水产养殖专业合作社益农社？</MC>
<MJ>35</MJ>
<NF>2017</NF>
<QY>黄陂区</QY>
<XH>83</XH>
</book><book>
<DATA_UP_STATUS>I</DATA_UP_STATUS>
<DATA_UP_TIME></DATA_UP_TIME>
<DATA_UP_UUID>84</DATA_UP_UUID>
<DZ>蔡榨街周任湾村江家大湾</DZ>
<GN>围绕农业生产经营活动为组织内成员及周边农民提供专业服务</GN>
<LXR>雷望珍</LXR>
<MC>？武汉黄陂区蔡榨江盛农业发展有限公司益农社？</MC>
<MJ>35</MJ>
<NF>2017</NF>
<QY>黄陂区</QY>
<XH>84</XH>
</book><book>
<DATA_UP_STATUS>I</DATA_UP_STATUS>
<DATA_UP_TIME></DATA_UP_TIME>
<DATA_UP_UUID>86</DATA_UP_UUID>
<DZ>蔡榨街周任湾村</DZ>
<GN>围绕农业生产经营活动为组织内成员及周边农民提供专业服务</GN>
<LXR>许文魁</LXR>
<MC>？武汉黄陂区蔡榨博创农业技术开发有限公司益农社？</MC>
<MJ>35</MJ>
<NF>2017</NF>
<QY>黄陂区</QY>
<XH>86</XH>
</book><book>
<DATA_UP_STATUS>I</DATA_UP_STATUS>
<DATA_UP_TIME></DATA_UP_TIME>
<DATA_UP_UUID>109</DATA_UP_UUID>
<DZ>三里桥街白水湖村七组</DZ>
<GN>围绕农业生产经营活动为组织内成员及周边农民提供专业服务</GN>
<LXR>梅四民</LXR>
<MC>？忠成蔬菜种植专业合作社益农信息社？</MC>
<MJ>35</MJ>
<NF>2017</NF>
<QY>黄陂区</QY>
<XH>109</XH>
</book><book>
<DATA_UP_STATUS>I</DATA_UP_STATUS>
<DATA_UP_TIME></DATA_UP_TIME>
<DATA_UP_UUID>110</DATA_UP_UUID>
<DZ>三里桥街新塔村村委会</DZ>
<GN>围绕农业生产经营活动为组织内成员及周边农民提供专业服务</GN>
<LXR>徐国超</LXR>
<MC>？新塔水产专业合作社益农信息社？</MC>
<MJ>35</MJ>
<NF>2017</NF>
<QY>黄陂区</QY>
<XH>110</XH>
</book><book>
<DATA_UP_STATUS>I</DATA_UP_STATUS>
<DATA_UP_TIME></DATA_UP_TIME>
<DATA_UP_UUID>142</DATA_UP_UUID>
<DZ>蔡店街陈冲村</DZ>
<GN>围绕农业生产经营活动为组织内成员及周边农民提供专业服务</GN>
<LXR>郭国先</LXR>
<MC>？水土保护管理有限公司益农信息社？</MC>
<MJ>35</MJ>
<NF>2017</NF>
<QY>黄陂区</QY>
<XH>142</XH>
</book><book>
<DATA_UP_STATUS>I</DATA_UP_STATUS>
<DATA_UP_TIME></DATA_UP_TIME>
<DATA_UP_UUID>151</DATA_UP_UUID>
<DZ>黄陂区蔡店街五四村村委会</DZ>
<GN>围绕农业生产经营活动为组织内成员及周边农民提供专业服务</GN>
<LXR>丁玉明</LXR>
<MC>？松峰山茶叶有限公司益农信息社？</MC>
<MJ>20</MJ>
<NF>2017</NF>
<QY>黄陂区</QY>
<XH>151</XH>
</book><book>
<DATA_UP_STATUS>I</DATA_UP_STATUS>
<DATA_UP_TIME></DATA_UP_TIME>
<DATA_UP_UUID>161</DATA_UP_UUID>
<DZ>辛冲镇胜利湖村</DZ>
<GN>围绕农业生产经营活动为组织内成员及周边农民提供专业服务</GN>
<LXR>邱经理  余三才</LXR>
<MC>武汉绿宇生态有限公司</MC>
<MJ>20</MJ>
<NF>2018</NF>
<QY>新洲区</QY>
<XH>161</XH>
</book><book>
<DATA_UP_STATUS>I</DATA_UP_STATUS>
<DATA_UP_TIME></DATA_UP_TIME>
<DATA_UP_UUID>164</DATA_UP_UUID>
<DZ>蔡甸区洪北十字河</DZ>
<GN>围绕农业生产经营活动为组织内成员及周边农民提供专业服务</GN>
<LXR>吴新旺</LXR>
<MC>十字河瓜果专业站</MC>
<MJ>15</MJ>
<NF>2018</NF>
<QY>蔡甸区</QY>
<XH>164</XH>
</book><book>
<DATA_UP_STATUS>I</DATA_UP_STATUS>
<DATA_UP_TIME></DATA_UP_TIME>
<DATA_UP_UUID>171</DATA_UP_UUID>
<DZ>成功管委会宁堡村</DZ>
<GN>围绕农业生产经营活动为组织内成员及周边农民提供专业服务</GN>
<LXR>曾文华</LXR>
<MC>莲荷利民专业站</MC>
<MJ>15</MJ>
<NF>2018</NF>
<QY>蔡甸区</QY>
<XH>171</XH>
</book><book>
<DATA_UP_STATUS>I</DATA_UP_STATUS>
<DATA_UP_TIME></DATA_UP_TIME>
<DATA_UP_UUID>188</DATA_UP_UUID>
<DZ>仓埠街</DZ>
<GN>围绕农业生产经营活动为组织内成员及周边农民提供专业服务</GN>
<LXR>徐丽平</LXR>
<MC>武汉市新洲区水云轩大酒店</MC>
<MJ>15</MJ>
<NF>2019</NF>
<QY>新洲区</QY>
<XH>188</XH>
</book><book>
<DATA_UP_STATUS>I</DATA_UP_STATUS>
<DATA_UP_TIME></DATA_UP_TIME>
<DATA_UP_UUID>190</DATA_UP_UUID>
<DZ>叶岗村</DZ>
<GN>围绕农业生产经营活动为组织内成员及周边农民提供专业服务</GN>
<LXR>曹汉平</LXR>
<MC>乡村奇迹农家乐</MC>
<MJ>15</MJ>
<NF>2019</NF>
<QY>新洲区</QY>
<XH>190</XH>
</book><book>
<DATA_UP_STATUS>I</DATA_UP_STATUS>
<DATA_UP_TIME></DATA_UP_TIME>
<DATA_UP_UUID>192</DATA_UP_UUID>
<DZ>仓埠街</DZ>
<GN>围绕农业生产经营活动为组织内成员及周边农民提供专业服务</GN>
<LXR>章德林</LXR>
<MC>武汉市新洲区富鑫酒楼</MC>
<MJ>15</MJ>
<NF>2019</NF>
<QY>新洲区</QY>
<XH>192</XH>
</book><book>
<DATA_UP_STATUS>I</DATA_UP_STATUS>
<DATA_UP_TIME></DATA_UP_TIME>
<DATA_UP_UUID>197</DATA_UP_UUID>
<DZ>武滨路</DZ>
<GN>围绕农业生产经营活动为组织内成员及周边农民提供专业服务</GN>
<LXR>甘静</LXR>
<MC>武汉市新洲区仓埠街有友酒家</MC>
<MJ>15</MJ>
<NF>2019</NF>
<QY>新洲区</QY>
<XH>197</XH>
</book><book>
<DATA_UP_STATUS>I</DATA_UP_STATUS>
<DATA_UP_TIME></DATA_UP_TIME>
<DATA_UP_UUID>203</DATA_UP_UUID>
<DZ>武汉宏博泰生态茶业有限公司</DZ>
<GN>围绕农业生产经营活动为组织内成员及周边农民提供专业服务</GN>
<LXR>童建宏</LXR>
<MC>宏博泰茶叶专业站</MC>
<MJ>15</MJ>
<NF>2019</NF>
<QY>新洲区</QY>
<XH>203</XH>
</book><book>
<DATA_UP_STATUS>I</DATA_UP_STATUS>
<DATA_UP_TIME></DATA_UP_TIME>
<DATA_UP_UUID>210</DATA_UP_UUID>
<DZ>冯岗村村委会</DZ>
<GN>围绕农业生产经营活动为组织内成员及周边农民提供专业服务</GN>
<LXR>王世勤</LXR>
<MC>冯岗村村委会专业站</MC>
<MJ>15</MJ>
<NF>2019</NF>
<QY>新洲区</QY>
<XH>210</XH>
</book><book>
<DATA_UP_STATUS>I</DATA_UP_STATUS>
<DATA_UP_TIME></DATA_UP_TIME>
<DATA_UP_UUID>26</DATA_UP_UUID>
<DZ>湖北省武汉市东西湖东山农场（鑫三江专业合作社）</DZ>
<GN>围绕农业生产经营活动为组织内成员及周边农民提供专业服务</GN>
<LXR>邹雨江</LXR>
<MC>？鑫三江专业社？</MC>
<MJ>15</MJ>
<NF>2016</NF>
<QY>东西湖区</QY>
<XH>26</XH>
</book><book>
<DATA_UP_STATUS>I</DATA_UP_STATUS>
<DATA_UP_TIME></DATA_UP_TIME>
<DATA_UP_UUID>41</DATA_UP_UUID>
<DZ>木兰乡将军庙村尹家村</DZ>
<GN>围绕农业生产经营活动为组织内成员及周边农民提供专业服务</GN>
<LXR>徐三友</LXR>
<MC>？武汉黄陂区木兰乡木兰山田园生态农业发展有限公司益农社？</MC>
<MJ>35</MJ>
<NF>2017</NF>
<QY>黄陂区</QY>
<XH>41</XH>
</book><book>
<DATA_UP_STATUS>I</DATA_UP_STATUS>
<DATA_UP_TIME></DATA_UP_TIME>
<DATA_UP_UUID>55</DATA_UP_UUID>
<DZ>祁家湾周集村</DZ>
<GN>围绕农业生产经营活动为组织内成员及周边农民提供专业服务</GN>
<LXR>网贤良</LXR>
<MC>？武汉黄陂区祁家湾春晓农机专业合作社益农社？</MC>
<MJ>35</MJ>
<NF>2017</NF>
<QY>黄陂区</QY>
<XH>55</XH>
</book><book>
<DATA_UP_STATUS>I</DATA_UP_STATUS>
<DATA_UP_TIME></DATA_UP_TIME>
<DATA_UP_UUID>62</DATA_UP_UUID>
<DZ>罗汉寺街白塘村</DZ>
<GN>围绕农业生产经营活动为组织内成员及周边农民提供专业服务</GN>
<LXR>张文胜</LXR>
<MC>？武汉黄陂区罗汉老来乐老年公寓发展有限公司益农社？</MC>
<MJ>35</MJ>
<NF>2017</NF>
<QY>黄陂区</QY>
<XH>62</XH>
</book><book>
<DATA_UP_STATUS>I</DATA_UP_STATUS>
<DATA_UP_TIME></DATA_UP_TIME>
<DATA_UP_UUID>63</DATA_UP_UUID>
<DZ>罗汉寺街白塘村</DZ>
<GN>围绕农业生产经营活动为组织内成员及周边农民提供专业服务</GN>
<LXR>李连稿</LXR>
<MC>？武汉黄陂区罗汉木兰汇农业发展有限公司益农社？</MC>
<MJ>35</MJ>
<NF>2017</NF>
<QY>黄陂区</QY>
<XH>63</XH>
</book><book>
<DATA_UP_STATUS>I</DATA_UP_STATUS>
<DATA_UP_TIME></DATA_UP_TIME>
<DATA_UP_UUID>68</DATA_UP_UUID>
<DZ>李集街大彭家砦234号</DZ>
<GN>围绕农业生产经营活动为组织内成员及周边农民提供专业服务</GN>
<LXR>彭珩</LXR>
<MC>？李集麦浪面业有限公司益农信息社？</MC>
<MJ>35</MJ>
<NF>2017</NF>
<QY>黄陂区</QY>
<XH>68</XH>
</book><book>
<DATA_UP_STATUS>I</DATA_UP_STATUS>
<DATA_UP_TIME></DATA_UP_TIME>
<DATA_UP_UUID>69</DATA_UP_UUID>
<DZ>李集街朱铺村</DZ>
<GN>围绕农业生产经营活动为组织内成员及周边农民提供专业服务</GN>
<LXR>宋培源</LXR>
<MC>？朱铺农机专业合作社益农信息社？</MC>
<MJ>35</MJ>
<NF>2017</NF>
<QY>黄陂区</QY>
<XH>69</XH>
</book><book>
<DATA_UP_STATUS>I</DATA_UP_STATUS>
<DATA_UP_TIME></DATA_UP_TIME>
<DATA_UP_UUID>81</DATA_UP_UUID>
<DZ>蔡榨街周梅家田阮管湾17号</DZ>
<GN>围绕农业生产经营活动为组织内成员及周边农民提供专业服务</GN>
<LXR>阮爱功</LXR>
<MC>？武汉黄陂区蔡榨黄陂东乡养蜂专业合作社益农社？</MC>
<MJ>35</MJ>
<NF>2017</NF>
<QY>黄陂区</QY>
<XH>81</XH>
</book><book>
<DATA_UP_STATUS>I</DATA_UP_STATUS>
<DATA_UP_TIME></DATA_UP_TIME>
<DATA_UP_UUID>91</DATA_UP_UUID>
<DZ>滠口街枫橡咀村鞠家咀湾88号</DZ>
<GN>围绕农业生产经营活动为组织内成员及周边农民提供专业服务</GN>
<LXR>王冬元</LXR>
<MC>？武汉黄陂区滠口盘龙湖人和农业科技有限公司益农社？</MC>
<MJ>35</MJ>
<NF>2017</NF>
<QY>黄陂区</QY>
<XH>91</XH>
</book><book>
<DATA_UP_STATUS>I</DATA_UP_STATUS>
<DATA_UP_TIME></DATA_UP_TIME>
<DATA_UP_UUID>95</DATA_UP_UUID>
<DZ>天河街童河村村委会</DZ>
<GN>围绕农业生产经营活动为组织内成员及周边农民提供专业服务</GN>
<LXR>童康健</LXR>
<MC>？武汉黄陂区天河童家湖水产养殖合作社益农社？</MC>
<MJ>35</MJ>
<NF>2017</NF>
<QY>黄陂区</QY>
<XH>95</XH>
</book><book>
<DATA_UP_STATUS>I</DATA_UP_STATUS>
<DATA_UP_TIME></DATA_UP_TIME>
<DATA_UP_UUID>99</DATA_UP_UUID>
<DZ>横店街寅田村58号</DZ>
<GN>围绕农业生产经营活动为组织内成员及周边农民提供专业服务</GN>
<LXR>梅本初</LXR>
<MC>？武汉黄陂区横店新绿缘水稻种植专业合作社益农社？</MC>
<MJ>35</MJ>
<NF>2017</NF>
<QY>黄陂区</QY>
<XH>99</XH>
</book><book>
<DATA_UP_STATUS>I</DATA_UP_STATUS>
<DATA_UP_TIME></DATA_UP_TIME>
<DATA_UP_UUID>101</DATA_UP_UUID>
<DZ>横店街寅田村谌家岗2号</DZ>
<GN>围绕农业生产经营活动为组织内成员及周边农民提供专业服务</GN>
<LXR>谌先斌</LXR>
<MC>？寅田水产养殖专业合作社益农信息社？</MC>
<MJ>35</MJ>
<NF>2017</NF>
<QY>黄陂区</QY>
<XH>101</XH>
</book><book>
<DATA_UP_STATUS>I</DATA_UP_STATUS>
<DATA_UP_TIME></DATA_UP_TIME>
<DATA_UP_UUID>114</DATA_UP_UUID>
<DZ>盘龙城经济开发区蒲州湾</DZ>
<GN>围绕农业生产经营活动为组织内成员及周边农民提供专业服务</GN>
<LXR>张克忠</LXR>
<MC>？后湖水乡荷花专业合作社益农信息社？</MC>
<MJ>35</MJ>
<NF>2017</NF>
<QY>黄陂区</QY>
<XH>114</XH>
</book><book>
<DATA_UP_STATUS>I</DATA_UP_STATUS>
<DATA_UP_TIME></DATA_UP_TIME>
<DATA_UP_UUID>117</DATA_UP_UUID>
<DZ>王家河街白龙寺村</DZ>
<GN>围绕农业生产经营活动为组织内成员及周边农民提供专业服务</GN>
<LXR>吴建东</LXR>
<MC>？武汉黄陂区王家河修楚农业有限公司益农社？</MC>
<MJ>35</MJ>
<NF>2017</NF>
<QY>黄陂区</QY>
<XH>117</XH>
</book><book>
<DATA_UP_STATUS>I</DATA_UP_STATUS>
<DATA_UP_TIME></DATA_UP_TIME>
<DATA_UP_UUID>125</DATA_UP_UUID>
<DZ>姚集街孟巷村110号</DZ>
<GN>围绕农业生产经营活动为组织内成员及周边农民提供专业服务</GN>
<LXR>孟威威</LXR>
<MC>？孟威威家庭农场益农信息社？</MC>
<MJ>35</MJ>
<NF>2017</NF>
<QY>黄陂区</QY>
<XH>125</XH>
</book><book>
<DATA_UP_STATUS>I</DATA_UP_STATUS>
<DATA_UP_TIME></DATA_UP_TIME>
<DATA_UP_UUID>128</DATA_UP_UUID>
<DZ>姚集街长冲村彭家田</DZ>
<GN>围绕农业生产经营活动为组织内成员及周边农民提供专业服务</GN>
<LXR>朱继宏</LXR>
<MC>？宏力生态农业专业合作社益农信息社？</MC>
<MJ>35</MJ>
<NF>2017</NF>
<QY>黄陂区</QY>
<XH>128</XH>
</book><book>
<DATA_UP_STATUS>I</DATA_UP_STATUS>
<DATA_UP_TIME></DATA_UP_TIME>
<DATA_UP_UUID>137</DATA_UP_UUID>
<DZ>姚集街八角门村</DZ>
<GN>围绕农业生产经营活动为组织内成员及周边农民提供专业服务</GN>
<LXR>黄忠秀</LXR>
<MC>？汉平兴达农业开发有限公司益农信息社？</MC>
<MJ>35</MJ>
<NF>2017</NF>
<QY>黄陂区</QY>
<XH>137</XH>
</book><book>
<DATA_UP_STATUS>I</DATA_UP_STATUS>
<DATA_UP_TIME></DATA_UP_TIME>
<DATA_UP_UUID>144</DATA_UP_UUID>
<DZ>蔡店街姚家老屋村</DZ>
<GN>围绕农业生产经营活动为组织内成员及周边农民提供专业服务</GN>
<LXR>丁朝莲</LXR>
<MC>？百汇勤农业开发有限公司益农信息社？</MC>
<MJ>35</MJ>
<NF>2017</NF>
<QY>黄陂区</QY>
<XH>144</XH>
</book><book>
<DATA_UP_STATUS>I</DATA_UP_STATUS>
<DATA_UP_TIME></DATA_UP_TIME>
<DATA_UP_UUID>152</DATA_UP_UUID>
<DZ>黄陂区姚集街腊梅村郭家洞4号</DZ>
<GN>围绕农业生产经营活动为组织内成员及周边农民提供专业服务</GN>
<LXR>郭总</LXR>
<MC>？碧水山谷生态有限公司益农信息社？</MC>
<MJ>20</MJ>
<NF>2017</NF>
<QY>黄陂区</QY>
<XH>152</XH>
</book><book>
<DATA_UP_STATUS>I</DATA_UP_STATUS>
<DATA_UP_TIME></DATA_UP_TIME>
<DATA_UP_UUID>153</DATA_UP_UUID>
<DZ>玉贤街铁李村窑湾024号</DZ>
<GN>围绕农业生产经营活动为组织内成员及周边农民提供专业服务</GN>
<LXR>李新成</LXR>
<MC>？武汉市蔡甸区新成家庭农场？</MC>
<MJ>20</MJ>
<NF>2017</NF>
<QY>蔡甸区</QY>
<XH>153</XH>
</book><book>
<DATA_UP_STATUS>I</DATA_UP_STATUS>
<DATA_UP_TIME></DATA_UP_TIME>
<DATA_UP_UUID>157</DATA_UP_UUID>
<DZ>新洲区仓埠山庄民俗村</DZ>
<GN>围绕农业生产经营活动为组织内成员及周边农民提供专业服务</GN>
<LXR>方经理</LXR>
<MC>？新洲区仓埠山庄？</MC>
<MJ>50</MJ>
<NF>2018</NF>
<QY>新洲区</QY>
<XH>157</XH>
</book><book>
<DATA_UP_STATUS>I</DATA_UP_STATUS>
<DATA_UP_TIME></DATA_UP_TIME>
<DATA_UP_UUID>160</DATA_UP_UUID>
<DZ>武汉市新洲区仓埠街松林一号</DZ>
<GN>围绕农业生产经营活动为组织内成员及周边农民提供专业服务</GN>
<LXR>方琪</LXR>
<MC>仓埠山庄</MC>
<MJ>50</MJ>
<NF>2018</NF>
<QY>新洲区</QY>
<XH>160</XH>
</book><book>
<DATA_UP_STATUS>I</DATA_UP_STATUS>
<DATA_UP_TIME></DATA_UP_TIME>
<DATA_UP_UUID>162</DATA_UP_UUID>
<DZ>蔡甸区莲花湖独山村</DZ>
<GN>围绕农业生产经营活动为组织内成员及周边农民提供专业服务</GN>
<LXR>刘艳春</LXR>
<MC>绿色方舟专业站</MC>
<MJ>15</MJ>
<NF>2018</NF>
<QY>蔡甸区</QY>
<XH>162</XH>
</book><book>
<DATA_UP_STATUS>I</DATA_UP_STATUS>
<DATA_UP_TIME></DATA_UP_TIME>
<DATA_UP_UUID>166</DATA_UP_UUID>
<DZ>湖北省武汉市蔡甸区侏儒山街金鸡村</DZ>
<GN>围绕农业生产经营活动为组织内成员及周边农民提供专业服务</GN>
<LXR>李超群</LXR>
<MC>金鸡瓜菜营销专业站</MC>
<MJ>15</MJ>
<NF>2018</NF>
<QY>蔡甸区</QY>
<XH>166</XH>
</book><book>
<DATA_UP_STATUS>I</DATA_UP_STATUS>
<DATA_UP_TIME></DATA_UP_TIME>
<DATA_UP_UUID>167</DATA_UP_UUID>
<DZ>侏儒街侏洪陆</DZ>
<GN>围绕农业生产经营活动为组织内成员及周边农民提供专业服务</GN>
<LXR>陈桃娇</LXR>
<MC>桃娇农产品专业站</MC>
<MJ>15</MJ>
<NF>2018</NF>
<QY>蔡甸区</QY>
<XH>167</XH>
</book><book>
<DATA_UP_STATUS>I</DATA_UP_STATUS>
<DATA_UP_TIME></DATA_UP_TIME>
<DATA_UP_UUID>168</DATA_UP_UUID>
<DZ>武汉市蔡甸区消泗乡挖沟村</DZ>
<GN>围绕农业生产经营活动为组织内成员及周边农民提供专业服务</GN>
<LXR>汤家华</LXR>
<MC>祥晟农产品专业站</MC>
<MJ>15</MJ>
<NF>2018</NF>
<QY>蔡甸区</QY>
<XH>168</XH>
</book><book>
<DATA_UP_STATUS>I</DATA_UP_STATUS>
<DATA_UP_TIME></DATA_UP_TIME>
<DATA_UP_UUID>170</DATA_UP_UUID>
<DZ>张湾白湖工业园</DZ>
<GN>围绕农业生产经营活动为组织内成员及周边农民提供专业服务</GN>
<LXR>杨晶</LXR>
<MC>白湖家园农业专业站</MC>
<MJ>15</MJ>
<NF>2018</NF>
<QY>蔡甸区</QY>
<XH>170</XH>
</book><book>
<DATA_UP_STATUS>I</DATA_UP_STATUS>
<DATA_UP_TIME></DATA_UP_TIME>
<DATA_UP_UUID>179</DATA_UP_UUID>
<DZ>陶河村三组29号</DZ>
<GN>围绕农业生产经营活动为组织内成员及周边农民提供专业服务</GN>
<LXR>程进学 程华</LXR>
<MC>武汉市新洲区程学伢农家板鸭店</MC>
<MJ>15</MJ>
<NF>2019</NF>
<QY>新洲区</QY>
<XH>179</XH>
</book><book>
<DATA_UP_STATUS>I</DATA_UP_STATUS>
<DATA_UP_TIME></DATA_UP_TIME>
<DATA_UP_UUID>182</DATA_UP_UUID>
<DZ>汪集街</DZ>
<GN>围绕农业生产经营活动为组织内成员及周边农民提供专业服务</GN>
<LXR>万方勇</LXR>
<MC>武汉市汪集小瑶池鸡汤有限公司（小瑶池鸡汤城）</MC>
<MJ>15</MJ>
<NF>2019</NF>
<QY>新洲区</QY>
<XH>182</XH>
</book><book>
<DATA_UP_STATUS>I</DATA_UP_STATUS>
<DATA_UP_TIME></DATA_UP_TIME>
<DATA_UP_UUID>189</DATA_UP_UUID>
<DZ>仓埠街</DZ>
<GN>围绕农业生产经营活动为组织内成员及周边农民提供专业服务</GN>
<LXR>陈军霞</LXR>
<MC>武汉市新洲区晨叶大酒店</MC>
<MJ>15</MJ>
<NF>2019</NF>
<QY>新洲区</QY>
<XH>189</XH>
</book><book>
<DATA_UP_STATUS>I</DATA_UP_STATUS>
<DATA_UP_TIME></DATA_UP_TIME>
<DATA_UP_UUID>191</DATA_UP_UUID>
<DZ>仓埠街</DZ>
<GN>围绕农业生产经营活动为组织内成员及周边农民提供专业服务</GN>
<LXR>柳冠超</LXR>
<MC>武汉市新洲区冠开源餐厅</MC>
<MJ>15</MJ>
<NF>2019</NF>
<QY>新洲区</QY>
<XH>191</XH>
</book><book>
<DATA_UP_STATUS>I</DATA_UP_STATUS>
<DATA_UP_TIME></DATA_UP_TIME>
<DATA_UP_UUID>194</DATA_UP_UUID>
<DZ>仓埠山庄</DZ>
<GN>围绕农业生产经营活动为组织内成员及周边农民提供专业服务</GN>
<LXR>金林</LXR>
<MC>仓埠山庄</MC>
<MJ>15</MJ>
<NF>2019</NF>
<QY>新洲区</QY>
<XH>194</XH>
</book><book>
<DATA_UP_STATUS>I</DATA_UP_STATUS>
<DATA_UP_TIME></DATA_UP_TIME>
<DATA_UP_UUID>207</DATA_UP_UUID>
<DZ>武汉康彬宝食用菌有限公司</DZ>
<GN>围绕农业生产经营活动为组织内成员及周边农民提供专业服务</GN>
<LXR>贾红民</LXR>
<MC>康彬宝食用菌专业站</MC>
<MJ>15</MJ>
<NF>2019</NF>
<QY>新洲区</QY>
<XH>207</XH>
</book><book>
<DATA_UP_STATUS>I</DATA_UP_STATUS>
<DATA_UP_TIME></DATA_UP_TIME>
<DATA_UP_UUID>11</DATA_UP_UUID>
<DZ>江夏区安山街青春村麻城澥</DZ>
<GN>围绕农业生产经营活动为组织内成员及周边农民提供专业服务</GN>
<LXR>谭声宏</LXR>
<MC>？安山街青春生态专业社？</MC>
<MJ>20</MJ>
<NF>2016</NF>
<QY>江夏区</QY>
<XH>11</XH>
</book><book>
<DATA_UP_STATUS>I</DATA_UP_STATUS>
<DATA_UP_TIME></DATA_UP_TIME>
<DATA_UP_UUID>22</DATA_UP_UUID>
<DZ>张店街道得胜村</DZ>
<GN>围绕农业生产经营活动为组织内成员及周边农民提供专业服务</GN>
<LXR>何总</LXR>
<MC>？新洲林蓁农业专业社？</MC>
<MJ>20</MJ>
<NF>2016</NF>
<QY>新洲区</QY>
<XH>22</XH>
</book><book>
<DATA_UP_STATUS>I</DATA_UP_STATUS>
<DATA_UP_TIME></DATA_UP_TIME>
<DATA_UP_UUID>25</DATA_UP_UUID>
<DZ>湖北省武汉市东西湖柏泉办事处西二大队吴新干线604号（强鑫合作社）</DZ>
<GN>围绕农业生产经营活动为组织内成员及周边农民提供专业服务</GN>
<LXR>王总</LXR>
<MC>？强鑫专业社？</MC>
<MJ>15</MJ>
<NF>2016</NF>
<QY>东西湖区</QY>
<XH>25</XH>
</book><book>
<DATA_UP_STATUS>I</DATA_UP_STATUS>
<DATA_UP_TIME></DATA_UP_TIME>
<DATA_UP_UUID>29</DATA_UP_UUID>
<DZ>蔡甸区永安漫茵多肉植物合作社</DZ>
<GN>围绕农业生产经营活动为组织内成员及周边农民提供专业服务</GN>
<LXR>殷老板</LXR>
<MC>？漫茵多肉植物合作社？</MC>
<MJ>50</MJ>
<NF>2016</NF>
<QY>蔡甸区</QY>
<XH>29</XH>
</book><book>
<DATA_UP_STATUS>I</DATA_UP_STATUS>
<DATA_UP_TIME></DATA_UP_TIME>
<DATA_UP_UUID>31</DATA_UP_UUID>
<DZ>湖北省武汉市江夏区纸坊街道</DZ>
<GN>围绕农业生产经营活动为组织内成员及周边农民提供专业服务</GN>
<LXR>任能强</LXR>
<MC>？梁子湖茶叶有限公司？</MC>
<MJ>40</MJ>
<NF>2017</NF>
<QY>江夏区</QY>
<XH>31</XH>
</book><book>
<DATA_UP_STATUS>I</DATA_UP_STATUS>
<DATA_UP_TIME></DATA_UP_TIME>
<DATA_UP_UUID>33</DATA_UP_UUID>
<DZ>木兰乡同兴集村</DZ>
<GN>围绕农业生产经营活动为组织内成员及周边农民提供专业服务</GN>
<LXR>柳自立</LXR>
<MC>？武汉黄陂区木兰乡木兰永盛农业合作社益农社？</MC>
<MJ>35</MJ>
<NF>2017</NF>
<QY>黄陂区</QY>
<XH>33</XH>
</book><book>
<DATA_UP_STATUS>I</DATA_UP_STATUS>
<DATA_UP_TIME></DATA_UP_TIME>
<DATA_UP_UUID>43</DATA_UP_UUID>
<DZ>木兰乡小泉村</DZ>
<GN>围绕农业生产经营活动为组织内成员及周边农民提供专业服务</GN>
<LXR>陈县华</LXR>
<MC>？武汉黄陂区木兰乡小泉山肉牛养殖有限公司益农社？</MC>
<MJ>35</MJ>
<NF>2017</NF>
<QY>黄陂区</QY>
<XH>43</XH>
</book><book>
<DATA_UP_STATUS>I</DATA_UP_STATUS>
<DATA_UP_TIME></DATA_UP_TIME>
<DATA_UP_UUID>49</DATA_UP_UUID>
<DZ>前川街吴店村1号</DZ>
<GN>围绕农业生产经营活动为组织内成员及周边农民提供专业服务</GN>
<LXR>陈兴中</LXR>
<MC>？武汉黄陂区前川陈兴中种植专业合作社益农社？</MC>
<MJ>35</MJ>
<NF>2017</NF>
<QY>黄陂区</QY>
<XH>49</XH>
</book><book>
<DATA_UP_STATUS>I</DATA_UP_STATUS>
<DATA_UP_TIME></DATA_UP_TIME>
<DATA_UP_UUID>56</DATA_UP_UUID>
<DZ>祁家湾四新村大魏湾33号</DZ>
<GN>围绕农业生产经营活动为组织内成员及周边农民提供专业服务</GN>
<LXR>袁三珍</LXR>
<MC>？武汉黄陂区祁家湾区祁家湾忠义生态农庄益农社？</MC>
<MJ>35</MJ>
<NF>2017</NF>
<QY>黄陂区</QY>
<XH>56</XH>
</book><book>
<DATA_UP_STATUS>I</DATA_UP_STATUS>
<DATA_UP_TIME></DATA_UP_TIME>
<DATA_UP_UUID>66</DATA_UP_UUID>
<DZ>罗汉寺街联合村坡下湾</DZ>
<GN>围绕农业生产经营活动为组织内成员及周边农民提供专业服务</GN>
<LXR>杨俊军</LXR>
<MC>？祥丰农业专业合作社益农信息社？</MC>
<MJ>35</MJ>
<NF>2017</NF>
<QY>黄陂区</QY>
<XH>66</XH>
</book><book>
<DATA_UP_STATUS>I</DATA_UP_STATUS>
<DATA_UP_TIME></DATA_UP_TIME>
<DATA_UP_UUID>73</DATA_UP_UUID>
<DZ>李集街冯家河爱群林场</DZ>
<GN>围绕农业生产经营活动为组织内成员及周边农民提供专业服务</GN>
<LXR>王艳阶</LXR>
<MC>？武汉黄陂区李集绿林茶籽油有限公司益农社？</MC>
<MJ>35</MJ>
<NF>2017</NF>
<QY>黄陂区</QY>
<XH>73</XH>
</book><book>
<DATA_UP_STATUS>I</DATA_UP_STATUS>
<DATA_UP_TIME></DATA_UP_TIME>
<DATA_UP_UUID>92</DATA_UP_UUID>
<DZ>滠口街枫橡家园15栋3单元1楼</DZ>
<GN>围绕农业生产经营活动为组织内成员及周边农民提供专业服务</GN>
<LXR>张高红</LXR>
<MC>？武汉黄陂区滠口枫橡红日水产养殖有限公司益农社？</MC>
<MJ>35</MJ>
<NF>2017</NF>
<QY>黄陂区</QY>
<XH>92</XH>
</book><book>
<DATA_UP_STATUS>I</DATA_UP_STATUS>
<DATA_UP_TIME></DATA_UP_TIME>
<DATA_UP_UUID>96</DATA_UP_UUID>
<DZ>天河街赵岗村</DZ>
<GN>围绕农业生产经营活动为组织内成员及周边农民提供专业服务</GN>
<LXR>罗瑞林</LXR>
<MC>？武汉黄陂区天河天河街罗瑞霖生态园益农社？</MC>
<MJ>35</MJ>
<NF>2017</NF>
<QY>黄陂区</QY>
<XH>96</XH>
</book><book>
<DATA_UP_STATUS>I</DATA_UP_STATUS>
<DATA_UP_TIME></DATA_UP_TIME>
<DATA_UP_UUID>107</DATA_UP_UUID>
<DZ>三里桥街二道河村渡口湾29号</DZ>
<GN>围绕农业生产经营活动为组织内成员及周边农民提供专业服务</GN>
<LXR>张新明</LXR>
<MC>？李丽萍大棚蔬菜家庭农场益农信息社？</MC>
<MJ>35</MJ>
<NF>2017</NF>
<QY>黄陂区</QY>
<XH>107</XH>
</book><book>
<DATA_UP_STATUS>I</DATA_UP_STATUS>
<DATA_UP_TIME></DATA_UP_TIME>
<DATA_UP_UUID>121</DATA_UP_UUID>
<DZ>长轩岭街户冲村</DZ>
<GN>围绕农业生产经营活动为组织内成员及周边农民提供专业服务</GN>
<LXR>吴少喜</LXR>
<MC>？长岭月亮湖农庄益农信息社？</MC>
<MJ>35</MJ>
<NF>2017</NF>
<QY>黄陂区</QY>
<XH>121</XH>
</book><book>
<DATA_UP_STATUS>I</DATA_UP_STATUS>
<DATA_UP_TIME></DATA_UP_TIME>
<DATA_UP_UUID>130</DATA_UP_UUID>
<DZ>姚集街李集村王家田43号</DZ>
<GN>围绕农业生产经营活动为组织内成员及周边农民提供专业服务</GN>
<LXR>刘建军</LXR>
<MC>？天梯木兰农场益农信息社？</MC>
<MJ>35</MJ>
<NF>2017</NF>
<QY>黄陂区</QY>
<XH>130</XH>
</book><book>
<DATA_UP_STATUS>I</DATA_UP_STATUS>
<DATA_UP_TIME></DATA_UP_TIME>
<DATA_UP_UUID>131</DATA_UP_UUID>
<DZ>姚集街盛家湾村</DZ>
<GN>围绕农业生产经营活动为组织内成员及周边农民提供专业服务</GN>
<LXR>万胜国</LXR>
<MC>？鑫茶树湾生态农业科技发展有限公司益农信息社？</MC>
<MJ>35</MJ>
<NF>2017</NF>
<QY>黄陂区</QY>
<XH>131</XH>
</book><book>
<DATA_UP_STATUS>I</DATA_UP_STATUS>
<DATA_UP_TIME></DATA_UP_TIME>
<DATA_UP_UUID>133</DATA_UP_UUID>
<DZ>姚集街崇杰村18号</DZ>
<GN>围绕农业生产经营活动为组织内成员及周边农民提供专业服务</GN>
<LXR>陈家林</LXR>
<MC>？家林水产养殖专业合作社益农信息社？</MC>
<MJ>35</MJ>
<NF>2017</NF>
<QY>黄陂区</QY>
<XH>133</XH>
</book><book>
<DATA_UP_STATUS>I</DATA_UP_STATUS>
<DATA_UP_TIME></DATA_UP_TIME>
<DATA_UP_UUID>135</DATA_UP_UUID>
<DZ>姚集街畈张村冯家垅湾</DZ>
<GN>围绕农业生产经营活动为组织内成员及周边农民提供专业服务</GN>
<LXR>袁军</LXR>
<MC>？木兰天谭农业开发有限公司益农信息社？</MC>
<MJ>35</MJ>
<NF>2017</NF>
<QY>黄陂区</QY>
<XH>135</XH>
</book><book>
<DATA_UP_STATUS>I</DATA_UP_STATUS>
<DATA_UP_TIME></DATA_UP_TIME>
<DATA_UP_UUID>136</DATA_UP_UUID>
<DZ>姚集街仙姑寨村17组杨家湾4号</DZ>
<GN>围绕农业生产经营活动为组织内成员及周边农民提供专业服务</GN>
<LXR>卢训发</LXR>
<MC>？正兴旺农业发展有限责任公司益农信息社？</MC>
<MJ>35</MJ>
<NF>2017</NF>
<QY>黄陂区</QY>
<XH>136</XH>
</book><book>
<DATA_UP_STATUS>I</DATA_UP_STATUS>
<DATA_UP_TIME></DATA_UP_TIME>
<DATA_UP_UUID>148</DATA_UP_UUID>
<DZ>黄陂区长岭街向家咀村晏家湖</DZ>
<GN>围绕农业生产经营活动为组织内成员及周边农民提供专业服务</GN>
<LXR>胡先生</LXR>
<MC>？晏家河渔庄益农信息社？</MC>
<MJ>20</MJ>
<NF>2017</NF>
<QY>黄陂区</QY>
<XH>148</XH>
</book><book>
<DATA_UP_STATUS>I</DATA_UP_STATUS>
<DATA_UP_TIME></DATA_UP_TIME>
<DATA_UP_UUID>156</DATA_UP_UUID>
<DZ>金水闸南岸一村</DZ>
<GN>围绕农业生产经营活动为组织内成员及周边农民提供专业服务</GN>
<LXR>蒋忠</LXR>
<MC>江夏区南岸壹号专业站</MC>
<MJ>20</MJ>
<NF>2018</NF>
<QY>江夏区</QY>
<XH>156</XH>
</book><book>
<DATA_UP_STATUS>I</DATA_UP_STATUS>
<DATA_UP_TIME></DATA_UP_TIME>
<DATA_UP_UUID>165</DATA_UP_UUID>
<DZ>武汉市蔡甸区洪北管委会南咀村</DZ>
<GN>围绕农业生产经营活动为组织内成员及周边农民提供专业服务</GN>
<LXR>徐经理</LXR>
<MC>云皓轩农业专业站</MC>
<MJ>15</MJ>
<NF>2018</NF>
<QY>蔡甸区</QY>
<XH>165</XH>
</book><book>
<DATA_UP_STATUS>I</DATA_UP_STATUS>
<DATA_UP_TIME></DATA_UP_TIME>
<DATA_UP_UUID>178</DATA_UP_UUID>
<DZ>陶河村塘胜湾</DZ>
<GN>围绕农业生产经营活动为组织内成员及周边农民提供专业服务</GN>
<LXR>蔡蕾琪</LXR>
<MC>武汉市新洲区凤栖农家乐山庄</MC>
<MJ>15</MJ>
<NF>2019</NF>
<QY>新洲区</QY>
<XH>178</XH>
</book><book>
<DATA_UP_STATUS>I</DATA_UP_STATUS>
<DATA_UP_TIME></DATA_UP_TIME>
<DATA_UP_UUID>180</DATA_UP_UUID>
<DZ>汪集街</DZ>
<GN>围绕农业生产经营活动为组织内成员及周边农民提供专业服务</GN>
<LXR>汪宏星</LXR>
<MC>武汉市陶河昌宏农家餐饮店</MC>
<MJ>15</MJ>
<NF>2019</NF>
<QY>新洲区</QY>
<XH>180</XH>
</book><book>
<DATA_UP_STATUS>I</DATA_UP_STATUS>
<DATA_UP_TIME></DATA_UP_TIME>
<DATA_UP_UUID>187</DATA_UP_UUID>
<DZ>徐古街</DZ>
<GN>围绕农业生产经营活动为组织内成员及周边农民提供专业服务</GN>
<LXR>邹玉珍</LXR>
<MC>梅园酒店</MC>
<MJ>15</MJ>
<NF>2019</NF>
<QY>新洲区</QY>
<XH>187</XH>
</book><book>
<DATA_UP_STATUS>I</DATA_UP_STATUS>
<DATA_UP_TIME></DATA_UP_TIME>
<DATA_UP_UUID>198</DATA_UP_UUID>
<DZ>林埠小学198号</DZ>
<GN>围绕农业生产经营活动为组织内成员及周边农民提供专业服务</GN>
<LXR>林祥</LXR>
<MC>林埠农家乐</MC>
<MJ>15</MJ>
<NF>2019</NF>
<QY>新洲区</QY>
<XH>198</XH>
</book><book>
<DATA_UP_STATUS>I</DATA_UP_STATUS>
<DATA_UP_TIME></DATA_UP_TIME>
<DATA_UP_UUID>206</DATA_UP_UUID>
<DZ>武汉绿宇生态农业有限公司</DZ>
<GN>围绕农业生产经营活动为组织内成员及周边农民提供专业服务</GN>
<LXR>林志刚</LXR>
<MC>绿宇生态专业站</MC>
<MJ>15</MJ>
<NF>2019</NF>
<QY>新洲区</QY>
<XH>206</XH>
</book><book>
<DATA_UP_STATUS>I</DATA_UP_STATUS>
<DATA_UP_TIME></DATA_UP_TIME>
<DATA_UP_UUID>211</DATA_UP_UUID>
<DZ>新洲土特产品展销中心</DZ>
<GN>围绕农业生产经营活动为组织内成员及周边农民提供专业服务</GN>
<LXR>汪永峰</LXR>
<MC>新洲土特产品展销中心专业站</MC>
<MJ>15</MJ>
<NF>2019</NF>
<QY>新洲区</QY>
<XH>211</XH>
</book><book>
<DATA_UP_STATUS>I</DATA_UP_STATUS>
<DATA_UP_TIME></DATA_UP_TIME>
<DATA_UP_UUID>10</DATA_UP_UUID>
<DZ>武汉市江夏区山坡街光明村韩家湾10号</DZ>
<GN>围绕农业生产经营活动为组织内成员及周边农民提供专业服务</GN>
<LXR>韩卉</LXR>
<MC>？山坡湖茶场专业社？</MC>
<MJ>30</MJ>
<NF>2016</NF>
<QY>江夏区</QY>
<XH>10</XH>
</book><book>
<DATA_UP_STATUS>I</DATA_UP_STATUS>
<DATA_UP_TIME></DATA_UP_TIME>
<DATA_UP_UUID>12</DATA_UP_UUID>
<DZ>湖北省武汉市江夏区郑店街道劳七村九组</DZ>
<GN>围绕农业生产经营活动为组织内成员及周边农民提供专业服务</GN>
<LXR>徐斌</LXR>
<MC>？郑店街凡华专业社？</MC>
<MJ>20</MJ>
<NF>2016</NF>
<QY>江夏区</QY>
<XH>12</XH>
</book><book>
<DATA_UP_STATUS>I</DATA_UP_STATUS>
<DATA_UP_TIME></DATA_UP_TIME>
<DATA_UP_UUID>16</DATA_UP_UUID>
<DZ>湖北省武汉市江夏区金水办事处</DZ>
<GN>围绕农业生产经营活动为组织内成员及周边农民提供专业服务</GN>
<LXR>彭传红</LXR>
<MC>？金水闸楚农庄专业社？</MC>
<MJ>30</MJ>
<NF>2016</NF>
<QY>江夏区</QY>
<XH>16</XH>
</book><book>
<DATA_UP_STATUS>I</DATA_UP_STATUS>
<DATA_UP_TIME></DATA_UP_TIME>
<DATA_UP_UUID>37</DATA_UP_UUID>
<DZ>木兰乡同兴集村</DZ>
<GN>围绕农业生产经营活动为组织内成员及周边农民提供专业服务</GN>
<LXR>王才启</LXR>
<MC>？武汉黄陂区木兰乡湖北牧童蓝莓农业科技发展有限公司益农社？</MC>
<MJ>35</MJ>
<NF>2017</NF>
<QY>黄陂区</QY>
<XH>37</XH>
</book><book>
<DATA_UP_STATUS>I</DATA_UP_STATUS>
<DATA_UP_TIME></DATA_UP_TIME>
<DATA_UP_UUID>39</DATA_UP_UUID>
<DZ>木兰乡小寨村蔡胡家乌石山</DZ>
<GN>围绕农业生产经营活动为组织内成员及周边农民提供专业服务</GN>
<LXR>胡庆忠</LXR>
<MC>？武汉黄陂区木兰乡木兰将军寨农业发展有限公司益农社？</MC>
<MJ>35</MJ>
<NF>2017</NF>
<QY>黄陂区</QY>
<XH>39</XH>
</book><book>
<DATA_UP_STATUS>I</DATA_UP_STATUS>
<DATA_UP_TIME></DATA_UP_TIME>
<DATA_UP_UUID>47</DATA_UP_UUID>
<DZ>前川街吕台村管家湾</DZ>
<GN>围绕农业生产经营活动为组织内成员及周边农民提供专业服务</GN>
<LXR>邬飞</LXR>
<MC>？武汉黄陂区前川邬飞家庭农场益农社？</MC>
<MJ>35</MJ>
<NF>2017</NF>
<QY>黄陂区</QY>
<XH>47</XH>
</book><book>
<DATA_UP_STATUS>I</DATA_UP_STATUS>
<DATA_UP_TIME></DATA_UP_TIME>
<DATA_UP_UUID>52</DATA_UP_UUID>
<DZ>祁家湾闵家咀村</DZ>
<GN>围绕农业生产经营活动为组织内成员及周边农民提供专业服务</GN>
<LXR>黄丰华</LXR>
<MC>？杨林萝卜种植专业合作社益农信息社？</MC>
<MJ>35</MJ>
<NF>2017</NF>
<QY>黄陂区</QY>
<XH>52</XH>
</book><book>
<DATA_UP_STATUS>I</DATA_UP_STATUS>
<DATA_UP_TIME></DATA_UP_TIME>
<DATA_UP_UUID>53</DATA_UP_UUID>
<DZ>祁家湾东风村吴家店41号</DZ>
<GN>围绕农业生产经营活动为组织内成员及周边农民提供专业服务</GN>
<LXR>李红芬</LXR>
<MC>？武汉黄陂区祁家湾宏丰家庭农场益农社？</MC>
<MJ>35</MJ>
<NF>2017</NF>
<QY>黄陂区</QY>
<XH>53</XH>
</book><book>
<DATA_UP_STATUS>I</DATA_UP_STATUS>
<DATA_UP_TIME></DATA_UP_TIME>
<DATA_UP_UUID>54</DATA_UP_UUID>
<DZ>祁家湾欢祁街周荣公寓</DZ>
<GN>围绕农业生产经营活动为组织内成员及周边农民提供专业服务</GN>
<LXR>黄继斌</LXR>
<MC>？武汉黄陂区祁家湾荣畅水产益农社？</MC>
<MJ>35</MJ>
<NF>2017</NF>
<QY>黄陂区</QY>
<XH>54</XH>
</book><book>
<DATA_UP_STATUS>I</DATA_UP_STATUS>
<DATA_UP_TIME></DATA_UP_TIME>
<DATA_UP_UUID>61</DATA_UP_UUID>
<DZ>罗汉寺街田铺村</DZ>
<GN>围绕农业生产经营活动为组织内成员及周边农民提供专业服务</GN>
<LXR>林梦国</LXR>
<MC>？武汉黄陂区罗汉木兰金秋农业科技发展股份有限公司益农社？</MC>
<MJ>35</MJ>
<NF>2017</NF>
<QY>黄陂区</QY>
<XH>61</XH>
</book><book>
<DATA_UP_STATUS>I</DATA_UP_STATUS>
<DATA_UP_TIME></DATA_UP_TIME>
<DATA_UP_UUID>88</DATA_UP_UUID>
<DZ>滠口街三闸村</DZ>
<GN>围绕农业生产经营活动为组织内成员及周边农民提供专业服务</GN>
<LXR>任正直</LXR>
<MC>？武汉黄陂区滠口湖北正隆水产养殖有限公司益农社？</MC>
<MJ>35</MJ>
<NF>2017</NF>
<QY>黄陂区</QY>
<XH>88</XH>
</book><book>
<DATA_UP_STATUS>I</DATA_UP_STATUS>
<DATA_UP_TIME></DATA_UP_TIME>
<DATA_UP_UUID>90</DATA_UP_UUID>
<DZ>滠口街汉口北四季美水产批发市场A808号</DZ>
<GN>围绕农业生产经营活动为组织内成员及周边农民提供专业服务</GN>
<LXR>张兆嵩</LXR>
<MC>？武汉黄陂区滠口松祥水产品贸易公司益农社？</MC>
<MJ>35</MJ>
<NF>2017</NF>
<QY>黄陂区</QY>
<XH>90</XH>
</book><book>
<DATA_UP_STATUS>I</DATA_UP_STATUS>
<DATA_UP_TIME></DATA_UP_TIME>
<DATA_UP_UUID>100</DATA_UP_UUID>
<DZ>横店街同合村村委会</DZ>
<GN>围绕农业生产经营活动为组织内成员及周边农民提供专业服务</GN>
<LXR>吴占</LXR>
<MC>？脆甜爽荸荠专业合作社益农信息社？</MC>
<MJ>35</MJ>
<NF>2017</NF>
<QY>黄陂区</QY>
<XH>100</XH>
</book><book>
<DATA_UP_STATUS>I</DATA_UP_STATUS>
<DATA_UP_TIME></DATA_UP_TIME>
<DATA_UP_UUID>111</DATA_UP_UUID>
<DZ>三里桥街河边村</DZ>
<GN>围绕农业生产经营活动为组织内成员及周边农民提供专业服务</GN>
<LXR>卢启宏</LXR>
<MC>？大潭天宏农业发展有限公司益农信息社？</MC>
<MJ>35</MJ>
<NF>2017</NF>
<QY>黄陂区</QY>
<XH>111</XH>
</book><book>
<DATA_UP_STATUS>I</DATA_UP_STATUS>
<DATA_UP_TIME></DATA_UP_TIME>
<DATA_UP_UUID>129</DATA_UP_UUID>
<DZ>姚集街姚家大湾</DZ>
<GN>围绕农业生产经营活动为组织内成员及周边农民提供专业服务</GN>
<LXR>雷星海</LXR>
<MC>？星海星焕家庭农场益农信息社？</MC>
<MJ>35</MJ>
<NF>2017</NF>
<QY>黄陂区</QY>
<XH>129</XH>
</book><book>
<DATA_UP_STATUS>I</DATA_UP_STATUS>
<DATA_UP_TIME></DATA_UP_TIME>
<DATA_UP_UUID>140</DATA_UP_UUID>
<DZ>蔡店街方湾村</DZ>
<GN>围绕农业生产经营活动为组织内成员及周边农民提供专业服务</GN>
<LXR>汪明</LXR>
<MC>？香逸草莓生态采摘园益农信息社？</MC>
<MJ>35</MJ>
<NF>2017</NF>
<QY>黄陂区</QY>
<XH>140</XH>
</book><book>
<DATA_UP_STATUS>I</DATA_UP_STATUS>
<DATA_UP_TIME></DATA_UP_TIME>
<DATA_UP_UUID>141</DATA_UP_UUID>
<DZ>蔡店街农贸市场</DZ>
<GN>围绕农业生产经营活动为组织内成员及周边农民提供专业服务</GN>
<LXR>丁咏松</LXR>
<MC>？芯千谷农业发展有限公司益农信息社？</MC>
<MJ>35</MJ>
<NF>2017</NF>
<QY>黄陂区</QY>
<XH>141</XH>
</book><book>
<DATA_UP_STATUS>I</DATA_UP_STATUS>
<DATA_UP_TIME></DATA_UP_TIME>
<DATA_UP_UUID>146</DATA_UP_UUID>
<DZ>盘龙城经济开发区后湖村蒲州湾888号</DZ>
<GN>围绕农业生产经营活动为组织内成员及周边农民提供专业服务</GN>
<LXR>朱福林</LXR>
<MC>？后湖水产养殖集团有限公司益农信息社？</MC>
<MJ>20</MJ>
<NF>2017</NF>
<QY>黄陂区</QY>
<XH>146</XH>
</book><book>
<DATA_UP_STATUS>I</DATA_UP_STATUS>
<DATA_UP_TIME></DATA_UP_TIME>
<DATA_UP_UUID>174</DATA_UP_UUID>
<DZ>凤凰镇新凤大道</DZ>
<GN>围绕农业生产经营活动为组织内成员及周边农民提供专业服务</GN>
<LXR>程能宝</LXR>
<MC>武汉市新洲区凤谷农庄</MC>
<MJ>15</MJ>
<NF>2019</NF>
<QY>新洲区</QY>
<XH>174</XH>
</book><book>
<DATA_UP_STATUS>I</DATA_UP_STATUS>
<DATA_UP_TIME></DATA_UP_TIME>
<DATA_UP_UUID>184</DATA_UP_UUID>
<DZ>汪集街</DZ>
<GN>围绕农业生产经营活动为组织内成员及周边农民提供专业服务</GN>
<LXR>王英</LXR>
<MC>武汉市新洲区汪集街聚集大酒店</MC>
<MJ>15</MJ>
<NF>2019</NF>
<QY>新洲区</QY>
<XH>184</XH>
</book><book>
<DATA_UP_STATUS>I</DATA_UP_STATUS>
<DATA_UP_TIME></DATA_UP_TIME>
<DATA_UP_UUID>185</DATA_UP_UUID>
<DZ>徐古镇茅岗村</DZ>
<GN>围绕农业生产经营活动为组织内成员及周边农民提供专业服务</GN>
<LXR>巴春桃</LXR>
<MC>武汉市新洲区集发休闲农庄</MC>
<MJ>15</MJ>
<NF>2019</NF>
<QY>新洲区</QY>
<XH>185</XH>
</book><book>
<DATA_UP_STATUS>I</DATA_UP_STATUS>
<DATA_UP_TIME></DATA_UP_TIME>
<DATA_UP_UUID>193</DATA_UP_UUID>
<DZ>周铺村</DZ>
<GN>围绕农业生产经营活动为组织内成员及周边农民提供专业服务</GN>
<LXR>黎锋利</LXR>
<MC>武汉市新洲区农家夫土灶台煨汤馆</MC>
<MJ>15</MJ>
<NF>2019</NF>
<QY>新洲区</QY>
<XH>193</XH>
</book><book>
<DATA_UP_STATUS>I</DATA_UP_STATUS>
<DATA_UP_TIME></DATA_UP_TIME>
<DATA_UP_UUID>195</DATA_UP_UUID>
<DZ>丰乐村</DZ>
<GN>围绕农业生产经营活动为组织内成员及周边农民提供专业服务</GN>
<LXR>袁惠文</LXR>
<MC>紫薇山庄</MC>
<MJ>15</MJ>
<NF>2019</NF>
<QY>新洲区</QY>
<XH>195</XH>
</book><book>
<DATA_UP_STATUS>I</DATA_UP_STATUS>
<DATA_UP_TIME></DATA_UP_TIME>
<DATA_UP_UUID>199</DATA_UP_UUID>
<DZ>报恩寺景区</DZ>
<GN>围绕农业生产经营活动为组织内成员及周边农民提供专业服务</GN>
<LXR>陈金华</LXR>
<MC>武汉市湖湾大院酒店管理有限公司（道观河鹰迪宾馆）</MC>
<MJ>15</MJ>
<NF>2019</NF>
<QY>新洲区</QY>
<XH>199</XH>
</book><book>
<DATA_UP_STATUS>I</DATA_UP_STATUS>
<DATA_UP_TIME></DATA_UP_TIME>
<DATA_UP_UUID>204</DATA_UP_UUID>
<DZ>武汉市大兴蜂业有限责任公司</DZ>
<GN>围绕农业生产经营活动为组织内成员及周边农民提供专业服务</GN>
<LXR>黄建生</LXR>
<MC>大兴蜂业专业站</MC>
<MJ>15</MJ>
<NF>2019</NF>
<QY>新洲区</QY>
<XH>204</XH>
</book>
</books>