﻿data_up_status,data_up_time,data_up_uuid,dz,gn,lxr,mc,mj,nf,qy,xh
I,,3,湖北省武汉市江夏区郑店街金星村鲁湖,围绕农业生产经营活动为组织内成员及周边农民提供专业服务,彭玉燕,？郑店鲁湖养殖专业社？,15,2016,江夏区,3
I,,8,湖北省武汉市江夏区乌龙泉镇民主村李节湾,围绕农业生产经营活动为组织内成员及周边农民提供专业服务,邓雪丽,？乌龙泉盟发牧业专业社？,30,2016,江夏区,8
I,,9,江夏区五里界群益村,围绕农业生产经营活动为组织内成员及周边农民提供专业服务,田江圆,？五里界青海农业专业社？,15,2016,江夏区,9
I,,18,湖北省武汉市汉南区湘口绿荫路,围绕农业生产经营活动为组织内成员及周边农民提供专业服务,胡主任,？喜鹊湖蟹业专业社？,20,2016,汉南区,18
I,,21,湖北省武汉市新洲区李集张店街道西湾村商下湾四组,围绕农业生产经营活动为组织内成员及周边农民提供专业服务,商总,？新洲六角海种植专业社？,20,2016,新洲区,21
I,,32,湖北省武汉市江夏区乌龙泉街道青山村杨家澥,围绕农业生产经营活动为组织内成员及周边农民提供专业服务,张总,？乌龙泉南北咀专业社？,15,2017,江夏区,32
I,,36,木兰乡七里冲甲山村,围绕农业生产经营活动为组织内成员及周边农民提供专业服务,冯春山,？武汉黄陂区木兰乡木兰谷歌农业股份有限公司益农社？,35,2017,黄陂区,36
I,,40,木兰乡椿树岗村,围绕农业生产经营活动为组织内成员及周边农民提供专业服务,刘敏,？武汉黄陂区木兰乡燕山生态农业有限公司益农社？,35,2017,黄陂区,40
I,,46,前川街吴店村,围绕农业生产经营活动为组织内成员及周边农民提供专业服务,朱兰萍,？武汉黄陂区前川朱兰萍家庭农场益农社？,35,2017,黄陂区,46
I,,48,武汉市黄陂区前川街黄陂大道312、314号,围绕农业生产经营活动为组织内成员及周边农民提供专业服务,湖北农业,？兴永顺农业科技有限公司益农社信息？,35,2017,黄陂区,48
I,,51,前川街双陈村郭许湾57号,围绕农业生产经营活动为组织内成员及周边农民提供专业服务,张义珍,？武汉黄陂区前川双陈农作物种植专业合作社益农社？,35,2017,黄陂区,51
I,,57,祁家湾大杜村,围绕农业生产经营活动为组织内成员及周边农民提供专业服务,杜沼明,？武汉黄陂区祁家湾盛世鑫隆农业有限公司益农社？,35,2017,黄陂区,57
I,,59,祁家湾街红卫村半边店13号,围绕农业生产经营活动为组织内成员及周边农民提供专业服务,朱春辉,？武汉黄陂区祁家湾祁家湾街广益家庭农场益农社？,35,2017,黄陂区,59
I,,65,罗汉寺街联合铺子湾22号,围绕农业生产经营活动为组织内成员及周边农民提供专业服务,刘震,？联合振华农机合作社益农信息社？,35,2017,黄陂区,65
I,,93,天河街方桥村,围绕农业生产经营活动为组织内成员及周边农民提供专业服务,李新杰,？武汉黄陂区天河白莲院水产养殖专业合作社益农社？,35,2017,黄陂区,93
I,,103,横店街三联社区,围绕农业生产经营活动为组织内成员及周边农民提供专业服务,张欢,？禄缘农庄益农信息社？,35,2017,黄陂区,103
I,,104,横店村大墩村,围绕农业生产经营活动为组织内成员及周边农民提供专业服务,陈文社,？水润仙酒店管理有限公司益农信息社？,35,2017,黄陂区,104
I,,112,木兰山街木兰山村,围绕农业生产经营活动为组织内成员及周边农民提供专业服务,陈登洪,？木兰古道农业科技有限公司益农信息社？,35,2017,黄陂区,112
I,,119,王家河街长堰社区,围绕农业生产经营活动为组织内成员及周边农民提供专业服务,方玉松,？武汉黄陂区王家河玉松银白菊专业合作社益农社？,35,2017,黄陂区,119
I,,124,姚集街石桥村方李湾28号,围绕农业生产经营活动为组织内成员及周边农民提供专业服务,姚世伟,？碧云天生态农业开发有限公司益农信息社？,35,2017,黄陂区,124
I,,126,姚集街大屋畈村62号,围绕农业生产经营活动为组织内成员及周边农民提供专业服务,赵精明,？鑫农顺农业合作社益农信息社？,35,2017,黄陂区,126
I,,132,姚集街双河村,围绕农业生产经营活动为组织内成员及周边农民提供专业服务,谢永祥,？海祥胜蜜种植专业合作社益农信息社？,35,2017,黄陂区,132
I,,134,姚集街竹林村瓜冲一组,围绕农业生产经营活动为组织内成员及周边农民提供专业服务,刘亚忠,？楚扬养殖有限公司益农信息社？,35,2017,黄陂区,134
I,,147,南州田村陈家林子28号,围绕农业生产经营活动为组织内成员及周边农民提供专业服务,王前喜,？南州田茶叶合作社益农信息社？,20,2017,黄陂区,147
I,,163,蔡甸区洪北十字河,围绕农业生产经营活动为组织内成员及周边农民提供专业服务,刘希望,裕伟生态专业站,15,2018,蔡甸区,163
I,,172,潘塘街罗杨村,围绕农业生产经营活动为组织内成员及周边农民提供专业服务,高争荣,武汉花朝河湾旅游有限公司,15,2019,新洲区,172
I,,177,凤凰镇,围绕农业生产经营活动为组织内成员及周边农民提供专业服务,周旺明,武汉市新洲区凤娃食府,15,2019,新洲区,177
I,,181,汪集街,围绕农业生产经营活动为组织内成员及周边农民提供专业服务,汪远志余细林（女）,武汉市远志汤食有限公司,15,2019,新洲区,181
I,,201,道观河管理处,围绕农业生产经营活动为组织内成员及周边农民提供专业服务,王银桂,武汉市银林生态农业有限公司（小田园酒楼）,15,2019,新洲区,201
I,,205,武汉市新洲张店鱼面有限公司,围绕农业生产经营活动为组织内成员及周边农民提供专业服务,胡秋波,张店鱼面标专业站,15,2019,新洲区,205
I,,208,武汉嘉良乐种植专业合作社,围绕农业生产经营活动为组织内成员及周边农民提供专业服务,张力良,嘉良乐种植专业站,15,2019,新洲区,208
I,,209,武汉泉博草莓种植专业合作社,围绕农业生产经营活动为组织内成员及周边农民提供专业服务,朱保琴,泉博草莓种植专业站,15,2019,新洲区,209
I,,1,湖北省武汉市江夏区金水闸武当村港,围绕农业生产经营活动为组织内成员及周边农民提供专业服务,吴祺,？金水闸祺良专业社？,20,2016,江夏区,1
I,,7,湖北省武汉市江夏区郑店街道老屋胡社区村委会旁,围绕农业生产经营活动为组织内成员及周边农民提供专业服务,商俊,？郑店街沛美达专业社？,15,2016,江夏区,7
I,,77,六指街东湖林甘棠大道448号,围绕农业生产经营活动为组织内成员及周边农民提供专业服务,万致,？冲旺家庭农场益农信息社？,35,2017,黄陂区,77
I,,79,六指街新联村苍胡湾,围绕农业生产经营活动为组织内成员及周边农民提供专业服务,龙,？千湖农业科技有限公司益农信息社？,35,2017,黄陂区,79
I,,82,蔡榨街博士湾村,围绕农业生产经营活动为组织内成员及周边农民提供专业服务,朱国超,？武汉黄陂区蔡榨湖北稻之恒生态农业有限公司益农社？,35,2017,黄陂区,82
I,,89,滠口街陡山村王家咀3号,围绕农业生产经营活动为组织内成员及周边农民提供专业服务,许红已,？武汉黄陂区滠口兴隆伟业农业发展有限公司益农社？,35,2017,黄陂区,89
I,,98,横店街同合村谌家岗8号,围绕农业生产经营活动为组织内成员及周边农民提供专业服务,谌卫国,？武汉黄陂区横店同合卫国农业机械专业合作社益农社？,35,2017,黄陂区,98
I,,105,横店街同合村谌家岗35号,围绕农业生产经营活动为组织内成员及周边农民提供专业服务,郑文芳,？正林种养专业合作社益农信息社？,35,2017,黄陂区,105
I,,106,三里桥街沿堤村,围绕农业生产经营活动为组织内成员及周边农民提供专业服务,唐新胜,？金亿丰农业科技有限公司益农信息社？,35,2017,黄陂区,106
I,,108,三里桥街大石桥村三组,围绕农业生产经营活动为组织内成员及周边农民提供专业服务,王苏波,？旺隆生态专业合作社益农信息社？,35,2017,黄陂区,108
I,,113,木兰山街木兰山村,围绕农业生产经营活动为组织内成员及周边农民提供专业服务,张卫东,？木兰圣农农业发展有限公司益农信息社？,35,2017,黄陂区,113
I,,115,王家河街大陂村阮家田,围绕农业生产经营活动为组织内成员及周边农民提供专业服务,祁胜华,？华丰聚生态农业发展有限公司益农信息社？,35,2017,黄陂区,115
I,,116,王家河街玉枝店村,围绕农业生产经营活动为组织内成员及周边农民提供专业服务,缪斌,？利锌农机专业合作社益农信息社？,35,2017,黄陂区,116
I,,118,王家河街应咀村胡家咀湾,围绕农业生产经营活动为组织内成员及周边农民提供专业服务,胡述文,？武汉黄陂区王家河应咀农机农业合作社益农社？,35,2017,黄陂区,118
I,,139,蔡店街长岗村大畈湾,围绕农业生产经营活动为组织内成员及周边农民提供专业服务,蔡运娥,？绿缘畈丰家庭农场益农信息社？,35,2017,黄陂区,139
I,,149,黄陂区长岭街十棵松村,围绕农业生产经营活动为组织内成员及周边农民提供专业服务,胡贤能,？木兰紫薇花园益农信息社？,20,2017,黄陂区,149
I,,150,黄陂区长岭街短岭村周家酒店湾,围绕农业生产经营活动为组织内成员及周边农民提供专业服务,周品,？友庭生态农业有限公司益农信息社？,20,2017,黄陂区,150
I,,154,侏儒街千湖村,围绕农业生产经营活动为组织内成员及周边农民提供专业服务,李荣亮,？武汉千洪农业发展有限公司？,30,2017,蔡甸区,154
I,,158,辛冲街肖家山,围绕农业生产经营活动为组织内成员及周边农民提供专业服务,邱经理,？新洲区绿宇生态农业有限公司乡村味？,40,2018,新洲区,158
I,,173,旧街姚河村,围绕农业生产经营活动为组织内成员及周边农民提供专业服务,王飞,城楼寨休闲山庄,15,2019,新洲区,173
I,,183,汪集街,围绕农业生产经营活动为组织内成员及周边农民提供专业服务,黄正福,武汉市新洲区汪集正福汤馆,15,2019,新洲区,183
I,,202,武汉大雾山茶叶有限公司,围绕农业生产经营活动为组织内成员及周边农民提供专业服务,胡全波,大雾山茶叶专业站,15,2019,新洲区,202
I,,2,江夏区安山镇官山巷,围绕农业生产经营活动为组织内成员及周边农民提供专业服务,裴赛,？安山镇顺妞专业社？,20,2016,江夏区,2
I,,5,江夏区金口镇白马头村武汉市白马头生态农业有限公司,围绕农业生产经营活动为组织内成员及周边农民提供专业服务,王世合,？金口镇白马头专业社？,20,2016,江夏区,5
I,,20,湖北省武汉市新洲区李集街道张店南街100号,围绕农业生产经营活动为组织内成员及周边农民提供专业服务,胡总,？新洲区新民鱼面专业社？,20,2016,新洲区,20
I,,24,湖北省武汉市东西湖辛安渡红星农副产品专业合作社,围绕农业生产经营活动为组织内成员及周边农民提供专业服务,李总,？红星专业社？,15,2016,东西湖区,24
I,,42,木兰乡谌寨村特1号,围绕农业生产经营活动为组织内成员及周边农民提供专业服务,谌忠伍,？武汉黄陂区木兰乡明日湛茶农业发展有限公司益农社？,35,2017,黄陂区,42
I,,45,前川街横堤村,围绕农业生产经营活动为组织内成员及周边农民提供专业服务,朱农厚,？武汉黄陂区前川朱农厚种植专业合作社益农社？,35,2017,黄陂区,45
I,,50,前川街吕下新湾4号,围绕农业生产经营活动为组织内成员及周边农民提供专业服务,王和平,？武汉黄陂区前川和平种植专业合作社益农社？,35,2017,黄陂区,50
I,,60,罗汉寺街南新村,围绕农业生产经营活动为组织内成员及周边农民提供专业服务,陈伟,？绿艺嘉园生态科技发展有限公司益农信息社？,35,2017,黄陂区,60
I,,70,李集街仰山庙祝家田42号,围绕农业生产经营活动为组织内成员及周边农民提供专业服务,兰艳川,？荣达种养殖专业合作社益农信息社？,35,2017,黄陂区,70
I,,74,李集街宋店村,围绕农业生产经营活动为组织内成员及周边农民提供专业服务,李卓秀,？武汉黄陂区李集江秀蔬菜专业合作社益农社？,35,2017,黄陂区,74
I,,75,六指街朱岗村肖家园湾69号,围绕农业生产经营活动为组织内成员及周边农民提供专业服务,肖金启,？金正杰农业开发有限公司益农信息社？,35,2017,黄陂区,75
I,,80,蔡榨街红岗山村,围绕农业生产经营活动为组织内成员及周边农民提供专业服务,姜庆生,？红岗山茶叶有限公司益农信息社？,35,2017,黄陂区,80
I,,87,蔡榨街桃源村屋脊湾,围绕农业生产经营活动为组织内成员及周边农民提供专业服务,王玷桥,？武汉黄陂区蔡榨青龙河农业发展有限公司益农社？,35,2017,黄陂区,87
I,,94,天河街洪湖村榨树咀74号,围绕农业生产经营活动为组织内成员及周边农民提供专业服务,刘高雄,？武汉黄陂区天河天河高雄养殖厂益农社？,35,2017,黄陂区,94
I,,102,横店街桥咀村村委会,围绕农业生产经营活动为组织内成员及周边农民提供专业服务,黄玉珍,？桥咀水产养殖专业合作社益农信息社？,35,2017,黄陂区,102
I,,120,王家河街凤凰村,围绕农业生产经营活动为组织内成员及周边农民提供专业服务,余鸣,？武汉黄陂区王家河诚成农机农业合作社益农社？,35,2017,黄陂区,120
I,,127,姚集街仙姑寨村大梨树湾,围绕农业生产经营活动为组织内成员及周边农民提供专业服务,张仟华,？华益丰农牧发展有限公司益农信息社？,35,2017,黄陂区,127
I,,138,蔡店街张河村张河湾,围绕农业生产经营活动为组织内成员及周边农民提供专业服务,任鹤鸣,？伯润农业发展有限公司益农信息社？,35,2017,黄陂区,138
I,,143,前川街双凤大道920号,围绕农业生产经营活动为组织内成员及周边农民提供专业服务,黄永平,？汇力植保专业合作社益农信息社？,20,2017,黄陂区,143
I,,145,黄陂区木兰乡周家小院,围绕农业生产经营活动为组织内成员及周边农民提供专业服务,周贵清,？木兰周家小院农庄益农信息社？,20,2017,黄陂区,145
I,,169,索河梅池村,围绕农业生产经营活动为组织内成员及周边农民提供专业服务,周总,香草花田专业站,15,2018,蔡甸区,169
I,,196,孙岗村,围绕农业生产经营活动为组织内成员及周边农民提供专业服务,柳仕堂,武汉市新洲区仓溪富农家乐餐厅,15,2019,新洲区,196
I,,200,报恩寺景区,围绕农业生产经营活动为组织内成员及周边农民提供专业服务,王小平,武汉广电商务会议中心,15,2019,新洲区,200
I,,14,湖北省武汉市江夏区乌龙泉街道友爱村新屋李,围绕农业生产经营活动为组织内成员及周边农民提供专业服务,申琴,？乌龙泉蓝波湾社？,15,2016,江夏区,14
I,,17,湖北省武汉市江夏区乌龙泉街道新生活村,围绕农业生产经营活动为组织内成员及周边农民提供专业服务,巴清,？乌龙泉家事易社？,15,2016,江夏区,17
I,,19,湖北省武汉市新洲区旧街街道办事处曾畈村下曾畈,围绕农业生产经营活动为组织内成员及周边农民提供专业服务,张总,？新洲旧街四季阳光专业社？,26,2016,新洲区,19
I,,23,湖北省武汉市东西湖辛安渡办事处（友吉名优合作社）,围绕农业生产经营活动为组织内成员及周边农民提供专业服务,范海燕,？友吉专业社？,15,2016,东西湖区,23
I,,34,木兰乡德兴村委会,围绕农业生产经营活动为组织内成员及周边农民提供专业服务,李名召,？武汉黄陂区木兰乡德兴村生态农业有限公司益农社？,35,2017,黄陂区,34
I,,38,武汉市黄陂区木兰乡芦子河村特1号,围绕农业生产经营活动为组织内成员及周边农民提供专业服务,湖北农业,？德龙养殖有限公司益农社？,35,2017,黄陂区,38
I,,44,木兰乡梳店村沈王湾村委会,围绕农业生产经营活动为组织内成员及周边农民提供专业服务,王海能,？武汉黄陂区木兰乡创新发展种养殖专业合作社益农社？,35,2017,黄陂区,44
I,,58,祁家湾街四新村大魏湾33号,围绕农业生产经营活动为组织内成员及周边农民提供专业服务,魏云选,？武汉黄陂区祁家湾四新福泽泰种养殖专业合作社益农社？,35,2017,黄陂区,58
I,,67,李集街金银岗村48号,围绕农业生产经营活动为组织内成员及周边农民提供专业服务,沈智勇,？武瑞丰农机专业合作社益农信息社？,35,2017,黄陂区,67
I,,71,李集街小仁湾村素刘湾,围绕农业生产经营活动为组织内成员及周边农民提供专业服务,刘加文,？武汉黄陂区李集寅辰鑫农业发展有限公司益农社？,35,2017,黄陂区,71
I,,85,蔡榨街雨台村连三楼,围绕农业生产经营活动为组织内成员及周边农民提供专业服务,周文华,？武汉黄陂区蔡榨锦绣雨台种植专业合作社益农社？,35,2017,黄陂区,85
I,,97,天河街红湖村周家坡38号,围绕农业生产经营活动为组织内成员及周边农民提供专业服务,周明,？武汉黄陂区天河雷晟发展有限公司益农社？,35,2017,黄陂区,97
I,,122,长轩岭街张都桥村付下湾,围绕农业生产经营活动为组织内成员及周边农民提供专业服务,付辉,？张都桥合作社益农信息社？,35,2017,黄陂区,122
I,,123,长轩岭街坡岭村周家楼子18号,围绕农业生产经营活动为组织内成员及周边农民提供专业服务,徐义超,？周家楼子水稻种植合作社益农信息社？,35,2017,黄陂区,123
I,,155,张湾村新民村,围绕农业生产经营活动为组织内成员及周边农民提供专业服务,龚万梅,？武汉市鑫阳果蔬专业合作社？,30,2017,蔡甸区,155
I,,159,武汉市江夏区金口街道下沙湖,围绕农业生产经营活动为组织内成员及周边农民提供专业服务,蒋忠,？江夏区南岸壹号生态农业科技有限公司？,50,2018,江夏区,159
I,,175,凤凰镇,围绕农业生产经营活动为组织内成员及周边农民提供专业服务,郭翠兰,武汉市新洲区火球农家乐农庄（三师傅）,15,2019,新洲区,175
I,,176,凤凰镇,围绕农业生产经营活动为组织内成员及周边农民提供专业服务,董志明,农家小院,15,2019,新洲区,176
I,,186,徐古柳河,围绕农业生产经营活动为组织内成员及周边农民提供专业服务,王花子,武汉龙岩生态农庄有限公司,15,2019,新洲区,186
I,,4,湖北省武汉市江夏区湖泗街道何堰村许家湾30号,围绕农业生产经营活动为组织内成员及周边农民提供专业服务,王兆阳,？湖泗牧穗生态专业社？,20,2016,江夏区,4
I,,6,湖北省武汉市江夏区郑店街道劳七村,围绕农业生产经营活动为组织内成员及周边农民提供专业服务,王志军,？郑店恒河农业专业社？,30,2016,江夏区,6
I,,13,湖北省武汉市江夏区法泗镇怡山湾社区,围绕农业生产经营活动为组织内成员及周边农民提供专业服务,胡磊,？法泗银河生态专业社？,20,2016,江夏区,13
I,,15,湖北省武汉市江夏区郑店街道廖桥村万德福林果品种园内,围绕农业生产经营活动为组织内成员及周边农民提供专业服务,王含,？郑店街丛霖农业专业社？,15,2016,江夏区,15
I,,27,武汉市新洲区邾城街刘集乡陶刘村十组,围绕农业生产经营活动为组织内成员及周边农民提供专业服务,陈诗,？新洲邾城欣沛园专业社？,24,2016,新洲区,27
I,,28,湖北省武汉市江夏区纸坊街道兴苑街大花山农贸市场,围绕农业生产经营活动为组织内成员及周边农民提供专业服务,曹磊,？纸坊金鼎宸社？,15,2016,江夏区,28
I,,30,湖北省武汉市汉南区东荆街道办事处沟北大队014乡道登宝隆采摘园,围绕农业生产经营活动为组织内成员及周边农民提供专业服务,陈登宝,？汉南东荆登宝隆专业社？,20,2017,汉南区,30
I,,35,木兰乡青石桥村村委会,围绕农业生产经营活动为组织内成员及周边农民提供专业服务,李国富,？武汉黄陂区木兰乡木兰青石种养殖专业合作社益农社？,35,2017,黄陂区,35
I,,64,罗汉寺街花石村,围绕农业生产经营活动为组织内成员及周边农民提供专业服务,陈腊平,？花石乡恋生态农业有限公司益农信息社？,35,2017,黄陂区,64
I,,72,李集街向阳村,围绕农业生产经营活动为组织内成员及周边农民提供专业服务,李胜兵,？武汉黄陂区李集芸之龙家庭农场益农社？,35,2017,黄陂区,72
I,,76,六指街金咀村对面湾2号,围绕农业生产经营活动为组织内成员及周边农民提供专业服务,周汉华,？晶灿灿莲米专业合作社益农信息社？,35,2017,黄陂区,76
I,,78,六指街张店村细周湾,围绕农业生产经营活动为组织内成员及周边农民提供专业服务,张杰,？天露雨润农业开发有限公司益农信息社？,35,2017,黄陂区,78
I,,83,蔡榨街莲花塘,围绕农业生产经营活动为组织内成员及周边农民提供专业服务,曾国超,？武汉黄陂区蔡榨蔡榨印塘寺水产养殖专业合作社益农社？,35,2017,黄陂区,83
I,,84,蔡榨街周任湾村江家大湾,围绕农业生产经营活动为组织内成员及周边农民提供专业服务,雷望珍,？武汉黄陂区蔡榨江盛农业发展有限公司益农社？,35,2017,黄陂区,84
I,,86,蔡榨街周任湾村,围绕农业生产经营活动为组织内成员及周边农民提供专业服务,许文魁,？武汉黄陂区蔡榨博创农业技术开发有限公司益农社？,35,2017,黄陂区,86
I,,109,三里桥街白水湖村七组,围绕农业生产经营活动为组织内成员及周边农民提供专业服务,梅四民,？忠成蔬菜种植专业合作社益农信息社？,35,2017,黄陂区,109
I,,110,三里桥街新塔村村委会,围绕农业生产经营活动为组织内成员及周边农民提供专业服务,徐国超,？新塔水产专业合作社益农信息社？,35,2017,黄陂区,110
I,,142,蔡店街陈冲村,围绕农业生产经营活动为组织内成员及周边农民提供专业服务,郭国先,？水土保护管理有限公司益农信息社？,35,2017,黄陂区,142
I,,151,黄陂区蔡店街五四村村委会,围绕农业生产经营活动为组织内成员及周边农民提供专业服务,丁玉明,？松峰山茶叶有限公司益农信息社？,20,2017,黄陂区,151
I,,161,辛冲镇胜利湖村,围绕农业生产经营活动为组织内成员及周边农民提供专业服务,邱经理  余三才,武汉绿宇生态有限公司,20,2018,新洲区,161
I,,164,蔡甸区洪北十字河,围绕农业生产经营活动为组织内成员及周边农民提供专业服务,吴新旺,十字河瓜果专业站,15,2018,蔡甸区,164
I,,171,成功管委会宁堡村,围绕农业生产经营活动为组织内成员及周边农民提供专业服务,曾文华,莲荷利民专业站,15,2018,蔡甸区,171
I,,188,仓埠街,围绕农业生产经营活动为组织内成员及周边农民提供专业服务,徐丽平,武汉市新洲区水云轩大酒店,15,2019,新洲区,188
I,,190,叶岗村,围绕农业生产经营活动为组织内成员及周边农民提供专业服务,曹汉平,乡村奇迹农家乐,15,2019,新洲区,190
I,,192,仓埠街,围绕农业生产经营活动为组织内成员及周边农民提供专业服务,章德林,武汉市新洲区富鑫酒楼,15,2019,新洲区,192
I,,197,武滨路,围绕农业生产经营活动为组织内成员及周边农民提供专业服务,甘静,武汉市新洲区仓埠街有友酒家,15,2019,新洲区,197
I,,203,武汉宏博泰生态茶业有限公司,围绕农业生产经营活动为组织内成员及周边农民提供专业服务,童建宏,宏博泰茶叶专业站,15,2019,新洲区,203
I,,210,冯岗村村委会,围绕农业生产经营活动为组织内成员及周边农民提供专业服务,王世勤,冯岗村村委会专业站,15,2019,新洲区,210
I,,26,湖北省武汉市东西湖东山农场（鑫三江专业合作社）,围绕农业生产经营活动为组织内成员及周边农民提供专业服务,邹雨江,？鑫三江专业社？,15,2016,东西湖区,26
I,,41,木兰乡将军庙村尹家村,围绕农业生产经营活动为组织内成员及周边农民提供专业服务,徐三友,？武汉黄陂区木兰乡木兰山田园生态农业发展有限公司益农社？,35,2017,黄陂区,41
I,,55,祁家湾周集村,围绕农业生产经营活动为组织内成员及周边农民提供专业服务,网贤良,？武汉黄陂区祁家湾春晓农机专业合作社益农社？,35,2017,黄陂区,55
I,,62,罗汉寺街白塘村,围绕农业生产经营活动为组织内成员及周边农民提供专业服务,张文胜,？武汉黄陂区罗汉老来乐老年公寓发展有限公司益农社？,35,2017,黄陂区,62
I,,63,罗汉寺街白塘村,围绕农业生产经营活动为组织内成员及周边农民提供专业服务,李连稿,？武汉黄陂区罗汉木兰汇农业发展有限公司益农社？,35,2017,黄陂区,63
I,,68,李集街大彭家砦234号,围绕农业生产经营活动为组织内成员及周边农民提供专业服务,彭珩,？李集麦浪面业有限公司益农信息社？,35,2017,黄陂区,68
I,,69,李集街朱铺村,围绕农业生产经营活动为组织内成员及周边农民提供专业服务,宋培源,？朱铺农机专业合作社益农信息社？,35,2017,黄陂区,69
I,,81,蔡榨街周梅家田阮管湾17号,围绕农业生产经营活动为组织内成员及周边农民提供专业服务,阮爱功,？武汉黄陂区蔡榨黄陂东乡养蜂专业合作社益农社？,35,2017,黄陂区,81
I,,91,滠口街枫橡咀村鞠家咀湾88号,围绕农业生产经营活动为组织内成员及周边农民提供专业服务,王冬元,？武汉黄陂区滠口盘龙湖人和农业科技有限公司益农社？,35,2017,黄陂区,91
I,,95,天河街童河村村委会,围绕农业生产经营活动为组织内成员及周边农民提供专业服务,童康健,？武汉黄陂区天河童家湖水产养殖合作社益农社？,35,2017,黄陂区,95
I,,99,横店街寅田村58号,围绕农业生产经营活动为组织内成员及周边农民提供专业服务,梅本初,？武汉黄陂区横店新绿缘水稻种植专业合作社益农社？,35,2017,黄陂区,99
I,,101,横店街寅田村谌家岗2号,围绕农业生产经营活动为组织内成员及周边农民提供专业服务,谌先斌,？寅田水产养殖专业合作社益农信息社？,35,2017,黄陂区,101
I,,114,盘龙城经济开发区蒲州湾,围绕农业生产经营活动为组织内成员及周边农民提供专业服务,张克忠,？后湖水乡荷花专业合作社益农信息社？,35,2017,黄陂区,114
I,,117,王家河街白龙寺村,围绕农业生产经营活动为组织内成员及周边农民提供专业服务,吴建东,？武汉黄陂区王家河修楚农业有限公司益农社？,35,2017,黄陂区,117
I,,125,姚集街孟巷村110号,围绕农业生产经营活动为组织内成员及周边农民提供专业服务,孟威威,？孟威威家庭农场益农信息社？,35,2017,黄陂区,125
I,,128,姚集街长冲村彭家田,围绕农业生产经营活动为组织内成员及周边农民提供专业服务,朱继宏,？宏力生态农业专业合作社益农信息社？,35,2017,黄陂区,128
I,,137,姚集街八角门村,围绕农业生产经营活动为组织内成员及周边农民提供专业服务,黄忠秀,？汉平兴达农业开发有限公司益农信息社？,35,2017,黄陂区,137
I,,144,蔡店街姚家老屋村,围绕农业生产经营活动为组织内成员及周边农民提供专业服务,丁朝莲,？百汇勤农业开发有限公司益农信息社？,35,2017,黄陂区,144
I,,152,黄陂区姚集街腊梅村郭家洞4号,围绕农业生产经营活动为组织内成员及周边农民提供专业服务,郭总,？碧水山谷生态有限公司益农信息社？,20,2017,黄陂区,152
I,,153,玉贤街铁李村窑湾024号,围绕农业生产经营活动为组织内成员及周边农民提供专业服务,李新成,？武汉市蔡甸区新成家庭农场？,20,2017,蔡甸区,153
I,,157,新洲区仓埠山庄民俗村,围绕农业生产经营活动为组织内成员及周边农民提供专业服务,方经理,？新洲区仓埠山庄？,50,2018,新洲区,157
I,,160,武汉市新洲区仓埠街松林一号,围绕农业生产经营活动为组织内成员及周边农民提供专业服务,方琪,仓埠山庄,50,2018,新洲区,160
I,,162,蔡甸区莲花湖独山村,围绕农业生产经营活动为组织内成员及周边农民提供专业服务,刘艳春,绿色方舟专业站,15,2018,蔡甸区,162
I,,166,湖北省武汉市蔡甸区侏儒山街金鸡村,围绕农业生产经营活动为组织内成员及周边农民提供专业服务,李超群,金鸡瓜菜营销专业站,15,2018,蔡甸区,166
I,,167,侏儒街侏洪陆,围绕农业生产经营活动为组织内成员及周边农民提供专业服务,陈桃娇,桃娇农产品专业站,15,2018,蔡甸区,167
I,,168,武汉市蔡甸区消泗乡挖沟村,围绕农业生产经营活动为组织内成员及周边农民提供专业服务,汤家华,祥晟农产品专业站,15,2018,蔡甸区,168
I,,170,张湾白湖工业园,围绕农业生产经营活动为组织内成员及周边农民提供专业服务,杨晶,白湖家园农业专业站,15,2018,蔡甸区,170
I,,179,陶河村三组29号,围绕农业生产经营活动为组织内成员及周边农民提供专业服务,程进学 程华,武汉市新洲区程学伢农家板鸭店,15,2019,新洲区,179
I,,182,汪集街,围绕农业生产经营活动为组织内成员及周边农民提供专业服务,万方勇,武汉市汪集小瑶池鸡汤有限公司（小瑶池鸡汤城）,15,2019,新洲区,182
I,,189,仓埠街,围绕农业生产经营活动为组织内成员及周边农民提供专业服务,陈军霞,武汉市新洲区晨叶大酒店,15,2019,新洲区,189
I,,191,仓埠街,围绕农业生产经营活动为组织内成员及周边农民提供专业服务,柳冠超,武汉市新洲区冠开源餐厅,15,2019,新洲区,191
I,,194,仓埠山庄,围绕农业生产经营活动为组织内成员及周边农民提供专业服务,金林,仓埠山庄,15,2019,新洲区,194
I,,207,武汉康彬宝食用菌有限公司,围绕农业生产经营活动为组织内成员及周边农民提供专业服务,贾红民,康彬宝食用菌专业站,15,2019,新洲区,207
I,,11,江夏区安山街青春村麻城澥,围绕农业生产经营活动为组织内成员及周边农民提供专业服务,谭声宏,？安山街青春生态专业社？,20,2016,江夏区,11
I,,22,张店街道得胜村,围绕农业生产经营活动为组织内成员及周边农民提供专业服务,何总,？新洲林蓁农业专业社？,20,2016,新洲区,22
I,,25,湖北省武汉市东西湖柏泉办事处西二大队吴新干线604号（强鑫合作社）,围绕农业生产经营活动为组织内成员及周边农民提供专业服务,王总,？强鑫专业社？,15,2016,东西湖区,25
I,,29,蔡甸区永安漫茵多肉植物合作社,围绕农业生产经营活动为组织内成员及周边农民提供专业服务,殷老板,？漫茵多肉植物合作社？,50,2016,蔡甸区,29
I,,31,湖北省武汉市江夏区纸坊街道,围绕农业生产经营活动为组织内成员及周边农民提供专业服务,任能强,？梁子湖茶叶有限公司？,40,2017,江夏区,31
I,,33,木兰乡同兴集村,围绕农业生产经营活动为组织内成员及周边农民提供专业服务,柳自立,？武汉黄陂区木兰乡木兰永盛农业合作社益农社？,35,2017,黄陂区,33
I,,43,木兰乡小泉村,围绕农业生产经营活动为组织内成员及周边农民提供专业服务,陈县华,？武汉黄陂区木兰乡小泉山肉牛养殖有限公司益农社？,35,2017,黄陂区,43
I,,49,前川街吴店村1号,围绕农业生产经营活动为组织内成员及周边农民提供专业服务,陈兴中,？武汉黄陂区前川陈兴中种植专业合作社益农社？,35,2017,黄陂区,49
I,,56,祁家湾四新村大魏湾33号,围绕农业生产经营活动为组织内成员及周边农民提供专业服务,袁三珍,？武汉黄陂区祁家湾区祁家湾忠义生态农庄益农社？,35,2017,黄陂区,56
I,,66,罗汉寺街联合村坡下湾,围绕农业生产经营活动为组织内成员及周边农民提供专业服务,杨俊军,？祥丰农业专业合作社益农信息社？,35,2017,黄陂区,66
I,,73,李集街冯家河爱群林场,围绕农业生产经营活动为组织内成员及周边农民提供专业服务,王艳阶,？武汉黄陂区李集绿林茶籽油有限公司益农社？,35,2017,黄陂区,73
I,,92,滠口街枫橡家园15栋3单元1楼,围绕农业生产经营活动为组织内成员及周边农民提供专业服务,张高红,？武汉黄陂区滠口枫橡红日水产养殖有限公司益农社？,35,2017,黄陂区,92
I,,96,天河街赵岗村,围绕农业生产经营活动为组织内成员及周边农民提供专业服务,罗瑞林,？武汉黄陂区天河天河街罗瑞霖生态园益农社？,35,2017,黄陂区,96
I,,107,三里桥街二道河村渡口湾29号,围绕农业生产经营活动为组织内成员及周边农民提供专业服务,张新明,？李丽萍大棚蔬菜家庭农场益农信息社？,35,2017,黄陂区,107
I,,121,长轩岭街户冲村,围绕农业生产经营活动为组织内成员及周边农民提供专业服务,吴少喜,？长岭月亮湖农庄益农信息社？,35,2017,黄陂区,121
I,,130,姚集街李集村王家田43号,围绕农业生产经营活动为组织内成员及周边农民提供专业服务,刘建军,？天梯木兰农场益农信息社？,35,2017,黄陂区,130
I,,131,姚集街盛家湾村,围绕农业生产经营活动为组织内成员及周边农民提供专业服务,万胜国,？鑫茶树湾生态农业科技发展有限公司益农信息社？,35,2017,黄陂区,131
I,,133,姚集街崇杰村18号,围绕农业生产经营活动为组织内成员及周边农民提供专业服务,陈家林,？家林水产养殖专业合作社益农信息社？,35,2017,黄陂区,133
I,,135,姚集街畈张村冯家垅湾,围绕农业生产经营活动为组织内成员及周边农民提供专业服务,袁军,？木兰天谭农业开发有限公司益农信息社？,35,2017,黄陂区,135
I,,136,姚集街仙姑寨村17组杨家湾4号,围绕农业生产经营活动为组织内成员及周边农民提供专业服务,卢训发,？正兴旺农业发展有限责任公司益农信息社？,35,2017,黄陂区,136
I,,148,黄陂区长岭街向家咀村晏家湖,围绕农业生产经营活动为组织内成员及周边农民提供专业服务,胡先生,？晏家河渔庄益农信息社？,20,2017,黄陂区,148
I,,156,金水闸南岸一村,围绕农业生产经营活动为组织内成员及周边农民提供专业服务,蒋忠,江夏区南岸壹号专业站,20,2018,江夏区,156
I,,165,武汉市蔡甸区洪北管委会南咀村,围绕农业生产经营活动为组织内成员及周边农民提供专业服务,徐经理,云皓轩农业专业站,15,2018,蔡甸区,165
I,,178,陶河村塘胜湾,围绕农业生产经营活动为组织内成员及周边农民提供专业服务,蔡蕾琪,武汉市新洲区凤栖农家乐山庄,15,2019,新洲区,178
I,,180,汪集街,围绕农业生产经营活动为组织内成员及周边农民提供专业服务,汪宏星,武汉市陶河昌宏农家餐饮店,15,2019,新洲区,180
I,,187,徐古街,围绕农业生产经营活动为组织内成员及周边农民提供专业服务,邹玉珍,梅园酒店,15,2019,新洲区,187
I,,198,林埠小学198号,围绕农业生产经营活动为组织内成员及周边农民提供专业服务,林祥,林埠农家乐,15,2019,新洲区,198
I,,206,武汉绿宇生态农业有限公司,围绕农业生产经营活动为组织内成员及周边农民提供专业服务,林志刚,绿宇生态专业站,15,2019,新洲区,206
I,,211,新洲土特产品展销中心,围绕农业生产经营活动为组织内成员及周边农民提供专业服务,汪永峰,新洲土特产品展销中心专业站,15,2019,新洲区,211
I,,10,武汉市江夏区山坡街光明村韩家湾10号,围绕农业生产经营活动为组织内成员及周边农民提供专业服务,韩卉,？山坡湖茶场专业社？,30,2016,江夏区,10
I,,12,湖北省武汉市江夏区郑店街道劳七村九组,围绕农业生产经营活动为组织内成员及周边农民提供专业服务,徐斌,？郑店街凡华专业社？,20,2016,江夏区,12
I,,16,湖北省武汉市江夏区金水办事处,围绕农业生产经营活动为组织内成员及周边农民提供专业服务,彭传红,？金水闸楚农庄专业社？,30,2016,江夏区,16
I,,37,木兰乡同兴集村,围绕农业生产经营活动为组织内成员及周边农民提供专业服务,王才启,？武汉黄陂区木兰乡湖北牧童蓝莓农业科技发展有限公司益农社？,35,2017,黄陂区,37
I,,39,木兰乡小寨村蔡胡家乌石山,围绕农业生产经营活动为组织内成员及周边农民提供专业服务,胡庆忠,？武汉黄陂区木兰乡木兰将军寨农业发展有限公司益农社？,35,2017,黄陂区,39
I,,47,前川街吕台村管家湾,围绕农业生产经营活动为组织内成员及周边农民提供专业服务,邬飞,？武汉黄陂区前川邬飞家庭农场益农社？,35,2017,黄陂区,47
I,,52,祁家湾闵家咀村,围绕农业生产经营活动为组织内成员及周边农民提供专业服务,黄丰华,？杨林萝卜种植专业合作社益农信息社？,35,2017,黄陂区,52
I,,53,祁家湾东风村吴家店41号,围绕农业生产经营活动为组织内成员及周边农民提供专业服务,李红芬,？武汉黄陂区祁家湾宏丰家庭农场益农社？,35,2017,黄陂区,53
I,,54,祁家湾欢祁街周荣公寓,围绕农业生产经营活动为组织内成员及周边农民提供专业服务,黄继斌,？武汉黄陂区祁家湾荣畅水产益农社？,35,2017,黄陂区,54
I,,61,罗汉寺街田铺村,围绕农业生产经营活动为组织内成员及周边农民提供专业服务,林梦国,？武汉黄陂区罗汉木兰金秋农业科技发展股份有限公司益农社？,35,2017,黄陂区,61
I,,88,滠口街三闸村,围绕农业生产经营活动为组织内成员及周边农民提供专业服务,任正直,？武汉黄陂区滠口湖北正隆水产养殖有限公司益农社？,35,2017,黄陂区,88
I,,90,滠口街汉口北四季美水产批发市场A808号,围绕农业生产经营活动为组织内成员及周边农民提供专业服务,张兆嵩,？武汉黄陂区滠口松祥水产品贸易公司益农社？,35,2017,黄陂区,90
I,,100,横店街同合村村委会,围绕农业生产经营活动为组织内成员及周边农民提供专业服务,吴占,？脆甜爽荸荠专业合作社益农信息社？,35,2017,黄陂区,100
I,,111,三里桥街河边村,围绕农业生产经营活动为组织内成员及周边农民提供专业服务,卢启宏,？大潭天宏农业发展有限公司益农信息社？,35,2017,黄陂区,111
I,,129,姚集街姚家大湾,围绕农业生产经营活动为组织内成员及周边农民提供专业服务,雷星海,？星海星焕家庭农场益农信息社？,35,2017,黄陂区,129
I,,140,蔡店街方湾村,围绕农业生产经营活动为组织内成员及周边农民提供专业服务,汪明,？香逸草莓生态采摘园益农信息社？,35,2017,黄陂区,140
I,,141,蔡店街农贸市场,围绕农业生产经营活动为组织内成员及周边农民提供专业服务,丁咏松,？芯千谷农业发展有限公司益农信息社？,35,2017,黄陂区,141
I,,146,盘龙城经济开发区后湖村蒲州湾888号,围绕农业生产经营活动为组织内成员及周边农民提供专业服务,朱福林,？后湖水产养殖集团有限公司益农信息社？,20,2017,黄陂区,146
I,,174,凤凰镇新凤大道,围绕农业生产经营活动为组织内成员及周边农民提供专业服务,程能宝,武汉市新洲区凤谷农庄,15,2019,新洲区,174
I,,184,汪集街,围绕农业生产经营活动为组织内成员及周边农民提供专业服务,王英,武汉市新洲区汪集街聚集大酒店,15,2019,新洲区,184
I,,185,徐古镇茅岗村,围绕农业生产经营活动为组织内成员及周边农民提供专业服务,巴春桃,武汉市新洲区集发休闲农庄,15,2019,新洲区,185
I,,193,周铺村,围绕农业生产经营活动为组织内成员及周边农民提供专业服务,黎锋利,武汉市新洲区农家夫土灶台煨汤馆,15,2019,新洲区,193
I,,195,丰乐村,围绕农业生产经营活动为组织内成员及周边农民提供专业服务,袁惠文,紫薇山庄,15,2019,新洲区,195
I,,199,报恩寺景区,围绕农业生产经营活动为组织内成员及周边农民提供专业服务,陈金华,武汉市湖湾大院酒店管理有限公司（道观河鹰迪宾馆）,15,2019,新洲区,199
I,,204,武汉市大兴蜂业有限责任公司,围绕农业生产经营活动为组织内成员及周边农民提供专业服务,黄建生,大兴蜂业专业站,15,2019,新洲区,204
