﻿data_up_status,data_up_time,data_up_uuid,gg,jldw,lsj,lsjbz,sbdw,sbrq,spmc,sqlsj,xh
I,2021-05-20 10:20:36.0,84d5c967c08f7004adf574a945c3fb99,中等（三等）,元/50公斤,126,0,新洲区发改局,2020年9月3日,早籼稻,0,48
I,2021-05-20 10:20:36.0,7fde064f3036b0cbbefbdccbcc48775b,中等（三等）,元/50公斤,115,0,新洲区发改局,2020年9月3日,粳稻,0,51
I,2021-05-20 10:20:36.0,f52591f49f5d3d715c043ced91150114,含氮46%进口,元/公斤,*,0,新洲区发改局,2020年9月10日,尿素,0,57
I,2021-05-20 10:20:36.0,701e84a6c5120f56a636af8c1b02ea4b,含P.N.K各15%　进口,元/公斤,*,0,新洲区发改局,2020年9月10日,三元复合肥,0,59
I,2021-05-20 10:20:36.0,44da11586ec514ae85c7d2df1485aaf6,折径3.5-5米 厚0.10m±0.02,元/公斤,12,0,新洲区发改局,2020年9月10日,高压聚乙烯棚膜,0,65
I,2021-05-20 10:20:36.0,ebee812066f9ee7cbcfdd13260fc6434,含P.N.K各15%　进口,元/公斤,*,无,新洲区发改局,2020年8月22日,三元复合肥,无,3
I,2021-05-20 10:20:36.0,8a24ecadf1e1b58dafc133e8234f4a13,,元/公斤,2.6,无,新洲区发改局,2020年8月27日,复混肥,无,8
I,2021-05-20 10:20:36.0,c898d1a7e7a3e7100380ab418819655b,折径3.5-5米 厚0.10m±0.02,元/公斤,12,无,新洲区发改局,2020年8月28日,高压聚乙烯棚膜,无,9
I,2021-05-20 10:20:36.0,ce97abd57107f9f13b49010cd0f60381,国产,元/50公斤,153,无,新洲区发改局,2020年8月37日,豆粕,无,18
I,2021-05-20 10:20:36.0,8076f8bd6904e34a6de469dc56cb360f,中等（三等）,元/50公斤,128,无,新洲区发改局,2020年8月40日,中籼稻,无,21
I,2021-05-20 10:20:36.0,a21a11493c4e6e670155e0000b64c728,含P.N.K各15%　进口,元/公斤,*,0,新洲区发改局,2020年8月27日,三元复合肥,0,3
I,2021-05-20 10:20:36.0,8a24ecadf1e1b58dafc133e8234f4a13,0,元/公斤,2.6,0,新洲区发改局,2020年8月27日,复混肥,0,8
I,2021-05-20 10:20:36.0,210c9ec9339d81befb6cc45a969ceb79,折径3.5-5米 厚0.10m±0.02,元/公斤,12,0,新洲区发改局,2020年8月27日,高压聚乙烯棚膜,0,9
I,2021-05-20 10:20:36.0,565d548b5d99a076ee9051681f2c4250,国产,元/50公斤,153,0,新洲区发改局,2020年8月27日,豆粕,0,18
I,2021-05-20 10:20:36.0,6405150d280c584f862c82d911c66b1b,中等（三等）,元/50公斤,128,0,新洲区发改局,2020年8月27日,中籼稻,0,21
I,2021-05-20 10:20:36.0,3b1f1772303c5dc5b5fc481716658ed7,含P.N.K各15%　国产,元/公斤,3.1,0,新洲区发改局,2020年9月3日,三元复合肥,0,32
I,2021-05-20 10:20:36.0,43fe2b617973a63a9640495bafcbad31,0,元/公斤,2.6,0,新洲区发改局,2020年9月3日,复混肥,0,36
I,2021-05-20 10:20:36.0,62e82373f26b161bb4757f928b66467b,1.8%乳油瓶装,元/100毫升,5,0,新洲区发改局,2020年9月3日,阿维菌素,0,40
I,2021-05-20 10:20:36.0,293ef25bcf3e4246fe5975dc2d1708f6,国产,元/50公斤,153,0,新洲区发改局,2020年9月3日,豆粕,0,46
I,2021-05-20 10:20:36.0,d4c6f68b749b544658416f84769ac4ed,中等（三等）,元/50公斤,"133.00 ",0,新洲区发改局,2020年10月15日,中籼稻,0,21
I,2021-05-20 10:20:36.0,e21510cab8ef41ad6be004f5660965b9,含P.N.K各15%　国产,元/公斤,"3.10 ",0,新洲区发改局,2020年10月22日,三元复合肥,0,32
I,2021-05-20 10:20:36.0,97bcb8782233f412912697d508642949,,元/公斤,"2.60 ",0,新洲区发改局,2020年10月22日,复混肥,0,36
I,2021-05-20 10:20:36.0,be47b5b43efd6879b555a7374ec8d2c8,含氮46%进口,元/公斤,*,0,新洲区发改局,2020年10月30日,尿素,0,57
I,2021-05-20 10:20:36.0,75fdea92eb4772bf87d64b3e52cbc377,含P.N.K各15%　进口,元/公斤,*,0,新洲区发改局,2020年10月30日,三元复合肥,0,59
I,2021-05-20 10:20:36.0,26dd70298750016152f3ec1f50ea2ac7,折径3.5-5米 厚0.10m±0.02,元/公斤,"12.00 ",0,新洲区发改局,2020年10月30日,高压聚乙烯棚膜,0,65
I,2021-05-20 10:20:36.0,c8622dd2bd52bdc0e368ea07c89257b0,1.8%乳油瓶装,元/100毫升,"5.00 ",0,新洲区发改局,2020年10月22日,阿维菌素,0,40
I,2021-05-20 10:20:36.0,2ac86bd8cd4c0a7024cde86602f9570c,国产,元/50公斤,"165.00 ",0,新洲区发改局,2020年10月22日,豆粕,0,46
I,2021-05-20 10:20:36.0,cc201ae6936e9d58391d5e5f6ffb4023,中等（三等）,元/50公斤,"128.00 ",0,新洲区发改局,2020年10月22日,早籼稻,0,48
I,2021-05-20 10:20:36.0,9b095f787b80c666db6c96026f165950,中等（三等）,元/50公斤,"115.00 ",0,新洲区发改局,2020年10月22日,粳稻,0,51
I,2021-05-20 10:20:36.0,fd3b50561bd5e74d9e80ae557a6c4305,含P.N.K各15%　进口,元/公斤,*,0,新洲区发改局,2020年9月24日,三元复合肥,0,3
I,2021-05-20 10:20:36.0,f65ae4ea22c5520d0649f8b09075238b,0,元/公斤,2.6,0,新洲区发改局,2020年9月24日,复混肥,0,8
I,2021-05-20 10:20:36.0,7fe2d464d7dd188c522e1ca9f640700b,折径3.5-5米 厚0.10m±0.02,元/公斤,12,0,新洲区发改局,2020年9月24日,高压聚乙烯棚膜,0,9
I,2021-05-20 10:20:36.0,a07c3457349f793ef514493e5317cfce,国产,元/50公斤,153,0,新洲区发改局,2020年9月24日,豆粕,0,18
I,2021-05-20 10:20:36.0,9f9cfad203625a45ff68da75885acb8d,中等（三等）,元/50公斤,132,0,新洲区发改局,2020年9月24日,中籼稻,0,21
I,2021-05-20 10:20:36.0,646696bbde2948e931f30fa3cb1fb3d2,含P.N.K各15%　国产,元/公斤,3.1,0,新洲区发改局,2020年9月30日,三元复合肥,0,32
I,2021-05-20 10:20:36.0,0fffb91fd215bd6fa202fe98a01fbc08,0,元/公斤,2.6,0,新洲区发改局,2020年9月30日,复混肥,0,36
I,2021-05-20 10:20:36.0,6238acd79f9d02e2c67e3814d86c3ee8,1.8%乳油瓶装,元/100毫升,5,0,新洲区发改局,2020年9月30日,阿维菌素,0,40
I,2021-05-20 10:20:36.0,6e4e16cd86158e78b383017c6acedcd2,国产,元/50公斤,153,0,新洲区发改局,2020年9月30日,豆粕,0,46
I,2021-05-20 10:20:36.0,ec969fae1cc93e5870118cfd195a88ae,中等（三等）,元/50公斤,128,0,新洲区发改局,2020年9月30日,早籼稻,0,48
I,2021-05-20 10:20:36.0,33768a0712c1378cf7b739752f317dc1,中等（三等）,元/50公斤,115,0,新洲区发改局,2020年9月30日,粳稻,0,51
I,2021-05-20 10:20:36.0,b50bb67ea0df99b16f8a021959bfdacc,含P.N.K各15%　进口,元/公斤,*,0,新洲区发改局,2020年10月15日,三元复合肥,0,3
I,2021-05-20 10:20:36.0,4c9a7a8d5fadb30f44a9c8118900db4e,,元/公斤,"2.60 ",0,新洲区发改局,2020年10月15日,复混肥,0,8
I,2021-05-20 10:20:36.0,31a2cbb35275354bfc30ef569893e7d3,折径3.5-5米 厚0.10m±0.02,元/公斤,"12.00 ",0,新洲区发改局,2020年10月15日,高压聚乙烯棚膜,0,9
I,2021-05-20 10:20:36.0,47e7c0395a184939142be36ce7bb480b,国产,元/50公斤,"165.00 ",0,新洲区发改局,2020年10月15日,豆粕,0,18
I,2021-05-20 10:20:36.0,b6ced96e48ad8489e716d4b34ccb6f5b,折径3.5-5米 厚0.10m±0.02,元/公斤,"12.00 ",0,新洲区发改局,2020年11月04日,高压聚乙烯棚膜,0,93
I,2021-05-20 10:20:36.0,d068a3c9aff8a91900b1e2b1fc1cc848,国产,元/50公斤,"81.00 ",0,新洲区发改局,2020年11月04日,麦麸,0,103
I,2021-05-20 10:20:36.0,c7c2755f723daadbccc30b71e55fbcae,中等（三等）,元/50公斤,"128.00 ",0,新洲区发改局,2020年11月04日,早籼稻,0,104
I,2021-05-20 10:20:36.0,4ad6e41309c9e2a74b5733a754b2a193,中等,元/50公斤,"280.00 ",0,新洲区发改局,2020年11月04日,籽棉,0,112
I,2021-05-20 10:20:36.0,e2c36fffd5cea4de1960c2f7fad9c60a,含磷12%国产,元/公斤,"0.61 ",0,新洲区发改局,2020年11月13日,过磷酸钙,0,119
I,2021-05-20 10:20:36.0,c89bbf8da08534590ff635287ddf7223,1.8%乳油瓶装,元/100毫升,"5.00 ",0,新洲区发改局,2020年11月13日,阿维菌素,0,124
I,2021-05-20 10:20:36.0,ba263fa937b6e03f228125ed4ab911f3,41%水剂瓶装,元/100毫升,*,0,新洲区发改局,2020年11月13日,草甘膦异丙胺盐,0,126
I,2021-05-20 10:20:36.0,1c4c5e8dd0bdd38b4390e6d41dabf6c0,中等（三等）,元/50公斤,"128.00 ",0,新洲区发改局,2020年11月13日,早籼稻,0,132
I,2021-05-20 10:20:36.0,5c8e9c7d49a9d00cb26bfe6a3e98a39c,中等（三等）,元/50公斤,"136.00 ",0,新洲区发改局,2020年11月13日,晚籼稻,0,134
I,2021-05-20 10:20:36.0,88bc7d81c98d5636a38bf3d3bfefd735,含氮46%进口,元/公斤,*,无,新洲区发改局,2020年8月20日,尿素,无,1
I,2021-05-20 10:20:36.0,9b87209460c4881c7edc59ce03806a7d,含磷12%国产,元/公斤,0.61,无,新洲区发改局,2020年8月26日,过磷酸钙,无,7
I,2021-05-20 10:20:36.0,c68ccb02ea4404bf76c91f785f77c0c0,含氮46%进口,元/公斤,*,0,新洲区发改局,2020年8月27日,尿素,0,1
I,2021-05-20 10:20:36.0,5fbfc94115e01b372d8f0b2bca4a530f,含磷12%国产,元/公斤,0.61,0,新洲区发改局,2020年8月27日,过磷酸钙,0,7
I,2021-05-20 10:20:36.0,c20ce74df62c731a2290c9b2f14f4896,中等（三等）,元/50公斤,128,0,新洲区发改局,2020年9月10日,中籼稻,0,77
I,2021-05-20 10:20:36.0,cb811db1a25bbb70a033609636b4cb7a,中等（三等）,元/50公斤,115,0,新洲区发改局,2020年9月10日,粳稻,0,79
I,2021-05-20 10:20:36.0,b46bc04a8405c0e0d9648d51e1de3d76,中等（三等）,元/50公斤,*,0,新洲区发改局,2020年9月10日,大豆,0,82
I,2021-05-20 10:20:36.0,57d0ca5aacf94a52898bae398c7a11fe,含氮46%进口,元/公斤,*,0,新洲区发改局,2020年9月24日,尿素,0,1
I,2021-05-20 10:20:36.0,bf134fa51b77afaddd305d1da0a2a07c,含磷12%国产,元/公斤,0.61,0,新洲区发改局,2020年9月24日,过磷酸钙,0,7
I,2021-05-20 10:20:36.0,bc0fa591182f7cea813963c4fb3fe822,含氮46%进口,元/公斤,*,0,新洲区发改局,2020年10月15日,尿素,0,1
I,2021-05-20 10:20:36.0,22a5604f52e1eac7ac77560408c75f9b,含磷12%国产,元/公斤,"0.61 ",0,新洲区发改局,2020年10月15日,过磷酸钙,0,7
I,2021-05-20 10:20:36.0,9f992fcd70dfae6abbb31c5ae5fffdb3,中等（三等）,元/50公斤,"133.00 ",0,新洲区发改局,2020年10月30日,中籼稻,0,77
I,2021-05-20 10:20:36.0,ac6c88fc88ff23cdfe3836663adc9072,中等（三等）,元/50公斤,"115.00 ",0,新洲区发改局,2020年10月30日,粳稻,0,79
I,2021-05-20 10:20:36.0,57bafbd0c499fadea7599925ca35aaec,中等（三等）,元/50公斤,*,0,新洲区发改局,2020年10月30日,大豆,0,82
I,2021-05-20 10:20:36.0,bdd399aa0dfbc7bf95b2549b1a7c5e27,含氧化钾50-60%国产,元/公斤,"3.00 ",0,新洲区发改局,2020年11月04日,氯化钾,0,89
I,2021-05-20 10:20:36.0,d83f32e8b8ff755fad4972801e33208b,41%水剂瓶装,元/100毫升,*,0,新洲区发改局,2020年11月04日,草甘膦异丙胺盐,0,98
I,2021-05-20 10:20:36.0,0df350024ba05d37420562c03b8ff839,中等（三等）,元/50公斤,"133.00 ",0,新洲区发改局,2020年11月04日,中籼稻,0,105
I,2021-05-20 10:20:36.0,dd33dc20cc0531b0f19b76428d30595e,中等（三等）,元/50公斤,"136.00 ",0,新洲区发改局,2020年11月04日,晚籼稻,0,106
I,2021-05-20 10:20:36.0,87aeed66ba7781adf395d5dcc762dc22,中等（三等）,元/50公斤,*,0,新洲区发改局,2020年11月04日,红小麦,0,108
I,2021-05-20 10:20:36.0,261a3da93d98905b5fe8046690cfbc35,含氮46%进口,元/公斤,*,0,新洲区发改局,2020年11月13日,尿素,0,113
I,2021-05-20 10:20:36.0,6c0bc7e5b711412422d1884468d0926b,含P.N.K各15%　进口,元/公斤,*,0,新洲区发改局,2020年11月13日,三元复合肥,0,115
I,2021-05-20 10:20:36.0,6c0bc7e5b711412422d1884468d0926b,含P.N.K各15%　国产,元/公斤,"3.10 ",0,新洲区发改局,2020年11月13日,三元复合肥,0,116
I,2021-05-20 10:20:36.0,830a5cf1ab9275f49c2ebd4c069d4a35,含氮17%以上 水分≤3.5%国产,元/公斤,"0.90 ",0,新洲区发改局,2020年11月13日,碳酸氢铵,0,118
I,2021-05-20 10:20:36.0,467e9f4aeb25222e20469aa51e519e3f,中等（三等）,元/50公斤,"250.00 ",0,新洲区发改局,2020年11月13日,油菜籽,0,139
I,2021-05-20 10:20:36.0,a73416758db28c43ae3054b5f953cb54,中等（三等）,元/50公斤,128,0,新洲区发改局,2020年9月3日,晚籼稻,0,50
I,2021-05-20 10:20:36.0,701e84a6c5120f56a636af8c1b02ea4b,含P.N.K各15%　国产,元/公斤,3.1,0,新洲区发改局,2020年9月10日,三元复合肥,0,60
I,2021-05-20 10:20:36.0,2c91f57ef9af3060f9a7ef4b6d4c67a6,含氮46%国产,元/公斤,2.6,无,新洲区发改局,2020年8月21日,尿素,无,2
I,2021-05-20 10:20:36.0,d07dbec064447805bf6f3e07889f4d22,含氧化钾50-60%国产,元/公斤,3,无,新洲区发改局,2020年8月24日,氯化钾,无,5
I,2021-05-20 10:20:36.0,e1fe24facd6473b34cf1a04ff9054902,中等（三等）,元/50公斤,126,无,新洲区发改局,2020年8月39日,早籼稻,无,20
I,2021-05-20 10:20:36.0,06bfe6cd0accf59a48f190d6fb3454f5,中等（三等）,元/50公斤,*,无,新洲区发改局,2020年8月43日,红小麦,无,24
I,2021-05-20 10:20:36.0,c68ccb02ea4404bf76c91f785f77c0c0,含氮46%国产,元/公斤,2.6,0,新洲区发改局,2020年8月27日,尿素,0,2
I,2021-05-20 10:20:36.0,07b7a0334c05f808acbb51bd0116f6c3,含氧化钾50-60%国产,元/公斤,3,0,新洲区发改局,2020年8月27日,氯化钾,0,5
I,2021-05-20 10:20:36.0,00ad5cce3d48f1300e965609a38bcd6c,中等（三等）,元/50公斤,126,0,新洲区发改局,2020年8月27日,早籼稻,0,20
I,2021-05-20 10:20:36.0,f009e360ae31231f1238316ef8eda057,中等（三等）,元/50公斤,*,0,新洲区发改局,2020年8月27日,红小麦,0,24
I,2021-05-20 10:20:36.0,7f7904a3348cd7667ca4416d9b71e562,41%水剂瓶装,元/100毫升,*,0,新洲区发改局,2020年9月3日,草甘膦异丙胺盐,0,42
I,2021-05-20 10:20:36.0,9e56adf14d5c06464131dea3f7b42fd4,50%可湿性粉剂,元/公斤,40,0,新洲区发改局,2020年9月3日,多菌灵,0,45
I,2021-05-20 10:20:36.0,a1f2bd392280105daf866bd745b654e4,中等（三等）,元/50公斤,"128.00 ",0,新洲区发改局,2020年10月15日,早籼稻,0,20
I,2021-05-20 10:20:36.0,85f7db115f6d654b241362f896c1e3a8,中等（三等）,元/50公斤,*,0,新洲区发改局,2020年10月15日,红小麦,0,24
I,2021-05-20 10:20:36.0,75fdea92eb4772bf87d64b3e52cbc377,含P.N.K各15%　国产,元/公斤,"3.10 ",0,新洲区发改局,2020年10月30日,三元复合肥,0,60
I,2021-05-20 10:20:36.0,d3eff2d86bad982eadacada40ac490ea,41%水剂瓶装,元/100毫升,*,0,新洲区发改局,2020年10月30日,草甘膦异丙胺盐,0,70
I,2021-05-20 10:20:36.0,0fd9a9592073c94b5d3e74769eb95888,41%水剂瓶装,元/100毫升,*,0,新洲区发改局,2020年10月22日,草甘膦异丙胺盐,0,42
I,2021-05-20 10:20:36.0,5672f6de92c6aea5b5d2fd2038944f24,50%可湿性粉剂,元/公斤,"40.00 ",0,新洲区发改局,2020年10月22日,多菌灵,0,45
I,2021-05-20 10:20:36.0,200a1d010a47c148a070fe475c9198df,中等（三等）,元/50公斤,"136.00 ",0,新洲区发改局,2020年10月22日,晚籼稻,0,50
I,2021-05-20 10:20:36.0,934c342f1e9d929cfb9fd370bb2486bb,41%水剂瓶装,元/100毫升,*,0,新洲区发改局,2020年9月10日,草甘膦异丙胺盐,0,70
I,2021-05-20 10:20:36.0,45f7270abffe71e1d4a26ca40bd27eb7,国产,元/50公斤,153,0,新洲区发改局,2020年9月10日,豆粕,0,74
I,2021-05-20 10:20:36.0,7c2d8f83ef546c6b49e8b30da635395b,国产,元/50公斤,80.5,0,新洲区发改局,2020年9月10日,麦麸,0,75
I,2021-05-20 10:20:36.0,1d865eb9f35fca05f79fe088b5b654a0,中等（三等）,元/50公斤,*,0,新洲区发改局,2020年9月10日,红小麦,0,80
I,2021-05-20 10:20:36.0,57d0ca5aacf94a52898bae398c7a11fe,含氮46%国产,元/公斤,2.6,0,新洲区发改局,2020年9月24日,尿素,0,2
I,2021-05-20 10:20:36.0,04d34526bc8d6cfe5c755455a12551bd,含氧化钾50-60%国产,元/公斤,3,0,新洲区发改局,2020年9月24日,氯化钾,0,5
I,2021-05-20 10:20:36.0,466f4f087c7d30a180efb5e25f1d1b2d,中等（三等）,元/50公斤,128,0,新洲区发改局,2020年9月24日,早籼稻,0,20
I,2021-05-20 10:20:36.0,553360ef4d8d288585ecd9ad495f246c,中等（三等）,元/50公斤,*,0,新洲区发改局,2020年9月24日,红小麦,0,24
I,2021-05-20 10:20:36.0,e7f87668a51f9401e9237f1429c97fa9,41%水剂瓶装,元/100毫升,*,0,新洲区发改局,2020年9月30日,草甘膦异丙胺盐,0,42
I,2021-05-20 10:20:36.0,0aa72da0cedb35856a76cf5b3f7d1677,50%可湿性粉剂,元/公斤,40,0,新洲区发改局,2020年9月30日,多菌灵,0,45
I,2021-05-20 10:20:36.0,d6d11370f70a1100c750f1d529faf3f1,中等（三等）,元/50公斤,136,0,新洲区发改局,2020年9月30日,晚籼稻,0,50
I,2021-05-20 10:20:36.0,bc0fa591182f7cea813963c4fb3fe822,含氮46%国产,元/公斤,"2.60 ",0,新洲区发改局,2020年10月15日,尿素,0,2
I,2021-05-20 10:20:36.0,f76105367be54ad35e5d70379effb918,含氧化钾50-60%国产,元/公斤,"3.00 ",0,新洲区发改局,2020年10月15日,氯化钾,0,5
I,2021-05-20 10:20:36.0,bc0ae69f36605a09728c7a8c76d1a4ad,国产,元/50公斤,"170.00 ",0,新洲区发改局,2020年10月30日,豆粕,0,74
I,2021-05-20 10:20:36.0,0a1c065ec55d0f3862bd3980738d1005,国产,元/50公斤,"81.00 ",0,新洲区发改局,2020年10月30日,麦麸,0,75
I,2021-05-20 10:20:36.0,29b5cfa9b3a6d6ad8321ac133e698bdb,中等（三等）,元/50公斤,*,0,新洲区发改局,2020年10月30日,红小麦,0,80
I,2021-05-20 10:20:36.0,da1be57d5c5eeb82656349a96e557a58,含P.N.K各15%　进口,元/公斤,*,0,新洲区发改局,2020年11月04日,三元复合肥,0,87
I,2021-05-20 10:20:36.0,cca5366a4cdbfde5530d1b22c1635d04,厚0.14mm±0.02,元/公斤,"11.00 ",0,新洲区发改局,2020年11月04日,高压聚乙烯地膜,0,94
I,2021-05-20 10:20:36.0,dbf26a20a85db97155a8a8df4085b85e,国产,元/50公斤,"170.00 ",0,新洲区发改局,2020年11月04日,豆粕,0,102
I,2021-05-20 10:20:36.0,3a9d63ca2cb1f2ae05753409a3f3cc03,,元/公斤,"2.60 ",0,新洲区发改局,2020年11月13日,复混肥,0,120
I,2021-05-20 10:20:36.0,f76a92d4ea5ef370be98494090048d6b,900克/升乳油瓶装,元/100毫升,"6.00 ",0,新洲区发改局,2020年11月13日,乙草胺,0,127
I,2021-05-20 10:20:36.0,6073596ceed5296576da672976a9b4b2,中等（三等）,元/50公斤,*,0,新洲区发改局,2020年11月13日,大豆,0,138
I,2021-05-20 10:20:36.0,f52591f49f5d3d715c043ced91150114,含氮46%国产,元/公斤,2.6,0,新洲区发改局,2020年9月10日,尿素,0,58
I,2021-05-20 10:20:36.0,a5848b605210491f73b1fd290c9c4cc5,41%水剂瓶装,元/100毫升,*,无,新洲区发改局,2020年8月33日,草甘膦异丙胺盐,无,14
I,2021-05-20 10:20:36.0,286ed687299ad32ed839745ddda294d7,50%可湿性粉剂,元/公斤,40,无,新洲区发改局,2020年8月36日,多菌灵,无,17
I,2021-05-20 10:20:36.0,96d46d8e250624859d07fd9b0764fe6e,国产,元/50公斤,80.5,无,新洲区发改局,2020年8月38日,麦麸,无,19
I,2021-05-20 10:20:36.0,1f0ddcb936903628538a653d9549570b,中等（三等）,元/50公斤,115,无,新洲区发改局,2020年8月42日,粳稻,无,23
I,2021-05-20 10:20:36.0,e7464fc9a7f344ff21166b58cfebf12f,41%水剂瓶装,元/100毫升,*,0,新洲区发改局,2020年8月27日,草甘膦异丙胺盐,0,14
I,2021-05-20 10:20:36.0,506d5dd274d4226cd68c3c7222b2a3e7,50%可湿性粉剂,元/公斤,40,0,新洲区发改局,2020年8月27日,多菌灵,0,17
I,2021-05-20 10:20:36.0,acfa37dddd61072d4280738dc71c489f,国产,元/50公斤,80.5,0,新洲区发改局,2020年8月27日,麦麸,0,19
I,2021-05-20 10:20:36.0,8fc96121139bc6d98e0818a00a794c2f,中等（三等）,元/50公斤,115,0,新洲区发改局,2020年8月27日,粳稻,0,23
I,2021-05-20 10:20:36.0,4d3ae3dabb3087f7bf8fa8167ad7f48a,含氮17%以上 水分≤3.5%国产,元/公斤,0.9,0,新洲区发改局,2020年9月3日,碳酸氢铵,0,34
I,2021-05-20 10:20:36.0,f87be8bb498f5b599ec1d6b5728b41e6,厚0.14mm±0.02,元/公斤,11,0,新洲区发改局,2020年9月3日,高压聚乙烯地膜,0,38
I,2021-05-20 10:20:36.0,1c4d4d21eb7bf7eb3d67f37a21db2e22,80%可湿性粉剂袋装,元/千克,80,0,新洲区发改局,2020年9月3日,代森锰锌,0,44
I,2021-05-20 10:20:36.0,a205b2abd894571e15033bba06153342,中等（三等）,元/50公斤,"115.00 ",0,新洲区发改局,2020年10月15日,粳稻,0,23
I,2021-05-20 10:20:36.0,9b873e485980479c9f1755bba5d800f9,含氮17%以上 水分≤3.5%国产,元/公斤,"0.90 ",0,新洲区发改局,2020年10月22日,碳酸氢铵,0,34
I,2021-05-20 10:20:36.0,68b5b238f3e2eaa9ae3c69768ead895e,厚0.14mm±0.02,元/公斤,"11.00 ",0,新洲区发改局,2020年10月22日,高压聚乙烯地膜,0,38
I,2021-05-20 10:20:36.0,be47b5b43efd6879b555a7374ec8d2c8,含氮46%国产,元/公斤,"2.60 ",0,新洲区发改局,2020年10月30日,尿素,0,58
I,2021-05-20 10:20:36.0,269259220a62336c0119d37f80f2295a,480克/升乳油瓶装,元/500克,*,0,新洲区发改局,2020年10月30日,毒死蜱,0,67
I,2021-05-20 10:20:36.0,7503d485520e21dbb76e244dd9960412,900克/升乳油瓶装,元/100毫升,"6.00 ",0,新洲区发改局,2020年10月30日,乙草胺,0,71
I,2021-05-20 10:20:36.0,aaf993085209678b521b19a7e7fae0be,80%可湿性粉剂袋装,元/千克,"80.00 ",0,新洲区发改局,2020年10月22日,代森锰锌,0,44
I,2021-05-20 10:20:36.0,dd6d502d827784a8752397dc057f4976,480克/升乳油瓶装,元/500克,*,0,新洲区发改局,2020年9月10日,毒死蜱,0,67
I,2021-05-20 10:20:36.0,fa37b7bebcc0b6af196fc90d35738b4f,900克/升乳油瓶装,元/100毫升,6,0,新洲区发改局,2020年9月10日,乙草胺,0,71
I,2021-05-20 10:20:36.0,7aef152b5bf79e4697fdeaf2d3ee5fd1,41%水剂瓶装,元/100毫升,*,0,新洲区发改局,2020年9月24日,草甘膦异丙胺盐,0,14
I,2021-05-20 10:20:36.0,bfb03edd0ff4deedec88b47d41862ef4,50%可湿性粉剂,元/公斤,40,0,新洲区发改局,2020年9月24日,多菌灵,0,17
I,2021-05-20 10:20:36.0,92b2d096221a869470a951b301ab21c3,国产,元/50公斤,80.5,0,新洲区发改局,2020年9月24日,麦麸,0,19
I,2021-05-20 10:20:36.0,8f8bf23439fa4d72bf560866d8c38d06,中等（三等）,元/50公斤,115,0,新洲区发改局,2020年9月24日,粳稻,0,23
I,2021-05-20 10:20:36.0,68f4b4212b62503a06147f77e678d085,含氮17%以上 水分≤3.5%国产,元/公斤,0.9,0,新洲区发改局,2020年9月30日,碳酸氢铵,0,34
I,2021-05-20 10:20:36.0,59ec379a2104a1ffd2104fc9c35492a8,厚0.14mm±0.02,元/公斤,11,0,新洲区发改局,2020年9月30日,高压聚乙烯地膜,0,38
I,2021-05-20 10:20:36.0,d79e46adca31a008e7c93a382365b184,80%可湿性粉剂袋装,元/千克,80,0,新洲区发改局,2020年9月30日,代森锰锌,0,44
I,2021-05-20 10:20:36.0,37f71b514a1a601718d2f3a147636b99,41%水剂瓶装,元/100毫升,*,0,新洲区发改局,2020年10月15日,草甘膦异丙胺盐,0,14
I,2021-05-20 10:20:36.0,b780d259ad650168dfbf6b4925753b3e,50%可湿性粉剂,元/公斤,"40.00 ",0,新洲区发改局,2020年10月15日,多菌灵,0,17
I,2021-05-20 10:20:36.0,54ec3b52a2fe8cf7921527a56852aa15,国产,元/50公斤,"80.50 ",0,新洲区发改局,2020年10月15日,麦麸,0,19
I,2021-05-20 10:20:36.0,289fdad68687841d8e49c2842b263f8a,含氮46%进口,元/公斤,*,0,新洲区发改局,2020年11月04日,尿素,0,85
I,2021-05-20 10:20:36.0,39715ffd0df6f7a961b3be6ec7c75d36,10%可湿性粉剂袋装,元/8克,"1.50 ",0,新洲区发改局,2020年11月04日,吡虫啉,0,97
I,2021-05-20 10:20:36.0,8c6d6624eb182a9460e6010cae50fdb6,厚0.14mm±0.02,元/公斤,"11.00 ",0,新洲区发改局,2020年11月13日,高压聚乙烯地膜,0,122
I,2021-05-20 10:20:36.0,82ef56b9dda199cc2a32f2733a5e19b6,480克/升乳油瓶装,元/500克,*,0,新洲区发改局,2020年11月13日,毒死蜱,0,123
I,2021-05-20 10:20:36.0,e9bc45a41b0313e52cdc01cfcdcf7e33,0,元/公斤,2.6,0,新洲区发改局,2020年9月10日,复混肥,0,64
I,2021-05-20 10:20:36.0,a0af6cf9ff0c9c0648f715b8fa6ccd9d,含P.N.K各15%　国产,元/公斤,3.1,无,新洲区发改局,2020年8月23日,三元复合肥,无,4
I,2021-05-20 10:20:36.0,2b03ead99a5d6725c3f1df5fbd3e41f1,含氮17%以上 水分≤3.5%国产,元/公斤,0.9,无,新洲区发改局,2020年8月25日,碳酸氢铵,无,6
I,2021-05-20 10:20:36.0,f562e64fc3ff61aaf585b266e39d4c9f,10%可湿性粉剂袋装,元/8克,1.5,无,新洲区发改局,2020年8月32日,吡虫啉,无,13
I,2021-05-20 10:20:36.0,489b4c872957ee61d9b3ce294adaad36,900克/升乳油瓶装,元/100毫升,6,无,新洲区发改局,2020年8月34日,乙草胺,无,15
I,2021-05-20 10:20:36.0,57c8e03b5070a059637a0a41cc4a5005,中等（三等）,元/50公斤,250,无,新洲区发改局,2020年8月46日,油菜籽,无,27
I,2021-05-20 10:20:36.0,54a0eec7589d279e54940ac50a39df82,中等,元/50公斤,280,无,新洲区发改局,2020年8月47日,籽棉,无,28
I,2021-05-20 10:20:36.0,a21a11493c4e6e670155e0000b64c728,含P.N.K各15%　国产,元/公斤,3.1,0,新洲区发改局,2020年8月27日,三元复合肥,0,4
I,2021-05-20 10:20:36.0,f12331e015c28a77538c3f0406350224,含氮17%以上 水分≤3.5%国产,元/公斤,0.9,0,新洲区发改局,2020年8月27日,碳酸氢铵,0,6
I,2021-05-20 10:20:36.0,ad35372c66c0e2708c4049ef2279f612,10%可湿性粉剂袋装,元/8克,1.5,0,新洲区发改局,2020年8月27日,吡虫啉,0,13
I,2021-05-20 10:20:36.0,d1db385c95660a634caa656ea24c77b8,900克/升乳油瓶装,元/100毫升,6,0,新洲区发改局,2020年8月27日,乙草胺,0,15
I,2021-05-20 10:20:36.0,3cbc4be7655340e4445345976cbce415,中等（三等）,元/50公斤,250,0,新洲区发改局,2020年8月27日,油菜籽,0,27
I,2021-05-20 10:20:36.0,e08ef582ef54ebd1e66e39a988186502,中等,元/50公斤,280,0,新洲区发改局,2020年8月27日,籽棉,0,28
I,2021-05-20 10:20:36.0,7d0a4193b3e5f502429701cd11982c1f,含氮46%国产,元/公斤,2.6,0,新洲区发改局,2020年9月3日,尿素,0,30
I,2021-05-20 10:20:36.0,fd9dc3edec4c5087f67c9602ab8dcb2a,含磷12%国产,元/公斤,0.61,0,新洲区发改局,2020年9月3日,过磷酸钙,0,35
I,2021-05-20 10:20:36.0,85b11dee9583f59e52f576f3a8953b92,中等（三等）,元/50公斤,"250.00 ",0,新洲区发改局,2020年10月15日,油菜籽,0,27
I,2021-05-20 10:20:36.0,5957a39ad9189f69d2eb8e100d178b8c,中等,元/50公斤,"280.00 ",0,新洲区发改局,2020年10月15日,籽棉,0,28
I,2021-05-20 10:20:36.0,462f52513df74962c64b58d4bb943c74,含氮46%国产,元/公斤,"2.60 ",0,新洲区发改局,2020年10月22日,尿素,0,30
I,2021-05-20 10:20:36.0,75986a9217cf1bc5149e5b7068629cae,含磷12%国产,元/公斤,"0.61 ",0,新洲区发改局,2020年10月22日,过磷酸钙,0,35
I,2021-05-20 10:20:36.0,2fe60382b9248c27685218cad3cafac0,,元/公斤,"2.60 ",0,新洲区发改局,2020年10月30日,复混肥,0,64
I,2021-05-20 10:20:36.0,9123d0cef6fc066c7ad7e1e8bdea5596,80%可湿性粉剂袋装,元/千克,"80.00 ",0,新洲区发改局,2020年10月30日,代森锰锌,0,72
I,2021-05-20 10:20:36.0,896df1d6286328fb489b433b9cb799f6,80%可湿性粉剂袋装,元/千克,80,0,新洲区发改局,2020年9月10日,代森锰锌,0,72
I,2021-05-20 10:20:36.0,1a3dbdf600b3995f7ffd14c88fbc2151,中等（三等）,元/50公斤,126,0,新洲区发改局,2020年9月10日,早籼稻,0,76
I,2021-05-20 10:20:36.0,2a999caf8fbb5bd0301bc568c7f623f3,中等（三等）,元/50公斤,128,0,新洲区发改局,2020年9月10日,晚籼稻,0,78
I,2021-05-20 10:20:36.0,4d01a89013667a121123817d2b125dc6,中等（三等）,元/50公斤,250,0,新洲区发改局,2020年9月10日,油菜籽,0,83
I,2021-05-20 10:20:36.0,9ae0c73a046f84f85c5d0ee204a0a01e,中等,元/50公斤,280,0,新洲区发改局,2020年9月10日,籽棉,0,84
I,2021-05-20 10:20:36.0,fd3b50561bd5e74d9e80ae557a6c4305,含P.N.K各15%　国产,元/公斤,3.1,0,新洲区发改局,2020年9月24日,三元复合肥,0,4
I,2021-05-20 10:20:36.0,aaa2f386b1845de41bd85e6b1e2bebdc,含氮17%以上 水分≤3.5%国产,元/公斤,0.9,0,新洲区发改局,2020年9月24日,碳酸氢铵,0,6
I,2021-05-20 10:20:36.0,f1c5b798845d584d0b675d257a8a3d1e,10%可湿性粉剂袋装,元/8克,1.5,0,新洲区发改局,2020年9月24日,吡虫啉,0,13
I,2021-05-20 10:20:36.0,1cbe45e64213e2092c654c2e03f04dda,900克/升乳油瓶装,元/100毫升,6,0,新洲区发改局,2020年9月24日,乙草胺,0,15
I,2021-05-20 10:20:36.0,f9c1d157ca2f545289d35b0f4e18a8ec,中等（三等）,元/50公斤,250,0,新洲区发改局,2020年9月24日,油菜籽,0,27
I,2021-05-20 10:20:36.0,aa9b8247ab7e3c26bca2f0c704fd13ab,中等,元/50公斤,280,0,新洲区发改局,2020年9月24日,籽棉,0,28
I,2021-05-20 10:20:36.0,789454d0e75b02b7e50b9c21139387db,含氮46%国产,元/公斤,2.6,0,新洲区发改局,2020年9月30日,尿素,0,30
I,2021-05-20 10:20:36.0,ab6300ea5bca85323b25021c9905bb23,含磷12%国产,元/公斤,0.61,0,新洲区发改局,2020年9月30日,过磷酸钙,0,35
I,2021-05-20 10:20:36.0,b50bb67ea0df99b16f8a021959bfdacc,含P.N.K各15%　国产,元/公斤,"3.10 ",0,新洲区发改局,2020年10月15日,三元复合肥,0,4
I,2021-05-20 10:20:36.0,46ed3d2c2f7f5d48f9465bfb0292a692,含氮17%以上 水分≤3.5%国产,元/公斤,"0.90 ",0,新洲区发改局,2020年10月15日,碳酸氢铵,0,6
I,2021-05-20 10:20:36.0,186d5c779fd6783977a9607f6b0e9e1e,10%可湿性粉剂袋装,元/8克,"1.50 ",0,新洲区发改局,2020年10月15日,吡虫啉,0,13
I,2021-05-20 10:20:36.0,d7a04414b2010f1191dfcb34475428de,900克/升乳油瓶装,元/100毫升,"6.00 ",0,新洲区发改局,2020年10月15日,乙草胺,0,15
I,2021-05-20 10:20:36.0,f7f3a82d11d99079cc7d1bc26e746199,中等（三等）,元/50公斤,"128.00 ",0,新洲区发改局,2020年10月30日,早籼稻,0,76
I,2021-05-20 10:20:36.0,ab526e7b098dac67d714118e2c18b1de,中等（三等）,元/50公斤,"136.00 ",0,新洲区发改局,2020年10月30日,晚籼稻,0,78
I,2021-05-20 10:20:36.0,15f6e980d81da348cff2956cf91bc4c8,中等（三等）,元/50公斤,"250.00 ",0,新洲区发改局,2020年10月30日,油菜籽,0,83
I,2021-05-20 10:20:36.0,b8178beb9924148a79cef73444cf0ebb,中等,元/50公斤,"280.00 ",0,新洲区发改局,2020年10月30日,籽棉,0,84
I,2021-05-20 10:20:36.0,289fdad68687841d8e49c2842b263f8a,含氮46%国产,元/公斤,"2.60 ",0,新洲区发改局,2020年11月04日,尿素,0,86
I,2021-05-20 10:20:36.0,669ce74d3d6182fe1c0a3130c12db201,国产,元/50公斤,"138.00 ",0,新洲区发改局,2020年11月04日,玉米,0,109
I,2021-05-20 10:20:36.0,2dedf1fa9763a0f9c3a997a2d554e780,中等（三等）,元/50公斤,*,0,新洲区发改局,2020年11月04日,大豆,0,110
I,2021-05-20 10:20:36.0,39bb0d6330b7b370193ac4a0626ea83a,中等（三等）,元/50公斤,250,0,新洲区发改局,2020年9月3日,油菜籽,0,55
I,2021-05-20 10:20:36.0,49d6cc011c3408b84f471d717a6b9b9a,含氮17%以上 水分≤3.5%国产,元/公斤,0.9,0,新洲区发改局,2020年9月10日,碳酸氢铵,0,62
I,2021-05-20 10:20:36.0,c52b2ef9c321e5af6b1d301a56d0cb9d,含磷12%国产,元/公斤,0.61,0,新洲区发改局,2020年9月10日,过磷酸钙,0,63
I,2021-05-20 10:20:36.0,6d8bcdf3f077c859d7a5c1042f6a0304,中等（三等）,元/50公斤,*,无,新洲区发改局,2020年8月45日,大豆,无,26
I,2021-05-20 10:20:36.0,2275772fde11e5c720e5e6f732ce43c8,中等（三等）,元/50公斤,*,0,新洲区发改局,2020年8月27日,大豆,0,26
I,2021-05-20 10:20:36.0,94e16526f7daf807dbaabf0bd8d87c3b,10%可湿性粉剂袋装,元/8克,1.5,0,新洲区发改局,2020年9月3日,吡虫啉,0,41
I,2021-05-20 10:20:36.0,aaf5f1f52718ec51d967ddf89cea3dbe,中等（三等）,元/50公斤,*,0,新洲区发改局,2020年10月15日,大豆,0,26
I,2021-05-20 10:20:36.0,8252a9fd59855effa1314e6176388841,含氮17%以上 水分≤3.5%国产,元/公斤,"0.90 ",0,新洲区发改局,2020年10月30日,碳酸氢铵,0,62
I,2021-05-20 10:20:36.0,0132d94ed3201bfb44588d49b0cf514c,含磷12%国产,元/公斤,"0.61 ",0,新洲区发改局,2020年10月30日,过磷酸钙,0,63
I,2021-05-20 10:20:36.0,d6fff917739df62002b125c6c27a1b95,1.8%乳油瓶装,元/100毫升,"5.00 ",0,新洲区发改局,2020年10月30日,阿维菌素,0,68
I,2021-05-20 10:20:36.0,8635b5e3594cf3edeb6523b70a322545,10%可湿性粉剂袋装,元/8克,"1.50 ",0,新洲区发改局,2020年10月30日,吡虫啉,0,69
I,2021-05-20 10:20:36.0,6a9bb2819c570cc548b742e77c8a5f0c,10%可湿性粉剂袋装,元/8克,"1.50 ",0,新洲区发改局,2020年10月22日,吡虫啉,0,41
I,2021-05-20 10:20:36.0,d3fe00b7a0d7318899c4e6968082be25,中等（三等）,元/50公斤,"250.00 ",0,新洲区发改局,2020年10月22日,油菜籽,0,55
I,2021-05-20 10:20:36.0,d01d9e31c1ca17d2d816a850cf4aa7f1,1.8%乳油瓶装,元/100毫升,5,0,新洲区发改局,2020年9月10日,阿维菌素,0,68
I,2021-05-20 10:20:36.0,3cc1fc08c08ae8c588ddc7138636703c,10%可湿性粉剂袋装,元/8克,1.5,0,新洲区发改局,2020年9月10日,吡虫啉,0,69
I,2021-05-20 10:20:36.0,9c8206f2557f9d5a46988a9771ff79b8,国产,元/50公斤,135,0,新洲区发改局,2020年9月10日,玉米,0,81
I,2021-05-20 10:20:36.0,0d9a3f0305403116d869fd95ba080af6,中等（三等）,元/50公斤,*,0,新洲区发改局,2020年9月24日,大豆,0,26
I,2021-05-20 10:20:36.0,2c03a6eea3641ec14184be1a142bb4a3,10%可湿性粉剂袋装,元/8克,1.5,0,新洲区发改局,2020年9月30日,吡虫啉,0,41
I,2021-05-20 10:20:36.0,b1f8284954011f1c7540eaeff32a3e26,中等（三等）,元/50公斤,250,0,新洲区发改局,2020年9月30日,油菜籽,0,55
I,2021-05-20 10:20:36.0,5f044262fddcf3f69edd35ba86843425,国产,元/50公斤,"136.00 ",0,新洲区发改局,2020年10月30日,玉米,0,81
I,2021-05-20 10:20:36.0,d6e1923fcb4a98c6d2af50a83fc0bb3a,含磷12%国产,元/公斤,"0.61 ",0,新洲区发改局,2020年11月04日,过磷酸钙,0,91
I,2021-05-20 10:20:36.0,a3acdea87ba9ce728b71ff8e53720a24,480克/升乳油瓶装,元/500克,*,0,新洲区发改局,2020年11月04日,毒死蜱,0,95
I,2021-05-20 10:20:36.0,599eefa605a49c7af908d2f4245cd1c7,900克/升乳油瓶装,元/100毫升,"6.00 ",0,新洲区发改局,2020年11月04日,乙草胺,0,99
I,2021-05-20 10:20:36.0,a62bea0fa48c396cdbe1a226eea77063,50%可湿性粉剂,元/公斤,"40.00 ",0,新洲区发改局,2020年11月04日,多菌灵,0,101
I,2021-05-20 10:20:36.0,261a3da93d98905b5fe8046690cfbc35,含氮46%国产,元/公斤,"2.60 ",0,新洲区发改局,2020年11月13日,尿素,0,114
I,2021-05-20 10:20:36.0,aa01997917a19e48bf4fb4887058c319,含氧化钾50-60%国产,元/公斤,"3.00 ",0,新洲区发改局,2020年11月13日,氯化钾,0,117
I,2021-05-20 10:20:36.0,a3357457ab45c4111509701699188c92,10%可湿性粉剂袋装,元/8克,"1.50 ",0,新洲区发改局,2020年11月13日,吡虫啉,0,125
I,2021-05-20 10:20:36.0,0ecb59bb4521d9a8d999319b347b7f32,80%可湿性粉剂袋装,元/千克,"80.00 ",0,新洲区发改局,2020年11月13日,代森锰锌,0,128
I,2021-05-20 10:20:36.0,b0b44b5381e7d04fc65e6d83518bfbef,国产,元/50公斤,"140.00 ",0,新洲区发改局,2020年11月13日,玉米,0,137
I,2021-05-20 10:20:36.0,e90a933dd133a219cee6a7b1820fda35,中等（三等）,元/50公斤,128,0,新洲区发改局,2020年9月3日,中籼稻,0,49
I,2021-05-20 10:20:36.0,d576c603e90161f4c8ad01f964fda13e,中等,元/50公斤,280,0,新洲区发改局,2020年9月3日,籽棉,0,56
I,2021-05-20 10:20:36.0,c605f02142850c79ba1c7e2847ba2ae4,厚0.14mm±0.02,元/公斤,11,0,新洲区发改局,2020年9月10日,高压聚乙烯地膜,0,66
I,2021-05-20 10:20:36.0,857325c0ef3467232168cedb2772d266,480克/升乳油瓶装,元/500克,*,无,新洲区发改局,2020年8月30日,毒死蜱,无,11
I,2021-05-20 10:20:36.0,c94ff4dec47d12d37ef4cae1636c2278,中等（三等）,元/50公斤,128,无,新洲区发改局,2020年8月41日,晚籼稻,无,22
I,2021-05-20 10:20:36.0,07978452a92f86dc81c72a2b34ccd9cc,国产,元/50公斤,133,无,新洲区发改局,2020年8月44日,玉米,无,25
I,2021-05-20 10:20:36.0,23e3056d5f2d106f8aba5e2af1d4da0a,480克/升乳油瓶装,元/500克,*,0,新洲区发改局,2020年8月27日,毒死蜱,0,11
I,2021-05-20 10:20:36.0,46f77445ddc8b93799b7b43b10e5afc2,中等（三等）,元/50公斤,128,0,新洲区发改局,2020年8月27日,晚籼稻,0,22
I,2021-05-20 10:20:36.0,1fa1ca87350dd7ea29a6799221278200,国产,元/50公斤,135,0,新洲区发改局,2020年8月27日,玉米,0,25
I,2021-05-20 10:20:36.0,7d0a4193b3e5f502429701cd11982c1f,含氮46%进口,元/公斤,*,0,新洲区发改局,2020年9月3日,尿素,0,29
I,2021-05-20 10:20:36.0,3b1f1772303c5dc5b5fc481716658ed7,含P.N.K各15%　进口,元/公斤,*,0,新洲区发改局,2020年9月3日,三元复合肥,0,31
I,2021-05-20 10:20:36.0,990974fc9f2eed1a185836539f67cc46,含氧化钾50-60%国产,元/公斤,3,0,新洲区发改局,2020年9月3日,氯化钾,0,33
I,2021-05-20 10:20:36.0,7fc9e4e0221e08d3709f004bd942256e,900克/升乳油瓶装,元/100毫升,6,0,新洲区发改局,2020年9月3日,乙草胺,0,43
I,2021-05-20 10:20:36.0,f6532b36edcb46c7b4ae03866faf24fd,中等（三等）,元/50公斤,"136.00 ",0,新洲区发改局,2020年10月15日,晚籼稻,0,22
I,2021-05-20 10:20:36.0,4776e7ae1cb148bb9f08a127809243cb,国产,元/50公斤,"132.00 ",0,新洲区发改局,2020年10月15日,玉米,0,25
I,2021-05-20 10:20:36.0,462f52513df74962c64b58d4bb943c74,含氮46%进口,元/公斤,*,0,新洲区发改局,2020年10月22日,尿素,0,29
I,2021-05-20 10:20:36.0,e21510cab8ef41ad6be004f5660965b9,含P.N.K各15%　进口,元/公斤,*,0,新洲区发改局,2020年10月22日,三元复合肥,0,31
I,2021-05-20 10:20:36.0,a11f4c8e613fa98afc6c5f5b6059c0ab,含氧化钾50-60%国产,元/公斤,"3.00 ",0,新洲区发改局,2020年10月22日,氯化钾,0,33
I,2021-05-20 10:20:36.0,f7ad9a43b22194f01149c2da66e1225a,厚0.14mm±0.02,元/公斤,"11.00 ",0,新洲区发改局,2020年10月30日,高压聚乙烯地膜,0,66
I,2021-05-20 10:20:36.0,907623e154e5b4efd9d6e57bf07de9a3,50%可湿性粉剂,元/公斤,"40.00 ",0,新洲区发改局,2020年10月30日,多菌灵,0,73
I,2021-05-20 10:20:36.0,5d3cca72fe910e2384fb4837bbbf08b6,900克/升乳油瓶装,元/100毫升,"6.00 ",0,新洲区发改局,2020年10月22日,乙草胺,0,43
I,2021-05-20 10:20:36.0,5e7b1eb75fba1f20329d3e51be74020c,中等（三等）,元/50公斤,"133.00 ",0,新洲区发改局,2020年10月22日,中籼稻,0,49
I,2021-05-20 10:20:36.0,71ed48c5e175d5188a86bd44dbd4e4f2,中等,元/50公斤,"280.00 ",0,新洲区发改局,2020年10月22日,籽棉,0,56
I,2021-05-20 10:20:36.0,ce439c0cdb2adaccb08b060b98071dc6,50%可湿性粉剂,元/公斤,40,0,新洲区发改局,2020年9月10日,多菌灵,0,73
I,2021-05-20 10:20:36.0,5f2cfc3f3028418b79b466d8c64a3e99,480克/升乳油瓶装,元/500克,*,0,新洲区发改局,2020年9月24日,毒死蜱,0,11
I,2021-05-20 10:20:36.0,c345969e29032c4432840f67595ad2f3,中等（三等）,元/50公斤,128,0,新洲区发改局,2020年9月24日,晚籼稻,0,22
I,2021-05-20 10:20:36.0,1b7670ce97482a20ba165c7e7150850b,国产,元/50公斤,135,0,新洲区发改局,2020年9月24日,玉米,0,25
I,2021-05-20 10:20:36.0,789454d0e75b02b7e50b9c21139387db,含氮46%进口,元/公斤,*,0,新洲区发改局,2020年9月30日,尿素,0,29
I,2021-05-20 10:20:36.0,646696bbde2948e931f30fa3cb1fb3d2,含P.N.K各15%　进口,元/公斤,*,0,新洲区发改局,2020年9月30日,三元复合肥,0,31
I,2021-05-20 10:20:36.0,59fa59d6cd97f6af5baa615369e74e8d,含氧化钾50-60%国产,元/公斤,3,0,新洲区发改局,2020年9月30日,氯化钾,0,33
I,2021-05-20 10:20:36.0,d070b414f850de990efb07bce79eed65,900克/升乳油瓶装,元/100毫升,6,0,新洲区发改局,2020年9月30日,乙草胺,0,43
I,2021-05-20 10:20:36.0,06af4d06542c0ad57dda02e417e831a5,中等（三等）,元/50公斤,133,0,新洲区发改局,2020年9月30日,中籼稻,0,49
I,2021-05-20 10:20:36.0,1fb166a690aa3ad2e8b4f058b0b90eff,中等,元/50公斤,280,0,新洲区发改局,2020年9月30日,籽棉,0,56
I,2021-05-20 10:20:36.0,0f55b0d807ba6b96ec34a3e0b27a250c,480克/升乳油瓶装,元/500克,*,0,新洲区发改局,2020年10月15日,毒死蜱,0,11
I,2021-05-20 10:20:36.0,e339e124014f9523b85f630c4048b6df,,元/公斤,"2.60 ",0,新洲区发改局,2020年11月04日,复混肥,0,92
I,2021-05-20 10:20:36.0,00286f6d9771ff2093d8d97048537303,1.8%乳油瓶装,元/100毫升,"5.00 ",0,新洲区发改局,2020年11月04日,阿维菌素,0,96
I,2021-05-20 10:20:36.0,2ab68ced6a6b048a4c283a840be4d283,中等（三等）,元/50公斤,"115.00 ",0,新洲区发改局,2020年11月04日,粳稻,0,107
I,2021-05-20 10:20:36.0,9e3c21c0a31f168ce9cb2defd1fb37b4,折径3.5-5米 厚0.10m±0.02,元/公斤,"12.00 ",0,新洲区发改局,2020年11月13日,高压聚乙烯棚膜,0,121
I,2021-05-20 10:20:36.0,332f77d237ad2aaf2f979bf4f806a617,国产,元/50公斤,"170.00 ",0,新洲区发改局,2020年11月13日,豆粕,0,130
I,2021-05-20 10:20:36.0,db8bd2af8db5eb9de7548957753b9a02,国产,元/50公斤,"81.00 ",0,新洲区发改局,2020年11月13日,麦麸,0,131
I,2021-05-20 10:20:36.0,c743b9e5f8473423af385c8db6dfb836,中等（三等）,元/50公斤,"133.00 ",0,新洲区发改局,2020年11月13日,中籼稻,0,133
I,2021-05-20 10:20:36.0,0fd272b47663d1c6c11f77aa801aa87f,中等（三等）,元/50公斤,"115.00 ",0,新洲区发改局,2020年11月13日,粳稻,0,135
I,2021-05-20 10:20:36.0,4aee4cbd41338fbde26ac301dd4c01e0,中等（三等）,元/50公斤,*,0,新洲区发改局,2020年11月13日,红小麦,0,136
I,2021-05-20 10:20:36.0,f7dd16137de9a2383ec0dbc3a5b31497,中等（三等）,元/50公斤,*,0,新洲区发改局,2020年9月3日,红小麦,0,52
I,2021-05-20 10:20:36.0,3976eb2e057712e9ad0e1fb4eb32d37b,国产,元/50公斤,135,0,新洲区发改局,2020年9月3日,玉米,0,53
I,2021-05-20 10:20:36.0,c6f873527f3f3b3216a3ce8f3b96d4f6,中等（三等）,元/50公斤,*,0,新洲区发改局,2020年9月3日,大豆,0,54
I,2021-05-20 10:20:36.0,042a821e2b0adbecf97d937fff4cf199,含氧化钾50-60%国产,元/公斤,3,0,新洲区发改局,2020年9月10日,氯化钾,0,61
I,2021-05-20 10:20:36.0,f8d20d52e8f472d62a8dbf5b8054ff8f,厚0.14mm±0.02,元/公斤,11,无,新洲区发改局,2020年8月29日,高压聚乙烯地膜,无,10
I,2021-05-20 10:20:36.0,60ed1a8330043a26265b17b9bd1f13d0,1.8%乳油瓶装,元/100毫升,5,无,新洲区发改局,2020年8月31日,阿维菌素,无,12
I,2021-05-20 10:20:36.0,f2e5a04aeb18b8555ffe3281f4560fd0,80%可湿性粉剂袋装,元/千克,80,无,新洲区发改局,2020年8月35日,代森锰锌,无,16
I,2021-05-20 10:20:36.0,45ec48dfcb10aab51821b9e0a28d7aec,厚0.14mm±0.02,元/公斤,11,0,新洲区发改局,2020年8月27日,高压聚乙烯地膜,0,10
I,2021-05-20 10:20:36.0,52e3d814e8413e1b2c187ba7b18e8d46,1.8%乳油瓶装,元/100毫升,5,0,新洲区发改局,2020年8月27日,阿维菌素,0,12
I,2021-05-20 10:20:36.0,90ca42f255da3467609019da857d20f4,80%可湿性粉剂袋装,元/千克,80,0,新洲区发改局,2020年8月27日,代森锰锌,0,16
I,2021-05-20 10:20:36.0,5be0d32697fc99bed1a3fa2ea4af1461,折径3.5-5米 厚0.10m±0.02,元/公斤,12,0,新洲区发改局,2020年9月3日,高压聚乙烯棚膜,0,37
I,2021-05-20 10:20:36.0,438561605ab649f74aa317e9828e704d,480克/升乳油瓶装,元/500克,*,0,新洲区发改局,2020年9月3日,毒死蜱,0,39
I,2021-05-20 10:20:36.0,959fb9025f2b1cd28b43d4eab1499c1b,国产,元/50公斤,80.5,0,新洲区发改局,2020年9月3日,麦麸,0,47
I,2021-05-20 10:20:36.0,c48420635a6e4539477f62e46dbb8312,折径3.5-5米 厚0.10m±0.02,元/公斤,"12.00 ",0,新洲区发改局,2020年10月22日,高压聚乙烯棚膜,0,37
I,2021-05-20 10:20:36.0,b9d92fe41bb7545fd77cca0f023b5c9e,含氧化钾50-60%国产,元/公斤,"3.00 ",0,新洲区发改局,2020年10月30日,氯化钾,0,61
I,2021-05-20 10:20:36.0,ad60ac86d0009a12ff24d7ba75228d2c,480克/升乳油瓶装,元/500克,*,0,新洲区发改局,2020年10月22日,毒死蜱,0,39
I,2021-05-20 10:20:36.0,7b150cb1e7b646f1222481300a9e9d88,国产,元/50公斤,"80.50 ",0,新洲区发改局,2020年10月22日,麦麸,0,47
I,2021-05-20 10:20:36.0,bc87a8f63eb9a1c017c8601db09e5a04,中等（三等）,元/50公斤,*,0,新洲区发改局,2020年10月22日,红小麦,0,52
I,2021-05-20 10:20:36.0,573dd34d5733039b3026c4433fef39f8,国产,元/50公斤,"134.00 ",0,新洲区发改局,2020年10月22日,玉米,0,53
I,2021-05-20 10:20:36.0,3133838d684e41b45fc293daedecf02c,中等（三等）,元/50公斤,*,0,新洲区发改局,2020年10月22日,大豆,0,54
I,2021-05-20 10:20:36.0,1a5cf564456938eeda702c2af000f5d1,厚0.14mm±0.02,元/公斤,11,0,新洲区发改局,2020年9月24日,高压聚乙烯地膜,0,10
I,2021-05-20 10:20:36.0,45169d3110a24c159404294d461bcc06,1.8%乳油瓶装,元/100毫升,5,0,新洲区发改局,2020年9月24日,阿维菌素,0,12
I,2021-05-20 10:20:36.0,a059c68af774647fa1cbf806bba32d03,80%可湿性粉剂袋装,元/千克,80,0,新洲区发改局,2020年9月24日,代森锰锌,0,16
I,2021-05-20 10:20:36.0,4df7692ebaf5824101fc1ff55fade855,折径3.5-5米 厚0.10m±0.02,元/公斤,12,0,新洲区发改局,2020年9月30日,高压聚乙烯棚膜,0,37
I,2021-05-20 10:20:36.0,ffe6567ae024aa72ba41658dee729d91,480克/升乳油瓶装,元/500克,*,0,新洲区发改局,2020年9月30日,毒死蜱,0,39
I,2021-05-20 10:20:36.0,f30ebfde376105cad5126aedb6cdd62e,国产,元/50公斤,80.5,0,新洲区发改局,2020年9月30日,麦麸,0,47
I,2021-05-20 10:20:36.0,ae02c3ad22f0e30a990a7db8b49eba23,中等（三等）,元/50公斤,*,0,新洲区发改局,2020年9月30日,红小麦,0,52
I,2021-05-20 10:20:36.0,ade68fb131582b10b11c7b2d1ef35898,国产,元/50公斤,133,0,新洲区发改局,2020年9月30日,玉米,0,53
I,2021-05-20 10:20:36.0,973453f01ab0a14b5dacb42f288eb4d4,中等（三等）,元/50公斤,*,0,新洲区发改局,2020年9月30日,大豆,0,54
I,2021-05-20 10:20:36.0,0d06c9f1fa4d2a39d526cc37f7357285,厚0.14mm±0.02,元/公斤,"11.00 ",0,新洲区发改局,2020年10月15日,高压聚乙烯地膜,0,10
I,2021-05-20 10:20:36.0,80e19ca921e3f6c4762645130eac4e7c,1.8%乳油瓶装,元/100毫升,"5.00 ",0,新洲区发改局,2020年10月15日,阿维菌素,0,12
I,2021-05-20 10:20:36.0,3b5e7b082a8a978ea9ee74b7d01b5ec8,80%可湿性粉剂袋装,元/千克,"80.00 ",0,新洲区发改局,2020年10月15日,代森锰锌,0,16
I,2021-05-20 10:20:36.0,da1be57d5c5eeb82656349a96e557a58,含P.N.K各15%　国产,元/公斤,"3.10 ",0,新洲区发改局,2020年11月04日,三元复合肥,0,88
I,2021-05-20 10:20:36.0,ceac6ff378a5088fce6d03d4bdd0177e,含氮17%以上 水分≤3.5%国产,元/公斤,"0.90 ",0,新洲区发改局,2020年11月04日,碳酸氢铵,0,90
I,2021-05-20 10:20:36.0,0064fe8c4ade505093eb14ba6ff3e166,80%可湿性粉剂袋装,元/千克,"80.00 ",0,新洲区发改局,2020年11月04日,代森锰锌,0,100
I,2021-05-20 10:20:36.0,505b6b96ca5fc564ff46e87fbd27ae78,中等（三等）,元/50公斤,"250.00 ",0,新洲区发改局,2020年11月04日,油菜籽,0,111
I,2021-05-20 10:20:36.0,a057987d83ab981b7e8443c4faff5273,50%可湿性粉剂,元/公斤,"40.00 ",0,新洲区发改局,2020年11月13日,多菌灵,0,129
I,2021-05-20 10:20:36.0,deccaaed9c38ed6d0feda90a7815c8c7,中等,元/50公斤,"280.00 ",0,新洲区发改局,2020年11月13日,籽棉,0,140
