<?xml version="1.0" encoding="UTF-8"?>
<lst>
<num>59</num>
</lst>
<books>
<book>
<DATA_UP_STATUS>I</DATA_UP_STATUS>
<DATA_UP_TIME>0001-01-01</DATA_UP_TIME>
<DATA_UP_UUID>3</DATA_UP_UUID>
<DZ>湖北省武汉市江夏区法泗农业服务中心（55号）</DZ>
<GN>公益服务、便民服务、电子商务服务、培训体验服务</GN>
<LXR>廖佩</LXR>
<MC>？法泗农业服务中心益农信息社？</MC>
<MJ>40</MJ>
<NF>2015</NF>
<QY>江夏区</QY>
<XH>3</XH>
</book><book>
<DATA_UP_STATUS>I</DATA_UP_STATUS>
<DATA_UP_TIME>0001-01-01</DATA_UP_TIME>
<DATA_UP_UUID>8</DATA_UP_UUID>
<DZ>黄陂区木兰山木兰文化生态旅游区</DZ>
<GN>公益服务、便民服务、电子商务服务、培训体验服务</GN>
<LXR>彭主任</LXR>
<MC>？黄陂木兰山农服中心益农信息社？</MC>
<MJ>20</MJ>
<NF>2016</NF>
<QY>黄陂区</QY>
<XH>8</XH>
</book><book>
<DATA_UP_STATUS>I</DATA_UP_STATUS>
<DATA_UP_TIME>0001-01-01</DATA_UP_TIME>
<DATA_UP_UUID>9</DATA_UP_UUID>
<DZ>湖北省武汉市汉南区东荆街道办事处</DZ>
<GN>公益服务、便民服务、电子商务服务、培训体验服务</GN>
<LXR>梅主任</LXR>
<MC>？汉南东荆标准社？</MC>
<MJ>30</MJ>
<NF>2016</NF>
<QY>汉南区</QY>
<XH>9</XH>
</book><book>
<DATA_UP_STATUS>I</DATA_UP_STATUS>
<DATA_UP_TIME>0001-01-01</DATA_UP_TIME>
<DATA_UP_UUID>18</DATA_UP_UUID>
<DZ>湖北省武汉市新洲区汪集街道镇级农服中心</DZ>
<GN>公益服务、便民服务、电子商务服务、培训体验服务</GN>
<LXR>余主任</LXR>
<MC>？汪集街农服中心标准社？</MC>
<MJ>28</MJ>
<NF>2016</NF>
<QY>新洲区</QY>
<XH>18</XH>
</book><book>
<DATA_UP_STATUS>I</DATA_UP_STATUS>
<DATA_UP_TIME>0001-01-01</DATA_UP_TIME>
<DATA_UP_UUID>21</DATA_UP_UUID>
<DZ>湖北省武汉市黄陂区朝前街144号</DZ>
<GN>公益服务、便民服务、电子商务服务、培训体验服务</GN>
<LXR>明主任</LXR>
<MC>？黄陂祁家湾镇农服中心标准社？</MC>
<MJ>20</MJ>
<NF>2016</NF>
<QY>黄陂区</QY>
<XH>21</XH>
</book><book>
<DATA_UP_STATUS>I</DATA_UP_STATUS>
<DATA_UP_TIME>0001-01-01</DATA_UP_TIME>
<DATA_UP_UUID>32</DATA_UP_UUID>
<DZ>仓埠山庄</DZ>
<GN>公益服务、便民服务、电子商务服务、培训体验服务、休闲农业服务</GN>
<LXR>夏小康</LXR>
<MC>新洲信息进村入户运营中心</MC>
<MJ>150</MJ>
<NF>2017</NF>
<QY>新洲区</QY>
<XH>32</XH>
</book><book>
<DATA_UP_STATUS>I</DATA_UP_STATUS>
<DATA_UP_TIME>0001-01-01</DATA_UP_TIME>
<DATA_UP_UUID>36</DATA_UP_UUID>
<DZ>湖北省武汉市蔡甸区永安街万岭村委会</DZ>
<GN>公益服务、便民服务、电子商务服务、培训体验服务</GN>
<LXR>张科长</LXR>
<MC>？永安农业服务中心益农信息社？</MC>
<MJ>20</MJ>
<NF>2017</NF>
<QY>蔡甸区</QY>
<XH>36</XH>
</book><book>
<DATA_UP_STATUS>I</DATA_UP_STATUS>
<DATA_UP_TIME>0001-01-01</DATA_UP_TIME>
<DATA_UP_UUID>40</DATA_UP_UUID>
<DZ>侏儒街农产品质量安全检查站</DZ>
<GN>公益服务、便民服务、电子商务服务、培训体验服务</GN>
<LXR>周主任</LXR>
<MC>？侏儒农业服务中心益农信息社？</MC>
<MJ>20</MJ>
<NF>2017</NF>
<QY>蔡甸区</QY>
<XH>40</XH>
</book><book>
<DATA_UP_STATUS>I</DATA_UP_STATUS>
<DATA_UP_TIME>0001-01-01</DATA_UP_TIME>
<DATA_UP_UUID>46</DATA_UP_UUID>
<DZ>武湖农业服务中心</DZ>
<GN>公益服务、便民服务、电子商务服务、培训体验服务</GN>
<LXR>张涛</LXR>
<MC>？武湖农业服务中心益农信息社？</MC>
<MJ>20</MJ>
<NF>2017</NF>
<QY>黄陂区</QY>
<XH>46</XH>
</book><book>
<DATA_UP_STATUS>I</DATA_UP_STATUS>
<DATA_UP_TIME>0001-01-01</DATA_UP_TIME>
<DATA_UP_UUID>48</DATA_UP_UUID>
<DZ>蔡甸区西河街南路25号成功管委会</DZ>
<GN>公益服务、便民服务、电子商务服务、培训体验服务</GN>
<LXR>肖红兵</LXR>
<MC>？成功管委会农业服务中心？</MC>
<MJ>30</MJ>
<NF>2017</NF>
<QY>蔡甸区</QY>
<XH>48</XH>
</book><book>
<DATA_UP_STATUS>I</DATA_UP_STATUS>
<DATA_UP_TIME>0001-01-01</DATA_UP_TIME>
<DATA_UP_UUID>51</DATA_UP_UUID>
<DZ>新洲区潘塘路139号</DZ>
<GN>公益服务、便民服务、电子商务服务、培训体验服务</GN>
<LXR>贺启志</LXR>
<MC>？潘塘农业服务中心？</MC>
<MJ>50</MJ>
<NF>2018</NF>
<QY>新洲区</QY>
<XH>51</XH>
</book><book>
<DATA_UP_STATUS>I</DATA_UP_STATUS>
<DATA_UP_TIME>0001-01-01</DATA_UP_TIME>
<DATA_UP_UUID>57</DATA_UP_UUID>
<DZ>新洲区新凤大道39号</DZ>
<GN>公益服务、便民服务、电子商务服务、培训体验服务</GN>
<LXR>肖玉英</LXR>
<MC>？新洲区凤凰镇农业服务中心？</MC>
<MJ>50</MJ>
<NF>2018</NF>
<QY>新洲区</QY>
<XH>57</XH>
</book><book>
<DATA_UP_STATUS>I</DATA_UP_STATUS>
<DATA_UP_TIME>0001-01-01</DATA_UP_TIME>
<DATA_UP_UUID>59</DATA_UP_UUID>
<DZ>花博汇</DZ>
<GN>公益服务、便民服务、电子商务服务、培训体验服务、休闲农业服务</GN>
<LXR>徐亮</LXR>
<MC>蔡甸区益农信息社运营中心</MC>
<MJ>700</MJ>
<NF>2019</NF>
<QY>蔡甸区</QY>
<XH>59</XH>
</book><book>
<DATA_UP_STATUS>I</DATA_UP_STATUS>
<DATA_UP_TIME>0001-01-01</DATA_UP_TIME>
<DATA_UP_UUID>1</DATA_UP_UUID>
<DZ>湖北省武汉市江夏区郑店街纸金东路44号</DZ>
<GN>公益服务、便民服务、电子商务服务、培训体验服务</GN>
<LXR>童红贵</LXR>
<MC>？郑店农业服务中心益农信息社？</MC>
<MJ>30</MJ>
<NF>2015</NF>
<QY>江夏区</QY>
<XH>1</XH>
</book><book>
<DATA_UP_STATUS>I</DATA_UP_STATUS>
<DATA_UP_TIME>0001-01-01</DATA_UP_TIME>
<DATA_UP_UUID>7</DATA_UP_UUID>
<DZ>湖北省武汉市江夏区湖泗镇农业服务中心（福桥街99号附近）</DZ>
<GN>公益服务、便民服务、电子商务服务、培训体验服务</GN>
<LXR>倪军</LXR>
<MC>？湖泗农业服务中心益农信息社？</MC>
<MJ>25</MJ>
<NF>2016</NF>
<QY>江夏区</QY>
<XH>7</XH>
</book><book>
<DATA_UP_STATUS>I</DATA_UP_STATUS>
<DATA_UP_TIME>0001-01-01</DATA_UP_TIME>
<DATA_UP_UUID>2</DATA_UP_UUID>
<DZ>湖北省武汉市江夏区乌龙泉街道土地堂南街42号</DZ>
<GN>公益服务、便民服务、电子商务服务、培训体验服务</GN>
<LXR>平磊</LXR>
<MC>？乌龙泉农业服务中心益农信息社？</MC>
<MJ>19.98</MJ>
<NF>2015</NF>
<QY>江夏区</QY>
<XH>2</XH>
</book><book>
<DATA_UP_STATUS>I</DATA_UP_STATUS>
<DATA_UP_TIME>0001-01-01</DATA_UP_TIME>
<DATA_UP_UUID>5</DATA_UP_UUID>
<DZ>官田村</DZ>
<GN>公益服务、便民服务、电子商务服务、培训体验服务、休闲农业服务</GN>
<LXR>许冰波</LXR>
<MC>黄陂区信息进村入户运营中心</MC>
<MJ>1000</MJ>
<NF>2016</NF>
<QY>黄陂区</QY>
<XH>5</XH>
</book><book>
<DATA_UP_STATUS>I</DATA_UP_STATUS>
<DATA_UP_TIME>0001-01-01</DATA_UP_TIME>
<DATA_UP_UUID>20</DATA_UP_UUID>
<DZ>湖北省武汉市黄陂区六指街道</DZ>
<GN>公益服务、便民服务、电子商务服务、培训体验服务</GN>
<LXR>唐主任</LXR>
<MC>？黄陂六指街农服中心标准社？</MC>
<MJ>20</MJ>
<NF>2016</NF>
<QY>黄陂区</QY>
<XH>20</XH>
</book><book>
<DATA_UP_STATUS>I</DATA_UP_STATUS>
<DATA_UP_TIME>0001-01-01</DATA_UP_TIME>
<DATA_UP_UUID>24</DATA_UP_UUID>
<DZ>湖北省武汉市黄陂区木兰文化生态旅游区内（腊梅街西）</DZ>
<GN>公益服务、便民服务、电子商务服务、培训体验服务</GN>
<LXR>王书记</LXR>
<MC>？黄陂蔡店镇农服中心标准社？</MC>
<MJ>20</MJ>
<NF>2016</NF>
<QY>黄陂区</QY>
<XH>24</XH>
</book><book>
<DATA_UP_STATUS>I</DATA_UP_STATUS>
<DATA_UP_TIME>0001-01-01</DATA_UP_TIME>
<DATA_UP_UUID>42</DATA_UP_UUID>
<DZ>湖北省武汉市黄陂区木兰文化生态旅游区（群益大街南）</DZ>
<GN>公益服务、便民服务、电子商务服务、培训体验服务</GN>
<LXR>吴主任</LXR>
<MC>？黄陂王家河镇农服中心标准社？</MC>
<MJ>20</MJ>
<NF>2017</NF>
<QY>黄陂区</QY>
<XH>42</XH>
</book><book>
<DATA_UP_STATUS>I</DATA_UP_STATUS>
<DATA_UP_TIME>0001-01-01</DATA_UP_TIME>
<DATA_UP_UUID>45</DATA_UP_UUID>
<DZ>横店农业服务中心</DZ>
<GN>公益服务、便民服务、电子商务服务、培训体验服务</GN>
<LXR>张向荣</LXR>
<MC>？横店农业服务中心益农信息社？</MC>
<MJ>20</MJ>
<NF>2017</NF>
<QY>黄陂区</QY>
<XH>45</XH>
</book><book>
<DATA_UP_STATUS>I</DATA_UP_STATUS>
<DATA_UP_TIME>0001-01-01</DATA_UP_TIME>
<DATA_UP_UUID>50</DATA_UP_UUID>
<DZ>新洲区旅游大道186号</DZ>
<GN>公益服务、便民服务、电子商务服务、培训体验服务</GN>
<LXR>石保林</LXR>
<MC>？道观河农业服务中心？</MC>
<MJ>50</MJ>
<NF>2018</NF>
<QY>新洲区</QY>
<XH>50</XH>
</book><book>
<DATA_UP_STATUS>I</DATA_UP_STATUS>
<DATA_UP_TIME>0001-01-01</DATA_UP_TIME>
<DATA_UP_UUID>14</DATA_UP_UUID>
<DZ>湖北省武汉市江夏区金水办事处农服中心</DZ>
<GN>公益服务、便民服务、电子商务服务、培训体验服务</GN>
<LXR>董明桃</LXR>
<MC>？金水闸农业服务中心益农信息社？</MC>
<MJ>20</MJ>
<NF>2016</NF>
<QY>江夏区</QY>
<XH>14</XH>
</book><book>
<DATA_UP_STATUS>I</DATA_UP_STATUS>
<DATA_UP_TIME>0001-01-01</DATA_UP_TIME>
<DATA_UP_UUID>17</DATA_UP_UUID>
<DZ>黄陂区罗汉寺东升路107号</DZ>
<GN>公益服务、便民服务、电子商务服务、培训体验服务</GN>
<LXR>鲍主任</LXR>
<MC>？黄陂罗汉镇农服中心标准社？</MC>
<MJ>20</MJ>
<NF>2016</NF>
<QY>黄陂区</QY>
<XH>17</XH>
</book><book>
<DATA_UP_STATUS>I</DATA_UP_STATUS>
<DATA_UP_TIME>0001-01-01</DATA_UP_TIME>
<DATA_UP_UUID>19</DATA_UP_UUID>
<DZ>湖北省武汉市新洲区仓埠街道办事处</DZ>
<GN>公益服务、便民服务、电子商务服务、培训体验服务</GN>
<LXR>张主任</LXR>
<MC>？仓埠镇农服中心标准社？</MC>
<MJ>25</MJ>
<NF>2016</NF>
<QY>新洲区</QY>
<XH>19</XH>
</book><book>
<DATA_UP_STATUS>I</DATA_UP_STATUS>
<DATA_UP_TIME>0001-01-01</DATA_UP_TIME>
<DATA_UP_UUID>23</DATA_UP_UUID>
<DZ>湖北省武汉市黄陂区民群大街13号</DZ>
<GN>公益服务、便民服务、电子商务服务、培训体验服务</GN>
<LXR>占主任</LXR>
<MC>？黄陂蔡榨镇农服中心标准社？</MC>
<MJ>20</MJ>
<NF>2016</NF>
<QY>黄陂区</QY>
<XH>23</XH>
</book><book>
<DATA_UP_STATUS>I</DATA_UP_STATUS>
<DATA_UP_TIME>0001-01-01</DATA_UP_TIME>
<DATA_UP_UUID>34</DATA_UP_UUID>
<DZ>湖北省武汉市蔡甸区张湾街道办事处</DZ>
<GN>公益服务、便民服务、电子商务服务、培训体验服务</GN>
<LXR>王红霞</LXR>
<MC>？张湾农业服务中心益农信息社？</MC>
<MJ>20</MJ>
<NF>2017</NF>
<QY>蔡甸区</QY>
<XH>34</XH>
</book><book>
<DATA_UP_STATUS>I</DATA_UP_STATUS>
<DATA_UP_TIME>0001-01-01</DATA_UP_TIME>
<DATA_UP_UUID>38</DATA_UP_UUID>
<DZ>湖北省武汉市蔡甸区玉贤镇农业服务中心</DZ>
<GN>公益服务、便民服务、电子商务服务、培训体验服务</GN>
<LXR>胡绪鹏</LXR>
<MC>？玉贤农业服务中心益农信息社？</MC>
<MJ>20</MJ>
<NF>2017</NF>
<QY>蔡甸区</QY>
<XH>38</XH>
</book><book>
<DATA_UP_STATUS>I</DATA_UP_STATUS>
<DATA_UP_TIME>0001-01-01</DATA_UP_TIME>
<DATA_UP_UUID>44</DATA_UP_UUID>
<DZ>滠口农业服务中心</DZ>
<GN>公益服务、便民服务、电子商务服务、培训体验服务</GN>
<LXR>黄小明</LXR>
<MC>？滠口农业服务中心益农信息社？</MC>
<MJ>20</MJ>
<NF>2017</NF>
<QY>黄陂区</QY>
<XH>44</XH>
</book><book>
<DATA_UP_STATUS>I</DATA_UP_STATUS>
<DATA_UP_TIME>0001-01-01</DATA_UP_TIME>
<DATA_UP_UUID>58</DATA_UP_UUID>
<DZ>新洲区 武政路8号</DZ>
<GN>公益服务、便民服务、电子商务服务、培训体验服务</GN>
<LXR>周俊英</LXR>
<MC>？新洲区旧街农业服务中心？</MC>
<MJ>50</MJ>
<NF>2018</NF>
<QY>新洲区</QY>
<XH>58</XH>
</book><book>
<DATA_UP_STATUS>I</DATA_UP_STATUS>
<DATA_UP_TIME>0001-01-01</DATA_UP_TIME>
<DATA_UP_UUID>4</DATA_UP_UUID>
<DZ>郭岭社区居委会</DZ>
<GN>公益服务、便民服务、电子商务服务、培训体验服务、休闲农业服务</GN>
<LXR>吴文婷</LXR>
<MC>江夏未来家园12316呼叫中心</MC>
<MJ>50</MJ>
<NF>2016</NF>
<QY>江夏区</QY>
<XH>4</XH>
</book><book>
<DATA_UP_STATUS>I</DATA_UP_STATUS>
<DATA_UP_TIME>0001-01-01</DATA_UP_TIME>
<DATA_UP_UUID>6</DATA_UP_UUID>
<DZ>湖北省武汉市江夏区山坡街道办事处</DZ>
<GN>公益服务、便民服务、电子商务服务、培训体验服务</GN>
<LXR>郭芬</LXR>
<MC>？山坡农业服务中心益农信息社？</MC>
<MJ>30</MJ>
<NF>2016</NF>
<QY>江夏区</QY>
<XH>6</XH>
</book><book>
<DATA_UP_STATUS>I</DATA_UP_STATUS>
<DATA_UP_TIME>0001-01-01</DATA_UP_TIME>
<DATA_UP_UUID>13</DATA_UP_UUID>
<DZ>湖北省武汉市江夏区舒安街道办事处梅林街47号</DZ>
<GN>公益服务、便民服务、电子商务服务、培训体验服务</GN>
<LXR>陈梦娇</LXR>
<MC>？舒安农业服务中心益农信息社？</MC>
<MJ>30</MJ>
<NF>2016</NF>
<QY>江夏区</QY>
<XH>13</XH>
</book><book>
<DATA_UP_STATUS>I</DATA_UP_STATUS>
<DATA_UP_TIME>0001-01-01</DATA_UP_TIME>
<DATA_UP_UUID>15</DATA_UP_UUID>
<DZ>湖北省武汉市新洲区李集街道农业服务中心</DZ>
<GN>公益服务、便民服务、电子商务服务、培训体验服务</GN>
<LXR>李建兵</LXR>
<MC>？李集街标准社？</MC>
<MJ>20</MJ>
<NF>2016</NF>
<QY>新洲区</QY>
<XH>15</XH>
</book><book>
<DATA_UP_STATUS>I</DATA_UP_STATUS>
<DATA_UP_TIME>0001-01-01</DATA_UP_TIME>
<DATA_UP_UUID>27</DATA_UP_UUID>
<DZ>黄陂区三里镇委附近（银湖大道北）</DZ>
<GN>公益服务、便民服务、电子商务服务、培训体验服务</GN>
<LXR>刘主任</LXR>
<MC>？黄陂三里镇农服中心标准社？</MC>
<MJ>20</MJ>
<NF>2016</NF>
<QY>黄陂区</QY>
<XH>27</XH>
</book><book>
<DATA_UP_STATUS>I</DATA_UP_STATUS>
<DATA_UP_TIME>0001-01-01</DATA_UP_TIME>
<DATA_UP_UUID>28</DATA_UP_UUID>
<DZ>黄陂区大潭原种场大潭村（银湖大道西）</DZ>
<GN>公益服务、便民服务、电子商务服务、培训体验服务</GN>
<LXR>罗主任</LXR>
<MC>？黄陂大潭农服中心标准社？</MC>
<MJ>20</MJ>
<NF>2016</NF>
<QY>黄陂区</QY>
<XH>28</XH>
</book><book>
<DATA_UP_STATUS>I</DATA_UP_STATUS>
<DATA_UP_TIME>0001-01-01</DATA_UP_TIME>
<DATA_UP_UUID>30</DATA_UP_UUID>
<DZ>湖北省武汉市黄陂区前川街道农服中心</DZ>
<GN>公益服务、便民服务、电子商务服务、培训体验服务</GN>
<LXR>褚主任</LXR>
<MC>？黄陂前川街道农服中心标准社？</MC>
<MJ>20</MJ>
<NF>2016</NF>
<QY>黄陂区</QY>
<XH>30</XH>
</book><book>
<DATA_UP_STATUS>I</DATA_UP_STATUS>
<DATA_UP_TIME>0001-01-01</DATA_UP_TIME>
<DATA_UP_UUID>35</DATA_UP_UUID>
<DZ>桐湖办事处综合文化站</DZ>
<GN>公益服务、便民服务、电子商务服务、培训体验服务</GN>
<LXR>李主任</LXR>
<MC>？桐湖农业服务中心益农信息社？</MC>
<MJ>15</MJ>
<NF>2017</NF>
<QY>蔡甸区</QY>
<XH>35</XH>
</book><book>
<DATA_UP_STATUS>I</DATA_UP_STATUS>
<DATA_UP_TIME>0001-01-01</DATA_UP_TIME>
<DATA_UP_UUID>26</DATA_UP_UUID>
<DZ>黄陂区木兰文化生态旅游区内</DZ>
<GN>公益服务、便民服务、电子商务服务、培训体验服务</GN>
<LXR>甚主任</LXR>
<MC>？黄陂木兰乡农服中心标准社？</MC>
<MJ>20</MJ>
<NF>2016</NF>
<QY>黄陂区</QY>
<XH>26</XH>
</book><book>
<DATA_UP_STATUS>I</DATA_UP_STATUS>
<DATA_UP_TIME>0001-01-01</DATA_UP_TIME>
<DATA_UP_UUID>41</DATA_UP_UUID>
<DZ>武汉市蔡甸区索河镇农业技术服务中心</DZ>
<GN>公益服务、便民服务、电子商务服务、培训体验服务</GN>
<LXR>刘主任</LXR>
<MC>？索河农业服务中心益农信息社？</MC>
<MJ>20</MJ>
<NF>2017</NF>
<QY>蔡甸区</QY>
<XH>41</XH>
</book><book>
<DATA_UP_STATUS>I</DATA_UP_STATUS>
<DATA_UP_TIME>0001-01-01</DATA_UP_TIME>
<DATA_UP_UUID>55</DATA_UP_UUID>
<DZ>学林路</DZ>
<GN>公益服务、便民服务、电子商务服务、培训体验服务</GN>
<LXR>雷文忠</LXR>
<MC>？新洲区双柳农业服务中心？</MC>
<MJ>50</MJ>
<NF>2018</NF>
<QY>新洲区</QY>
<XH>55</XH>
</book><book>
<DATA_UP_STATUS>I</DATA_UP_STATUS>
<DATA_UP_TIME>0001-01-01</DATA_UP_TIME>
<DATA_UP_UUID>11</DATA_UP_UUID>
<DZ>湖北省武汉市汉南区邓南街道办事处振兴街199号</DZ>
<GN>公益服务、便民服务、电子商务服务、培训体验服务</GN>
<LXR>徐主任</LXR>
<MC>？汉南邓南标准社？</MC>
<MJ>30</MJ>
<NF>2016</NF>
<QY>汉南区</QY>
<XH>11</XH>
</book><book>
<DATA_UP_STATUS>I</DATA_UP_STATUS>
<DATA_UP_TIME>0001-01-01</DATA_UP_TIME>
<DATA_UP_UUID>10</DATA_UP_UUID>
<DZ>湖北省武汉市江夏区安山街道办事处农服中心</DZ>
<GN>公益服务、便民服务、电子商务服务、培训体验服务</GN>
<LXR>雷梦秋</LXR>
<MC>？安山农业服务中心益农信息社？</MC>
<MJ>19.98</MJ>
<NF>2016</NF>
<QY>江夏区</QY>
<XH>10</XH>
</book><book>
<DATA_UP_STATUS>I</DATA_UP_STATUS>
<DATA_UP_TIME>0001-01-01</DATA_UP_TIME>
<DATA_UP_UUID>12</DATA_UP_UUID>
<DZ>湖北省武汉市江夏区金口街道老街农服中心</DZ>
<GN>公益服务、便民服务、电子商务服务、培训体验服务</GN>
<LXR>邓华文</LXR>
<MC>？金口农业服务中心益农信息社？</MC>
<MJ>30</MJ>
<NF>2016</NF>
<QY>江夏区</QY>
<XH>12</XH>
</book><book>
<DATA_UP_STATUS>I</DATA_UP_STATUS>
<DATA_UP_TIME>0001-01-01</DATA_UP_TIME>
<DATA_UP_UUID>16</DATA_UP_UUID>
<DZ>湖北省武汉市新洲区徐古街道镇级农服中心</DZ>
<GN>公益服务、便民服务、电子商务服务、培训体验服务</GN>
<LXR>陶兴龙</LXR>
<MC>？徐古镇农服中心标准社？</MC>
<MJ>24</MJ>
<NF>2016</NF>
<QY>新洲区</QY>
<XH>16</XH>
</book><book>
<DATA_UP_STATUS>I</DATA_UP_STATUS>
<DATA_UP_TIME>0001-01-01</DATA_UP_TIME>
<DATA_UP_UUID>37</DATA_UP_UUID>
<DZ>武汉市蔡甸区奓山农机站</DZ>
<GN>公益服务、便民服务、电子商务服务、培训体验服务</GN>
<LXR>殷庆胜</LXR>
<MC>？奓山农业服务中心益农信息社？</MC>
<MJ>20</MJ>
<NF>2017</NF>
<QY>蔡甸区</QY>
<XH>37</XH>
</book><book>
<DATA_UP_STATUS>I</DATA_UP_STATUS>
<DATA_UP_TIME>0001-01-01</DATA_UP_TIME>
<DATA_UP_UUID>39</DATA_UP_UUID>
<DZ>湖北省武汉市蔡甸区洪北管委会</DZ>
<GN>公益服务、便民服务、电子商务服务、培训体验服务</GN>
<LXR>李逵</LXR>
<MC>？洪北农业服务中心益农信息社？</MC>
<MJ>20</MJ>
<NF>2017</NF>
<QY>蔡甸区</QY>
<XH>39</XH>
</book><book>
<DATA_UP_STATUS>I</DATA_UP_STATUS>
<DATA_UP_TIME>0001-01-01</DATA_UP_TIME>
<DATA_UP_UUID>47</DATA_UP_UUID>
<DZ>盘龙城农业服务中心</DZ>
<GN>公益服务、便民服务、电子商务服务、培训体验服务</GN>
<LXR>冯威</LXR>
<MC>？盘龙城农业服务中心益农信息社？</MC>
<MJ>20</MJ>
<NF>2017</NF>
<QY>黄陂区</QY>
<XH>47</XH>
</book><book>
<DATA_UP_STATUS>I</DATA_UP_STATUS>
<DATA_UP_TIME>0001-01-01</DATA_UP_TIME>
<DATA_UP_UUID>52</DATA_UP_UUID>
<DZ>新洲区涨渡湖沐家泾路</DZ>
<GN>公益服务、便民服务、电子商务服务、培训体验服务</GN>
<LXR>江峰</LXR>
<MC>？新洲区涨渡湖农业服务中心？</MC>
<MJ>50</MJ>
<NF>2018</NF>
<QY>新洲区</QY>
<XH>52</XH>
</book><book>
<DATA_UP_STATUS>I</DATA_UP_STATUS>
<DATA_UP_TIME>0001-01-01</DATA_UP_TIME>
<DATA_UP_UUID>53</DATA_UP_UUID>
<DZ>新洲区邾城街道办事处</DZ>
<GN>公益服务、便民服务、电子商务服务、培训体验服务</GN>
<LXR>夏著斌</LXR>
<MC>？新洲区邾城农业服务中心？</MC>
<MJ>50</MJ>
<NF>2018</NF>
<QY>新洲区</QY>
<XH>53</XH>
</book><book>
<DATA_UP_STATUS>I</DATA_UP_STATUS>
<DATA_UP_TIME>0001-01-01</DATA_UP_TIME>
<DATA_UP_UUID>54</DATA_UP_UUID>
<DZ>新洲区店柳路122号</DZ>
<GN>公益服务、便民服务、电子商务服务、培训体验服务</GN>
<LXR>彭主任</LXR>
<MC>？新洲区三店农业服务中心？</MC>
<MJ>50</MJ>
<NF>2018</NF>
<QY>新洲区</QY>
<XH>54</XH>
</book><book>
<DATA_UP_STATUS>I</DATA_UP_STATUS>
<DATA_UP_TIME>0001-01-01</DATA_UP_TIME>
<DATA_UP_UUID>22</DATA_UP_UUID>
<DZ>湖北省武汉市黄陂区交通路169号</DZ>
<GN>公益服务、便民服务、电子商务服务、培训体验服务</GN>
<LXR>刘主任</LXR>
<MC>？黄陂李家集镇农服中心标准社？</MC>
<MJ>20</MJ>
<NF>2016</NF>
<QY>黄陂区</QY>
<XH>22</XH>
</book><book>
<DATA_UP_STATUS>I</DATA_UP_STATUS>
<DATA_UP_TIME>0001-01-01</DATA_UP_TIME>
<DATA_UP_UUID>25</DATA_UP_UUID>
<DZ>黄陂区双龙大道6号</DZ>
<GN>公益服务、便民服务、电子商务服务、培训体验服务</GN>
<LXR>万主任</LXR>
<MC>？黄陂姚家集镇农服中心标准社？</MC>
<MJ>20</MJ>
<NF>2016</NF>
<QY>黄陂区</QY>
<XH>25</XH>
</book><book>
<DATA_UP_STATUS>I</DATA_UP_STATUS>
<DATA_UP_TIME>0001-01-01</DATA_UP_TIME>
<DATA_UP_UUID>29</DATA_UP_UUID>
<DZ>湖北省武汉市东西湖区新沟镇街道办事处荷包湖农业服务中心一楼</DZ>
<GN>公益服务、便民服务、电子商务服务、培训体验服务</GN>
<LXR>贺主任</LXR>
<MC>？新沟镇农服中心社？</MC>
<MJ>40</MJ>
<NF>2016</NF>
<QY>东西湖区</QY>
<XH>29</XH>
</book><book>
<DATA_UP_STATUS>I</DATA_UP_STATUS>
<DATA_UP_TIME>0001-01-01</DATA_UP_TIME>
<DATA_UP_UUID>31</DATA_UP_UUID>
<DZ>湖北省武汉市黄陂区长轩岭街道新建路277号</DZ>
<GN>公益服务、便民服务、电子商务服务、培训体验服务</GN>
<LXR>丁主任</LXR>
<MC>？黄陂长轩岭镇农服中心标准社？</MC>
<MJ>20</MJ>
<NF>2016</NF>
<QY>黄陂区</QY>
<XH>31</XH>
</book><book>
<DATA_UP_STATUS>I</DATA_UP_STATUS>
<DATA_UP_TIME>0001-01-01</DATA_UP_TIME>
<DATA_UP_UUID>33</DATA_UP_UUID>
<DZ>湖北省武汉市蔡甸区消泗乡消泗乡街道办事处大厅</DZ>
<GN>公益服务、便民服务、电子商务服务、培训体验服务</GN>
<LXR>朱主任</LXR>
<MC>？消泗农业服务中心益农信息社？</MC>
<MJ>20</MJ>
<NF>2017</NF>
<QY>蔡甸区</QY>
<XH>33</XH>
</book><book>
<DATA_UP_STATUS>I</DATA_UP_STATUS>
<DATA_UP_TIME>0001-01-01</DATA_UP_TIME>
<DATA_UP_UUID>43</DATA_UP_UUID>
<DZ>天河街农业服务中心</DZ>
<GN>公益服务、便民服务、电子商务服务、培训体验服务</GN>
<LXR>王志勇</LXR>
<MC>？天河农业服务中心益农信息社？</MC>
<MJ>20</MJ>
<NF>2017</NF>
<QY>黄陂区</QY>
<XH>43</XH>
</book><book>
<DATA_UP_STATUS>I</DATA_UP_STATUS>
<DATA_UP_TIME>0001-01-01</DATA_UP_TIME>
<DATA_UP_UUID>49</DATA_UP_UUID>
<DZ>新洲区环形路82</DZ>
<GN>公益服务、便民服务、电子商务服务、培训体验服务</GN>
<LXR>洪海萍</LXR>
<MC>？新洲区辛冲农业服务中心？</MC>
<MJ>60</MJ>
<NF>2018</NF>
<QY>新洲区</QY>
<XH>49</XH>
</book><book>
<DATA_UP_STATUS>I</DATA_UP_STATUS>
<DATA_UP_TIME>0001-01-01</DATA_UP_TIME>
<DATA_UP_UUID>56</DATA_UP_UUID>
<DZ>新洲区 汽渡路183号</DZ>
<GN>公益服务、便民服务、电子商务服务、培训体验服务</GN>
<LXR>詹主任</LXR>
<MC>？新洲区阳逻农业服务中心？</MC>
<MJ>60</MJ>
<NF>2018</NF>
<QY>新洲区</QY>
<XH>56</XH>
</book>
</books>