﻿data_up_status,data_up_time,data_up_uuid,dz,gn,lxr,mc,mj,nf,qy,xh
I,0001-01-01,3,湖北省武汉市江夏区法泗农业服务中心（55号）,公益服务、便民服务、电子商务服务、培训体验服务,廖佩,？法泗农业服务中心益农信息社？,40,2015,江夏区,3
I,0001-01-01,8,黄陂区木兰山木兰文化生态旅游区,公益服务、便民服务、电子商务服务、培训体验服务,彭主任,？黄陂木兰山农服中心益农信息社？,20,2016,黄陂区,8
I,0001-01-01,9,湖北省武汉市汉南区东荆街道办事处,公益服务、便民服务、电子商务服务、培训体验服务,梅主任,？汉南东荆标准社？,30,2016,汉南区,9
I,0001-01-01,18,湖北省武汉市新洲区汪集街道镇级农服中心,公益服务、便民服务、电子商务服务、培训体验服务,余主任,？汪集街农服中心标准社？,28,2016,新洲区,18
I,0001-01-01,21,湖北省武汉市黄陂区朝前街144号,公益服务、便民服务、电子商务服务、培训体验服务,明主任,？黄陂祁家湾镇农服中心标准社？,20,2016,黄陂区,21
I,0001-01-01,32,仓埠山庄,公益服务、便民服务、电子商务服务、培训体验服务、休闲农业服务,夏小康,新洲信息进村入户运营中心,150,2017,新洲区,32
I,0001-01-01,36,湖北省武汉市蔡甸区永安街万岭村委会,公益服务、便民服务、电子商务服务、培训体验服务,张科长,？永安农业服务中心益农信息社？,20,2017,蔡甸区,36
I,0001-01-01,40,侏儒街农产品质量安全检查站,公益服务、便民服务、电子商务服务、培训体验服务,周主任,？侏儒农业服务中心益农信息社？,20,2017,蔡甸区,40
I,0001-01-01,46,武湖农业服务中心,公益服务、便民服务、电子商务服务、培训体验服务,张涛,？武湖农业服务中心益农信息社？,20,2017,黄陂区,46
I,0001-01-01,48,蔡甸区西河街南路25号成功管委会,公益服务、便民服务、电子商务服务、培训体验服务,肖红兵,？成功管委会农业服务中心？,30,2017,蔡甸区,48
I,0001-01-01,51,新洲区潘塘路139号,公益服务、便民服务、电子商务服务、培训体验服务,贺启志,？潘塘农业服务中心？,50,2018,新洲区,51
I,0001-01-01,57,新洲区新凤大道39号,公益服务、便民服务、电子商务服务、培训体验服务,肖玉英,？新洲区凤凰镇农业服务中心？,50,2018,新洲区,57
I,0001-01-01,59,花博汇,公益服务、便民服务、电子商务服务、培训体验服务、休闲农业服务,徐亮,蔡甸区益农信息社运营中心,700,2019,蔡甸区,59
I,0001-01-01,1,湖北省武汉市江夏区郑店街纸金东路44号,公益服务、便民服务、电子商务服务、培训体验服务,童红贵,？郑店农业服务中心益农信息社？,30,2015,江夏区,1
I,0001-01-01,7,湖北省武汉市江夏区湖泗镇农业服务中心（福桥街99号附近）,公益服务、便民服务、电子商务服务、培训体验服务,倪军,？湖泗农业服务中心益农信息社？,25,2016,江夏区,7
I,0001-01-01,2,湖北省武汉市江夏区乌龙泉街道土地堂南街42号,公益服务、便民服务、电子商务服务、培训体验服务,平磊,？乌龙泉农业服务中心益农信息社？,19.98,2015,江夏区,2
I,0001-01-01,5,官田村,公益服务、便民服务、电子商务服务、培训体验服务、休闲农业服务,许冰波,黄陂区信息进村入户运营中心,1000,2016,黄陂区,5
I,0001-01-01,20,湖北省武汉市黄陂区六指街道,公益服务、便民服务、电子商务服务、培训体验服务,唐主任,？黄陂六指街农服中心标准社？,20,2016,黄陂区,20
I,0001-01-01,24,湖北省武汉市黄陂区木兰文化生态旅游区内（腊梅街西）,公益服务、便民服务、电子商务服务、培训体验服务,王书记,？黄陂蔡店镇农服中心标准社？,20,2016,黄陂区,24
I,0001-01-01,42,湖北省武汉市黄陂区木兰文化生态旅游区（群益大街南）,公益服务、便民服务、电子商务服务、培训体验服务,吴主任,？黄陂王家河镇农服中心标准社？,20,2017,黄陂区,42
I,0001-01-01,45,横店农业服务中心,公益服务、便民服务、电子商务服务、培训体验服务,张向荣,？横店农业服务中心益农信息社？,20,2017,黄陂区,45
I,0001-01-01,50,新洲区旅游大道186号,公益服务、便民服务、电子商务服务、培训体验服务,石保林,？道观河农业服务中心？,50,2018,新洲区,50
I,0001-01-01,14,湖北省武汉市江夏区金水办事处农服中心,公益服务、便民服务、电子商务服务、培训体验服务,董明桃,？金水闸农业服务中心益农信息社？,20,2016,江夏区,14
I,0001-01-01,17,黄陂区罗汉寺东升路107号,公益服务、便民服务、电子商务服务、培训体验服务,鲍主任,？黄陂罗汉镇农服中心标准社？,20,2016,黄陂区,17
I,0001-01-01,19,湖北省武汉市新洲区仓埠街道办事处,公益服务、便民服务、电子商务服务、培训体验服务,张主任,？仓埠镇农服中心标准社？,25,2016,新洲区,19
I,0001-01-01,23,湖北省武汉市黄陂区民群大街13号,公益服务、便民服务、电子商务服务、培训体验服务,占主任,？黄陂蔡榨镇农服中心标准社？,20,2016,黄陂区,23
I,0001-01-01,34,湖北省武汉市蔡甸区张湾街道办事处,公益服务、便民服务、电子商务服务、培训体验服务,王红霞,？张湾农业服务中心益农信息社？,20,2017,蔡甸区,34
I,0001-01-01,38,湖北省武汉市蔡甸区玉贤镇农业服务中心,公益服务、便民服务、电子商务服务、培训体验服务,胡绪鹏,？玉贤农业服务中心益农信息社？,20,2017,蔡甸区,38
I,0001-01-01,44,滠口农业服务中心,公益服务、便民服务、电子商务服务、培训体验服务,黄小明,？滠口农业服务中心益农信息社？,20,2017,黄陂区,44
I,0001-01-01,58,新洲区 武政路8号,公益服务、便民服务、电子商务服务、培训体验服务,周俊英,？新洲区旧街农业服务中心？,50,2018,新洲区,58
I,0001-01-01,4,郭岭社区居委会,公益服务、便民服务、电子商务服务、培训体验服务、休闲农业服务,吴文婷,江夏未来家园12316呼叫中心,50,2016,江夏区,4
I,0001-01-01,6,湖北省武汉市江夏区山坡街道办事处,公益服务、便民服务、电子商务服务、培训体验服务,郭芬,？山坡农业服务中心益农信息社？,30,2016,江夏区,6
I,0001-01-01,13,湖北省武汉市江夏区舒安街道办事处梅林街47号,公益服务、便民服务、电子商务服务、培训体验服务,陈梦娇,？舒安农业服务中心益农信息社？,30,2016,江夏区,13
I,0001-01-01,15,湖北省武汉市新洲区李集街道农业服务中心,公益服务、便民服务、电子商务服务、培训体验服务,李建兵,？李集街标准社？,20,2016,新洲区,15
I,0001-01-01,27,黄陂区三里镇委附近（银湖大道北）,公益服务、便民服务、电子商务服务、培训体验服务,刘主任,？黄陂三里镇农服中心标准社？,20,2016,黄陂区,27
I,0001-01-01,28,黄陂区大潭原种场大潭村（银湖大道西）,公益服务、便民服务、电子商务服务、培训体验服务,罗主任,？黄陂大潭农服中心标准社？,20,2016,黄陂区,28
I,0001-01-01,30,湖北省武汉市黄陂区前川街道农服中心,公益服务、便民服务、电子商务服务、培训体验服务,褚主任,？黄陂前川街道农服中心标准社？,20,2016,黄陂区,30
I,0001-01-01,35,桐湖办事处综合文化站,公益服务、便民服务、电子商务服务、培训体验服务,李主任,？桐湖农业服务中心益农信息社？,15,2017,蔡甸区,35
I,0001-01-01,26,黄陂区木兰文化生态旅游区内,公益服务、便民服务、电子商务服务、培训体验服务,甚主任,？黄陂木兰乡农服中心标准社？,20,2016,黄陂区,26
I,0001-01-01,41,武汉市蔡甸区索河镇农业技术服务中心,公益服务、便民服务、电子商务服务、培训体验服务,刘主任,？索河农业服务中心益农信息社？,20,2017,蔡甸区,41
I,0001-01-01,55,学林路,公益服务、便民服务、电子商务服务、培训体验服务,雷文忠,？新洲区双柳农业服务中心？,50,2018,新洲区,55
I,0001-01-01,11,湖北省武汉市汉南区邓南街道办事处振兴街199号,公益服务、便民服务、电子商务服务、培训体验服务,徐主任,？汉南邓南标准社？,30,2016,汉南区,11
I,0001-01-01,22,湖北省武汉市黄陂区交通路169号,公益服务、便民服务、电子商务服务、培训体验服务,刘主任,？黄陂李家集镇农服中心标准社？,20,2016,黄陂区,22
I,0001-01-01,25,黄陂区双龙大道6号,公益服务、便民服务、电子商务服务、培训体验服务,万主任,？黄陂姚家集镇农服中心标准社？,20,2016,黄陂区,25
I,0001-01-01,29,湖北省武汉市东西湖区新沟镇街道办事处荷包湖农业服务中心一楼,公益服务、便民服务、电子商务服务、培训体验服务,贺主任,？新沟镇农服中心社？,40,2016,东西湖区,29
I,0001-01-01,31,湖北省武汉市黄陂区长轩岭街道新建路277号,公益服务、便民服务、电子商务服务、培训体验服务,丁主任,？黄陂长轩岭镇农服中心标准社？,20,2016,黄陂区,31
I,0001-01-01,33,湖北省武汉市蔡甸区消泗乡消泗乡街道办事处大厅,公益服务、便民服务、电子商务服务、培训体验服务,朱主任,？消泗农业服务中心益农信息社？,20,2017,蔡甸区,33
I,0001-01-01,43,天河街农业服务中心,公益服务、便民服务、电子商务服务、培训体验服务,王志勇,？天河农业服务中心益农信息社？,20,2017,黄陂区,43
I,0001-01-01,49,新洲区环形路82,公益服务、便民服务、电子商务服务、培训体验服务,洪海萍,？新洲区辛冲农业服务中心？,60,2018,新洲区,49
I,0001-01-01,56,新洲区 汽渡路183号,公益服务、便民服务、电子商务服务、培训体验服务,詹主任,？新洲区阳逻农业服务中心？,60,2018,新洲区,56
I,0001-01-01,10,湖北省武汉市江夏区安山街道办事处农服中心,公益服务、便民服务、电子商务服务、培训体验服务,雷梦秋,？安山农业服务中心益农信息社？,19.98,2016,江夏区,10
I,0001-01-01,12,湖北省武汉市江夏区金口街道老街农服中心,公益服务、便民服务、电子商务服务、培训体验服务,邓华文,？金口农业服务中心益农信息社？,30,2016,江夏区,12
I,0001-01-01,16,湖北省武汉市新洲区徐古街道镇级农服中心,公益服务、便民服务、电子商务服务、培训体验服务,陶兴龙,？徐古镇农服中心标准社？,24,2016,新洲区,16
I,0001-01-01,37,武汉市蔡甸区奓山农机站,公益服务、便民服务、电子商务服务、培训体验服务,殷庆胜,？奓山农业服务中心益农信息社？,20,2017,蔡甸区,37
I,0001-01-01,39,湖北省武汉市蔡甸区洪北管委会,公益服务、便民服务、电子商务服务、培训体验服务,李逵,？洪北农业服务中心益农信息社？,20,2017,蔡甸区,39
I,0001-01-01,47,盘龙城农业服务中心,公益服务、便民服务、电子商务服务、培训体验服务,冯威,？盘龙城农业服务中心益农信息社？,20,2017,黄陂区,47
I,0001-01-01,52,新洲区涨渡湖沐家泾路,公益服务、便民服务、电子商务服务、培训体验服务,江峰,？新洲区涨渡湖农业服务中心？,50,2018,新洲区,52
I,0001-01-01,53,新洲区邾城街道办事处,公益服务、便民服务、电子商务服务、培训体验服务,夏著斌,？新洲区邾城农业服务中心？,50,2018,新洲区,53
I,0001-01-01,54,新洲区店柳路122号,公益服务、便民服务、电子商务服务、培训体验服务,彭主任,？新洲区三店农业服务中心？,50,2018,新洲区,54
